Year,Site,collector ID,nYOY,nWI
2008,Arisaig,1,NA,1
2008,Arisaig,2,NA,1
2008,Arisaig,3,1,NA
2008,Arisaig,4,NA,NA
2008,Arisaig,5,NA,NA
2008,Arisaig,7,NA,NA
2008,Arisaig,8,NA,NA
2008,Arisaig,9,NA,NA
2008,Arisaig,10,NA,NA
2008,Arisaig,11,NA,NA
2008,Arisaig,12,NA,NA
2008,Arisaig,13,NA,NA
2008,Arisaig,14,NA,NA
2008,Arisaig,15,NA,NA
2008,Arisaig,16,NA,NA
2008,Arisaig,17,NA,NA
2008,Arisaig,18,NA,NA
2008,Arisaig,19,NA,NA
2008,Arisaig,20,NA,NA
2008,Arisaig,21,NA,NA
2008,Arisaig,22,NA,1
2008,Arisaig,23,NA,NA
2008,Arisaig,24,NA,NA
2008,Arisaig,25,NA,NA
2008,Arisaig,26,NA,NA
2008,Arisaig,27,NA,NA
2008,Arisaig,28,NA,NA
2008,Arisaig,29,NA,NA
2008,Arisaig,30,NA,NA
2008,Bedeque,1,NA,NA
2008,Bedeque,2,NA,NA
2008,Bedeque,3,NA,NA
2008,Bedeque,4,NA,NA
2008,Bedeque,5,NA,NA
2008,Bedeque,6,NA,NA
2008,Bedeque,7,NA,NA
2008,Bedeque,8,NA,NA
2008,Bedeque,9,NA,NA
2008,Bedeque,10,NA,NA
2008,Bedeque,11,NA,NA
2008,Bedeque,12,NA,NA
2008,Bedeque,13,NA,NA
2008,Bedeque,14,NA,NA
2008,Bedeque,15,NA,NA
2008,Bedeque,16,NA,NA
2008,Bedeque,17,NA,NA
2008,Bedeque,18,NA,NA
2008,Bedeque,19,NA,NA
2008,Bedeque,20,NA,NA
2008,Bedeque,21,NA,NA
2008,Bedeque,22,NA,NA
2008,Bedeque,23,NA,NA
2008,Bedeque,24,NA,NA
2008,Bedeque,25,NA,NA
2008,Bedeque,26,NA,NA
2008,Bedeque,27,NA,NA
2008,Bedeque,28,NA,NA
2008,Bedeque,29,NA,NA
2008,Bedeque,30,NA,NA
2008,Caraquet,1,NA,2
2008,Caraquet,2,NA,1
2008,Caraquet,3,NA,NA
2008,Caraquet,4,NA,NA
2008,Caraquet,6,NA,1
2008,Caraquet,7,NA,2
2008,Caraquet,8,NA,2
2008,Caraquet,9,NA,NA
2008,Caraquet,10,NA,3
2008,Caraquet,11,NA,3
2008,Caraquet,12,NA,NA
2008,Caraquet,13,NA,2
2008,Caraquet,14,NA,1
2008,Caraquet,15,NA,2
2008,Caraquet,16,NA,NA
2008,Caraquet,17,NA,2
2008,Caraquet,18,NA,1
2008,Caraquet,19,NA,1
2008,Caraquet,20,NA,3
2008,Caraquet,22,NA,1
2008,Caraquet,23,NA,1
2008,Caraquet,24,NA,1
2008,Caraquet,25,NA,2
2008,Caraquet,26,NA,1
2008,Caraquet,27,NA,2
2008,Caraquet,28,NA,1
2008,Caraquet,29,NA,NA
2008,Caraquet,30,NA,NA
2008,Covehead,1,NA,3
2008,Covehead,2,NA,2
2008,Covehead,3,NA,2
2008,Covehead,4,NA,1
2008,Covehead,5,NA,2
2008,Covehead,6,NA,2
2008,Covehead,7,NA,1
2008,Covehead,8,NA,2
2008,Covehead,9,NA,NA
2008,Covehead,10,NA,1
2008,Covehead,11,NA,1
2008,Covehead,12,NA,2
2008,Covehead,13,NA,2
2008,Covehead,14,NA,1
2008,Covehead,15,NA,1
2008,Covehead,16,NA,2
2008,Covehead,17,NA,2
2008,Covehead,18,NA,NA
2008,Covehead,19,NA,1
2008,Covehead,20,NA,1
2008,Covehead,21,NA,2
2008,Covehead,23,NA,1
2008,Covehead,24,NA,1
2008,Covehead,25,NA,1
2008,Covehead,26,1,NA
2008,Covehead,27,2,2
2008,Covehead,28,1,1
2008,Covehead,29,1,2
2008,Covehead,30,1,1
2008,Neguac,1,NA,2
2008,Neguac,2,NA,2
2008,Neguac,3,NA,3
2008,Neguac,4,1,2
2008,Neguac,5,NA,2
2008,Neguac,6,NA,3
2008,Neguac,7,NA,3
2008,Neguac,8,NA,3
2008,Neguac,9,1,2
2008,Neguac,10,NA,2
2008,Neguac,11,NA,2
2008,Neguac,12,NA,NA
2008,Neguac,13,1,1
2008,Neguac,14,NA,3
2008,Neguac,15,NA,4
2008,Neguac,16,NA,2
2008,Neguac,17,1,2
2008,Neguac,18,NA,2
2008,Neguac,19,1,2
2008,Neguac,20,NA,2
2008,Neguac,21,1,2
2008,Neguac,22,NA,4
2008,Neguac,23,NA,2
2008,Neguac,24,NA,3
2008,Neguac,25,NA,4
2008,Neguac,26,NA,2
2008,Neguac,27,2,2
2008,Neguac,28,1,2
2008,Neguac,29,NA,3
2008,Neguac,30,NA,3
2008,Shediac,1,NA,NA
2008,Shediac,2,NA,NA
2008,Shediac,3,NA,NA
2008,Shediac,4,NA,NA
2008,Shediac,5,NA,NA
2008,Shediac,6,NA,NA
2008,Shediac,7,NA,NA
2008,Shediac,8,NA,NA
2008,Shediac,9,NA,NA
2008,Shediac,10,NA,NA
2008,Shediac,11,NA,NA
2008,Shediac,12,NA,1
2008,Shediac,13,NA,1
2008,Shediac,14,NA,NA
2008,Shediac,15,NA,NA
2008,Shediac,16,NA,NA
2008,Shediac,17,NA,NA
2008,Shediac,18,NA,NA
2008,Shediac,19,NA,NA
2008,Shediac,20,NA,1
2008,Shediac,21,NA,NA
2008,Shediac,22,NA,NA
2008,Shediac,23,NA,NA
2008,Shediac,24,NA,1
2008,Shediac,25,NA,NA
2008,Shediac,26,NA,NA
2008,Shediac,27,NA,NA
2008,Shediac,28,NA,NA
2008,Shediac,29,NA,NA
2008,Shediac,30,NA,NA
2009,Alberton,661,1,1
2009,Alberton,662,NA,3
2009,Alberton,663,NA,1
2009,Alberton,664,1,3
2009,Alberton,665,NA,2
2009,Alberton,666,NA,4
2009,Alberton,667,NA,3
2009,Alberton,668,1,1
2009,Alberton,669,NA,1
2009,Alberton,670,1,2
2009,Alberton,671,NA,3
2009,Alberton,673,NA,1
2009,Alberton,675,NA,4
2009,Alberton,676,1,3
2009,Alberton,678,2,4
2009,Alberton,679,NA,5
2009,Alberton,680,NA,1
2009,Alberton,681,NA,2
2009,Alberton,682,NA,3
2009,Alberton,683,1,2
2009,Alberton,685,NA,2
2009,Alberton,686,1,1
2009,Alberton,687,NA,2
2009,Alberton,688,2,4
2009,Alberton,689,NA,1
2009,Alberton,690,1,1
2009,Arisaig,182,NA,NA
2009,Arisaig,192,NA,NA
2009,Arisaig,193,NA,NA
2009,Arisaig,194,NA,NA
2009,Arisaig,195,NA,NA
2009,Arisaig,196,NA,NA
2009,Arisaig,463,2,NA
2009,Arisaig,465,NA,NA
2009,Arisaig,470,NA,NA
2009,Arisaig,474,NA,NA
2009,Arisaig,476,NA,NA
2009,Arisaig,479,NA,NA
2009,Arisaig,481,NA,1
2009,Arisaig,486,NA,NA
2009,Arisaig,495,1,NA
2009,Arisaig,781,NA,NA
2009,Arisaig,782,NA,NA
2009,Arisaig,783,NA,NA
2009,Arisaig,785,NA,NA
2009,Arisaig,786,NA,NA
2009,Arisaig,787,NA,NA
2009,Arisaig,791,NA,NA
2009,Arisaig,793,NA,NA
2009,Arisaig,798,NA,NA
2009,Arisaig,800,NA,NA
2009,Covehead,601,NA,1
2009,Covehead,602,1,NA
2009,Covehead,603,NA,NA
2009,Covehead,604,1,NA
2009,Covehead,605,1,NA
2009,Covehead,606,NA,4
2009,Covehead,607,NA,1
2009,Covehead,608,2,1
2009,Covehead,609,2,1
2009,Covehead,610,NA,1
2009,Covehead,611,NA,3
2009,Covehead,612,NA,1
2009,Covehead,613,NA,3
2009,Covehead,614,NA,3
2009,Covehead,615,NA,NA
2009,Covehead,616,NA,NA
2009,Covehead,617,NA,1
2009,Covehead,618,NA,1
2009,Covehead,619,1,2
2009,Covehead,620,NA,1
2009,Covehead,621,NA,3
2009,Covehead,622,NA,NA
2009,Covehead,623,NA,2
2009,Covehead,624,1,1
2009,Covehead,625,NA,1
2009,Covehead,626,NA,NA
2009,Covehead,627,NA,2
2009,Covehead,628,NA,2
2009,Covehead,629,NA,NA
2009,Covehead,630,NA,1
2009,Fortune,631,1,NA
2009,Fortune,632,NA,NA
2009,Fortune,633,1,1
2009,Fortune,634,NA,NA
2009,Fortune,635,NA,1
2009,Fortune,636,NA,1
2009,Fortune,637,NA,NA
2009,Fortune,638,NA,1
2009,Fortune,639,NA,NA
2009,Fortune,640,NA,NA
2009,Fortune,641,NA,NA
2009,Fortune,642,NA,NA
2009,Fortune,643,1,NA
2009,Fortune,644,NA,NA
2009,Fortune,645,NA,1
2009,Fortune,646,NA,NA
2009,Fortune,648,NA,1
2009,Fortune,649,NA,NA
2009,Fortune,650,NA,2
2009,Fortune,651,NA,NA
2009,Fortune,652,NA,1
2009,Fortune,653,NA,1
2009,Fortune,654,NA,NA
2009,Fortune,655,NA,NA
2009,Fortune,656,NA,NA
2009,Fortune,657,NA,NA
2009,Fortune,658,NA,1
2009,Fortune,659,NA,1
2009,Fortune,660,NA,NA
2009,Murray Harbour,691,NA,NA
2009,Murray Harbour,692,NA,NA
2009,Murray Harbour,693,NA,NA
2009,Murray Harbour,695,NA,NA
2009,Murray Harbour,696,NA,NA
2009,Murray Harbour,697,NA,NA
2009,Murray Harbour,699,NA,NA
2009,Murray Harbour,700,NA,NA
2009,Murray Harbour,701,NA,NA
2009,Murray Harbour,703,NA,NA
2009,Murray Harbour,704,NA,NA
2009,Murray Harbour,705,NA,1
2009,Murray Harbour,706,NA,NA
2009,Murray Harbour,707,NA,NA
2009,Murray Harbour,708,NA,NA
2009,Murray Harbour,709,NA,1
2009,Murray Harbour,710,NA,1
2009,Murray Harbour,712,NA,NA
2009,Murray Harbour,713,NA,NA
2009,Murray Harbour,714,NA,NA
2009,Murray Harbour,716,NA,NA
2009,Murray Harbour,717,NA,NA
2009,Murray Harbour,718,NA,NA
2009,Murray Harbour,719,NA,NA
2009,Murray Harbour,720,NA,NA
2009,Nine Mile Creek,721,NA,NA
2009,Nine Mile Creek,722,NA,NA
2009,Nine Mile Creek,723,NA,NA
2009,Nine Mile Creek,724,NA,NA
2009,Nine Mile Creek,725,NA,NA
2009,Nine Mile Creek,726,NA,NA
2009,Nine Mile Creek,727,NA,NA
2009,Nine Mile Creek,728,NA,NA
2009,Nine Mile Creek,729,NA,NA
2009,Nine Mile Creek,730,NA,NA
2009,Nine Mile Creek,731,NA,NA
2009,Nine Mile Creek,732,1,NA
2009,Nine Mile Creek,733,NA,NA
2009,Nine Mile Creek,734,NA,NA
2009,Nine Mile Creek,735,NA,NA
2009,Nine Mile Creek,736,NA,NA
2009,Nine Mile Creek,737,NA,NA
2009,Nine Mile Creek,738,NA,NA
2009,Nine Mile Creek,739,NA,NA
2009,Nine Mile Creek,740,NA,NA
2009,Nine Mile Creek,741,NA,NA
2009,Nine Mile Creek,742,NA,NA
2009,Nine Mile Creek,743,NA,NA
2009,Nine Mile Creek,744,NA,NA
2009,Nine Mile Creek,745,NA,NA
2009,Nine Mile Creek,746,NA,NA
2009,Nine Mile Creek,747,NA,NA
2009,Nine Mile Creek,748,NA,NA
2009,Nine Mile Creek,749,NA,NA
2009,Nine Mile Creek,750,NA,NA
2009,Skinner's Pond,751,NA,NA
2009,Skinner's Pond,752,NA,NA
2009,Skinner's Pond,753,NA,NA
2009,Skinner's Pond,754,NA,NA
2009,Skinner's Pond,756,NA,NA
2009,Skinner's Pond,757,NA,NA
2009,Skinner's Pond,758,NA,1
2009,Skinner's Pond,759,1,NA
2009,Skinner's Pond,761,NA,NA
2009,Skinner's Pond,762,NA,NA
2009,Skinner's Pond,763,NA,NA
2009,Skinner's Pond,764,NA,2
2009,Skinner's Pond,765,NA,NA
2009,Skinner's Pond,766,NA,NA
2009,Skinner's Pond,767,NA,NA
2009,Skinner's Pond,768,NA,NA
2009,Skinner's Pond,769,NA,NA
2009,Skinner's Pond,772,NA,NA
2009,Skinner's Pond,773,NA,NA
2009,Skinner's Pond,774,NA,NA
2009,Skinner's Pond,775,NA,NA
2009,Skinner's Pond,777,NA,NA
2009,Skinner's Pond,778,1,NA
2009,Skinner's Pond,779,NA,NA
2009,Skinner's Pond,780,NA,NA
2010,Alberton,1811,2,1
2010,Alberton,1812,NA,2
2010,Alberton,1814,1,1
2010,Alberton,1815,1,2
2010,Alberton,1816,2,3
2010,Alberton,1817,NA,NA
2010,Alberton,1818,NA,2
2010,Alberton,1819,NA,1
2010,Alberton,1820,4,4
2010,Alberton,1821,3,2
2010,Alberton,1822,NA,1
2010,Alberton,1823,NA,4
2010,Alberton,1824,2,1
2010,Alberton,1825,NA,1
2010,Alberton,1826,2,1
2010,Alberton,1827,1,2
2010,Alberton,1828,NA,1
2010,Alberton,1829,1,2
2010,Alberton,1830,3,2
2010,Alberton,1831,1,NA
2010,Alberton,1832,NA,NA
2010,Alberton,1833,1,3
2010,Alberton,1834,1,3
2010,Alberton,1835,2,NA
2010,Alberton,1836,NA,2
2010,Alberton,1837,NA,2
2010,Alberton,1838,2,1
2010,Alberton,1840,2,4
2010,Arisaig,2034,NA,NA
2010,Arisaig,2035,NA,NA
2010,Arisaig,2036,NA,NA
2010,Arisaig,2037,NA,NA
2010,Arisaig,2038,NA,NA
2010,Arisaig,2039,NA,NA
2010,Arisaig,2040,1,NA
2010,Arisaig,2041,NA,1
2010,Arisaig,2042,NA,NA
2010,Arisaig,2043,NA,1
2010,Arisaig,2044,NA,NA
2010,Arisaig,2045,NA,NA
2010,Arisaig,2046,NA,NA
2010,Arisaig,2047,NA,NA
2010,Arisaig,2048,NA,NA
2010,Arisaig,2049,NA,NA
2010,Arisaig,2050,NA,NA
2010,Arisaig,2051,NA,NA
2010,Arisaig,2052,NA,NA
2010,Arisaig,2053,NA,NA
2010,Arisaig,2054,NA,NA
2010,Arisaig,2055,NA,NA
2010,Arisaig,2056,NA,NA
2010,Arisaig,2057,1,NA
2010,Arisaig,2058,NA,NA
2010,Arisaig,2059,NA,NA
2010,Arisaig,2060,NA,NA
2010,Arisaig,2061,NA,NA
2010,Arisaig,2062,NA,NA
2010,Arisaig,2063,NA,NA
2010,Covehead,1718,NA,1
2010,Covehead,1719,NA,NA
2010,Covehead,1720,NA,2
2010,Covehead,1721,1,NA
2010,Covehead,1722,NA,2
2010,Covehead,1723,1,2
2010,Covehead,1724,NA,2
2010,Covehead,1725,NA,1
2010,Covehead,1726,1,1
2010,Covehead,1727,NA,1
2010,Covehead,1728,NA,2
2010,Covehead,1729,2,NA
2010,Covehead,1730,NA,1
2010,Covehead,1731,NA,NA
2010,Covehead,1732,2,2
2010,Covehead,1733,NA,NA
2010,Covehead,1734,NA,1
2010,Covehead,1735,NA,2
2010,Covehead,1736,NA,2
2010,Covehead,1737,NA,1
2010,Covehead,1738,1,2
2010,Covehead,1739,NA,NA
2010,Covehead,1742,NA,NA
2010,Covehead,1743,NA,1
2010,Covehead,1744,NA,NA
2010,Covehead,1745,NA,1
2010,Covehead,1746,NA,1
2010,Fortune,1706,2,2
2010,Fortune,1777,2,NA
2010,Fortune,1778,1,1
2010,Fortune,1779,1,1
2010,Fortune,1780,NA,1
2010,Fortune,1782,1,1
2010,Fortune,1783,1,NA
2010,Fortune,1784,1,2
2010,Fortune,1785,2,NA
2010,Fortune,1786,2,NA
2010,Fortune,1787,NA,1
2010,Fortune,1788,2,1
2010,Fortune,1789,1,1
2010,Fortune,1790,1,2
2010,Fortune,1791,2,NA
2010,Fortune,1792,NA,1
2010,Fortune,1793,2,NA
2010,Fortune,1794,1,NA
2010,Fortune,1795,2,2
2010,Fortune,1796,1,2
2010,Fortune,1797,1,NA
2010,Fortune,1798,NA,1
2010,Fortune,1799,2,1
2010,Fortune,1800,1,2
2010,Fortune,1801,NA,1
2010,Fortune,1802,NA,2
2010,Fortune,1803,NA,NA
2010,Fortune,1804,1,1
2010,Fortune,1805,1,2
2010,Murray Harbour,1747,NA,NA
2010,Murray Harbour,1748,1,NA
2010,Murray Harbour,1749,NA,1
2010,Murray Harbour,1750,2,NA
2010,Murray Harbour,1751,1,NA
2010,Murray Harbour,1752,NA,1
2010,Murray Harbour,1753,1,NA
2010,Murray Harbour,1754,NA,NA
2010,Murray Harbour,1755,1,NA
2010,Murray Harbour,1756,NA,NA
2010,Murray Harbour,1757,NA,NA
2010,Murray Harbour,1758,NA,NA
2010,Murray Harbour,1759,NA,NA
2010,Murray Harbour,1760,1,NA
2010,Murray Harbour,1761,2,NA
2010,Murray Harbour,1762,NA,NA
2010,Murray Harbour,1763,NA,1
2010,Murray Harbour,1764,2,NA
2010,Murray Harbour,1765,NA,NA
2010,Murray Harbour,1766,NA,NA
2010,Murray Harbour,1767,1,NA
2010,Murray Harbour,1768,1,NA
2010,Murray Harbour,1769,NA,NA
2010,Murray Harbour,1770,NA,NA
2010,Murray Harbour,1771,2,1
2010,Murray Harbour,1772,NA,NA
2010,Murray Harbour,1773,NA,NA
2010,Murray Harbour,1774,1,1
2010,Murray Harbour,1775,1,1
2010,Murray Harbour,1776,NA,NA
2010,Nine Mile Creek,1841,NA,NA
2010,Nine Mile Creek,1842,NA,NA
2010,Nine Mile Creek,1843,NA,NA
2010,Nine Mile Creek,1844,NA,NA
2010,Nine Mile Creek,1845,NA,NA
2010,Nine Mile Creek,1846,NA,NA
2010,Nine Mile Creek,1847,NA,NA
2010,Nine Mile Creek,1848,NA,NA
2010,Nine Mile Creek,1849,NA,NA
2010,Nine Mile Creek,1850,NA,NA
2010,Nine Mile Creek,1851,NA,NA
2010,Nine Mile Creek,1852,NA,NA
2010,Nine Mile Creek,1853,NA,NA
2010,Nine Mile Creek,1854,NA,NA
2010,Nine Mile Creek,1855,NA,NA
2010,Nine Mile Creek,1856,NA,NA
2010,Nine Mile Creek,1857,NA,NA
2010,Nine Mile Creek,1858,NA,NA
2010,Nine Mile Creek,1859,NA,NA
2010,Nine Mile Creek,1860,NA,NA
2010,Nine Mile Creek,1861,NA,NA
2010,Nine Mile Creek,1862,NA,NA
2010,Nine Mile Creek,1863,NA,NA
2010,Nine Mile Creek,1864,NA,NA
2010,Nine Mile Creek,1865,NA,NA
2010,Nine Mile Creek,1866,NA,NA
2010,Nine Mile Creek,1867,NA,NA
2010,Nine Mile Creek,1868,NA,NA
2010,Nine Mile Creek,1869,NA,NA
2010,Nine Mile Creek,1870,NA,NA
2010,Skinner's Pond,1871,1,NA
2010,Skinner's Pond,1872,NA,1
2010,Skinner's Pond,1873,NA,NA
2010,Skinner's Pond,1874,NA,NA
2010,Skinner's Pond,1875,NA,NA
2010,Skinner's Pond,1876,NA,1
2010,Skinner's Pond,1877,1,1
2010,Skinner's Pond,1878,NA,1
2010,Skinner's Pond,1879,NA,NA
2010,Skinner's Pond,1880,NA,NA
2010,Skinner's Pond,1881,1,1
2010,Skinner's Pond,1882,NA,2
2010,Skinner's Pond,1883,NA,1
2010,Skinner's Pond,1884,NA,NA
2010,Skinner's Pond,1885,1,1
2010,Skinner's Pond,1886,NA,NA
2010,Skinner's Pond,1887,NA,1
2010,Skinner's Pond,1888,NA,NA
2010,Skinner's Pond,1889,1,NA
2010,Skinner's Pond,1890,NA,NA
2010,Skinner's Pond,1891,NA,1
2010,Skinner's Pond,1892,NA,1
2010,Skinner's Pond,1893,1,NA
2010,Skinner's Pond,1894,NA,NA
2010,Skinner's Pond,1895,NA,NA
2010,Skinner's Pond,1896,NA,1
2010,Skinner's Pond,1897,NA,NA
2010,Skinner's Pond,1898,NA,NA
2010,Skinner's Pond,1899,NA,NA
2010,Skinner's Pond,1900,1,NA
2011,Alberton,559,1,2
2011,Alberton,560,2,2
2011,Alberton,561,NA,4
2011,Alberton,562,4,4
2011,Alberton,563,1,4
2011,Alberton,564,1,2
2011,Alberton,565,1,4
2011,Alberton,566,NA,2
2011,Alberton,567,3,4
2011,Alberton,568,2,3
2011,Alberton,569,1,5
2011,Alberton,570,3,2
2011,Alberton,571,1,3
2011,Alberton,572,NA,1
2011,Alberton,573,2,7
2011,Alberton,574,2,3
2011,Alberton,575,NA,3
2011,Alberton,576,1,3
2011,Alberton,577,2,2
2011,Alberton,578,NA,2
2011,Alberton,579,NA,1
2011,Alberton,580,3,3
2011,Alberton,581,1,4
2011,Alberton,582,1,2
2011,Alberton,583,1,2
2011,Alberton,584,NA,2
2011,Alberton,585,NA,3
2011,Alberton,586,NA,3
2011,Alberton,587,1,4
2011,Alberton,588,4,3
2011,Arisaig,2026,NA,NA
2011,Arisaig,2034,NA,NA
2011,Arisaig,2035,1,NA
2011,Arisaig,2036,NA,NA
2011,Arisaig,2037,1,NA
2011,Arisaig,2038,NA,NA
2011,Arisaig,2039,NA,1
2011,Arisaig,2040,NA,NA
2011,Arisaig,2041,NA,NA
2011,Arisaig,2042,NA,NA
2011,Arisaig,2043,NA,NA
2011,Arisaig,2044,NA,1
2011,Arisaig,2046,NA,NA
2011,Arisaig,2048,NA,NA
2011,Arisaig,2049,NA,NA
2011,Arisaig,2050,NA,NA
2011,Arisaig,2051,NA,NA
2011,Arisaig,2052,NA,NA
2011,Arisaig,2053,NA,NA
2011,Arisaig,2054,NA,NA
2011,Arisaig,2055,NA,NA
2011,Arisaig,2056,NA,NA
2011,Arisaig,2057,NA,NA
2011,Arisaig,2058,NA,1
2011,Arisaig,2059,NA,NA
2011,Arisaig,2060,NA,NA
2011,Arisaig,2061,NA,NA
2011,Arisaig,2062,NA,NA
2011,Covehead,554,1,3
2011,Covehead,555,NA,2
2011,Covehead,556,NA,2
2011,Covehead,557,NA,1
2011,Covehead,558,NA,1
2011,Covehead,1718,1,1
2011,Covehead,1720,NA,2
2011,Covehead,1721,2,1
2011,Covehead,1722,4,5
2011,Covehead,1723,NA,2
2011,Covehead,1724,2,2
2011,Covehead,1725,NA,NA
2011,Covehead,1726,2,1
2011,Covehead,1727,1,3
2011,Covehead,1728,NA,2
2011,Covehead,1729,NA,2
2011,Covehead,1730,1,1
2011,Covehead,1731,NA,2
2011,Covehead,1732,1,1
2011,Covehead,1733,NA,2
2011,Covehead,1734,NA,3
2011,Covehead,1735,1,1
2011,Covehead,1736,NA,2
2011,Covehead,1737,NA,2
2011,Covehead,1738,NA,1
2011,Covehead,1742,NA,2
2011,Covehead,1743,1,2
2011,Covehead,1744,2,NA
2011,Covehead,1745,NA,NA
2011,Covehead,1746,1,1
2011,Fortune,553,NA,NA
2011,Fortune,1706,1,NA
2011,Fortune,1778,NA,NA
2011,Fortune,1779,1,1
2011,Fortune,1782,NA,NA
2011,Fortune,1783,NA,2
2011,Fortune,1784,NA,NA
2011,Fortune,1785,1,1
2011,Fortune,1786,1,2
2011,Fortune,1787,NA,1
2011,Fortune,1788,1,NA
2011,Fortune,1790,NA,NA
2011,Fortune,1791,NA,1
2011,Fortune,1792,NA,NA
2011,Fortune,1793,1,1
2011,Fortune,1794,NA,NA
2011,Fortune,1795,1,1
2011,Fortune,1796,NA,NA
2011,Fortune,1797,NA,NA
2011,Fortune,1798,NA,NA
2011,Fortune,1799,NA,1
2011,Fortune,1800,NA,1
2011,Fortune,1801,NA,1
2011,Fortune,1802,NA,1
2011,Fortune,1804,NA,1
2011,Fortune,1806,NA,NA
2011,Fortune,1807,1,NA
2011,Fortune,1808,NA,NA
2011,Fortune,1809,NA,NA
2011,Fortune,1810,NA,NA
2011,Murray Harbour,59,NA,NA
2011,Murray Harbour,1747,NA,NA
2011,Murray Harbour,1750,NA,NA
2011,Murray Harbour,1752,NA,NA
2011,Murray Harbour,1753,NA,NA
2011,Murray Harbour,1754,NA,NA
2011,Murray Harbour,1755,NA,NA
2011,Murray Harbour,1756,NA,NA
2011,Murray Harbour,1758,NA,NA
2011,Murray Harbour,1760,NA,NA
2011,Murray Harbour,1761,NA,NA
2011,Murray Harbour,1762,NA,NA
2011,Murray Harbour,1763,NA,NA
2011,Murray Harbour,1764,NA,NA
2011,Murray Harbour,1765,NA,NA
2011,Murray Harbour,1766,NA,1
2011,Murray Harbour,1767,NA,NA
2011,Murray Harbour,1768,NA,NA
2011,Murray Harbour,1769,NA,NA
2011,Murray Harbour,1770,NA,NA
2011,Murray Harbour,1771,NA,NA
2011,Murray Harbour,1772,NA,1
2011,Murray Harbour,1773,NA,NA
2011,Murray Harbour,1774,NA,NA
2011,Murray Harbour,1775,NA,NA
2011,Murray Harbour,1776,NA,NA
2011,Nine Mile Creek,589,NA,NA
2011,Nine Mile Creek,1841,NA,NA
2011,Nine Mile Creek,1842,NA,NA
2011,Nine Mile Creek,1843,NA,NA
2011,Nine Mile Creek,1844,NA,NA
2011,Nine Mile Creek,1845,NA,NA
2011,Nine Mile Creek,1846,NA,NA
2011,Nine Mile Creek,1847,NA,NA
2011,Nine Mile Creek,1849,NA,NA
2011,Nine Mile Creek,1850,NA,NA
2011,Nine Mile Creek,1852,NA,NA
2011,Nine Mile Creek,1853,NA,NA
2011,Nine Mile Creek,1854,NA,NA
2011,Nine Mile Creek,1855,NA,NA
2011,Nine Mile Creek,1856,NA,NA
2011,Nine Mile Creek,1857,NA,NA
2011,Nine Mile Creek,1858,NA,NA
2011,Nine Mile Creek,1859,NA,NA
2011,Nine Mile Creek,1860,NA,NA
2011,Nine Mile Creek,1861,NA,NA
2011,Nine Mile Creek,1862,NA,NA
2011,Nine Mile Creek,1863,NA,NA
2011,Nine Mile Creek,1865,NA,NA
2011,Nine Mile Creek,1866,NA,NA
2011,Nine Mile Creek,1868,NA,NA
2011,Nine Mile Creek,1869,NA,NA
2011,Nine Mile Creek,1870,NA,NA
2011,Skinner's Pond,1871,NA,NA
2011,Skinner's Pond,1872,NA,NA
2011,Skinner's Pond,1873,NA,1
2011,Skinner's Pond,1874,2,1
2011,Skinner's Pond,1875,NA,2
2011,Skinner's Pond,1877,NA,1
2011,Skinner's Pond,1878,NA,NA
2011,Skinner's Pond,1879,NA,NA
2011,Skinner's Pond,1880,NA,NA
2011,Skinner's Pond,1881,1,NA
2011,Skinner's Pond,1882,NA,NA
2011,Skinner's Pond,1883,2,NA
2011,Skinner's Pond,1884,NA,1
2011,Skinner's Pond,1885,NA,NA
2011,Skinner's Pond,1886,NA,NA
2011,Skinner's Pond,1887,NA,NA
2011,Skinner's Pond,1888,NA,1
2011,Skinner's Pond,1889,NA,NA
2011,Skinner's Pond,1891,1,NA
2011,Skinner's Pond,1892,2,1
2011,Skinner's Pond,1893,NA,NA
2011,Skinner's Pond,1894,NA,NA
2011,Skinner's Pond,1895,NA,NA
2011,Skinner's Pond,1896,NA,NA
2011,Skinner's Pond,1897,NA,NA
2011,Skinner's Pond,1898,NA,NA
2011,Skinner's Pond,1899,NA,NA
2011,Skinner's Pond,1900,NA,NA
2012,Alberton,1171,2,4
2012,Alberton,1172,1,2
2012,Alberton,1173,4,2
2012,Alberton,1174,NA,4
2012,Alberton,1176,2,4
2012,Alberton,1177,1,2
2012,Alberton,1178,1,5
2012,Alberton,1179,1,3
2012,Alberton,1180,2,2
2012,Alberton,1181,3,4
2012,Alberton,1182,NA,3
2012,Alberton,1183,NA,NA
2012,Alberton,1184,2,4
2012,Alberton,1185,3,5
2012,Alberton,1186,3,5
2012,Alberton,1187,4,7
2012,Alberton,1188,1,2
2012,Alberton,1190,NA,3
2012,Alberton,1191,1,2
2012,Alberton,1193,NA,2
2012,Alberton,1194,5,NA
2012,Alberton,1195,1,3
2012,Alberton,1196,1,2
2012,Alberton,1199,NA,2
2012,Alberton,1200,1,2
2012,Arisaig,1001,NA,1
2012,Arisaig,1002,NA,NA
2012,Arisaig,1003,NA,NA
2012,Arisaig,1004,NA,NA
2012,Arisaig,1005,NA,NA
2012,Arisaig,1006,NA,NA
2012,Arisaig,1007,NA,NA
2012,Arisaig,1008,NA,NA
2012,Arisaig,1009,NA,NA
2012,Arisaig,1010,NA,NA
2012,Arisaig,1011,NA,NA
2012,Arisaig,1012,NA,NA
2012,Arisaig,1013,NA,NA
2012,Arisaig,1014,NA,NA
2012,Arisaig,1015,NA,NA
2012,Arisaig,1016,NA,NA
2012,Arisaig,1017,NA,NA
2012,Arisaig,1018,NA,NA
2012,Arisaig,1019,NA,NA
2012,Arisaig,1020,NA,NA
2012,Arisaig,1301,NA,NA
2012,Arisaig,1302,1,NA
2012,Arisaig,1303,NA,NA
2012,Arisaig,1304,NA,NA
2012,Arisaig,1305,NA,NA
2012,Arisaig,1306,NA,NA
2012,Arisaig,1307,NA,NA
2012,Arisaig,1308,NA,NA
2012,Arisaig,1309,NA,NA
2012,Arisaig,1310,NA,NA
2012,Covehead,1051,2,1
2012,Covehead,1052,NA,2
2012,Covehead,1053,NA,1
2012,Covehead,1054,NA,3
2012,Covehead,1055,1,2
2012,Covehead,1056,NA,2
2012,Covehead,1057,NA,2
2012,Covehead,1058,NA,NA
2012,Covehead,1059,NA,2
2012,Covehead,1060,2,2
2012,Covehead,1061,1,2
2012,Covehead,1062,1,3
2012,Covehead,1063,1,NA
2012,Covehead,1064,1,4
2012,Covehead,1065,1,4
2012,Covehead,1066,1,NA
2012,Covehead,1067,1,1
2012,Covehead,1068,NA,1
2012,Covehead,1069,NA,NA
2012,Covehead,1070,NA,1
2012,Covehead,1071,1,2
2012,Covehead,1072,1,NA
2012,Covehead,1073,NA,NA
2012,Covehead,1074,NA,2
2012,Covehead,1075,NA,1
2012,Covehead,1076,NA,2
2012,Covehead,1078,1,2
2012,Covehead,1079,1,2
2012,Covehead,1080,1,1
2012,Fortune,1141,1,2
2012,Fortune,1142,3,1
2012,Fortune,1143,NA,2
2012,Fortune,1144,1,1
2012,Fortune,1145,3,1
2012,Fortune,1146,NA,1
2012,Fortune,1148,1,1
2012,Fortune,1149,NA,1
2012,Fortune,1150,NA,NA
2012,Fortune,1151,1,1
2012,Fortune,1152,1,3
2012,Fortune,1153,1,2
2012,Fortune,1154,1,1
2012,Fortune,1155,NA,1
2012,Fortune,1156,1,2
2012,Fortune,1157,NA,1
2012,Fortune,1158,1,NA
2012,Fortune,1159,2,2
2012,Fortune,1160,2,1
2012,Fortune,1161,2,2
2012,Fortune,1162,1,1
2012,Fortune,1163,2,1
2012,Fortune,1164,1,2
2012,Fortune,1165,1,1
2012,Fortune,1166,NA,1
2012,Fortune,1167,1,1
2012,Fortune,1168,NA,1
2012,Fortune,1169,3,1
2012,Fortune,1170,2,2
2012,Murray Harbour,1113,NA,NA
2012,Murray Harbour,1114,1,NA
2012,Murray Harbour,1115,NA,NA
2012,Murray Harbour,1120,1,1
2012,Murray Harbour,1123,NA,1
2012,Murray Harbour,1125,NA,1
2012,Murray Harbour,1131,1,1
2012,Murray Harbour,1133,1,1
2012,Murray Harbour,1134,NA,1
2012,Murray Harbour,1135,NA,2
2012,Murray Harbour,1140,NA,NA
2012,Nine Mile Creek,1021,NA,NA
2012,Nine Mile Creek,1022,NA,NA
2012,Nine Mile Creek,1023,NA,NA
2012,Nine Mile Creek,1024,NA,NA
2012,Nine Mile Creek,1025,NA,NA
2012,Nine Mile Creek,1026,NA,NA
2012,Nine Mile Creek,1027,NA,NA
2012,Nine Mile Creek,1028,NA,NA
2012,Nine Mile Creek,1029,NA,NA
2012,Nine Mile Creek,1031,NA,NA
2012,Nine Mile Creek,1032,NA,NA
2012,Nine Mile Creek,1033,NA,NA
2012,Nine Mile Creek,1034,NA,NA
2012,Nine Mile Creek,1035,NA,NA
2012,Nine Mile Creek,1036,NA,NA
2012,Nine Mile Creek,1037,NA,NA
2012,Nine Mile Creek,1038,NA,NA
2012,Nine Mile Creek,1039,NA,NA
2012,Nine Mile Creek,1040,NA,NA
2012,Nine Mile Creek,1041,NA,NA
2012,Nine Mile Creek,1042,NA,NA
2012,Nine Mile Creek,1043,NA,NA
2012,Nine Mile Creek,1044,NA,NA
2012,Nine Mile Creek,1045,NA,NA
2012,Nine Mile Creek,1046,NA,NA
2012,Nine Mile Creek,1047,NA,NA
2012,Nine Mile Creek,1048,NA,NA
2012,Nine Mile Creek,1049,NA,NA
2012,Nine Mile Creek,1050,NA,NA
2012,Skinner's Pond,1081,NA,1
2012,Skinner's Pond,1082,NA,2
2012,Skinner's Pond,1083,NA,NA
2012,Skinner's Pond,1085,NA,1
2012,Skinner's Pond,1086,NA,NA
2012,Skinner's Pond,1088,NA,2
2012,Skinner's Pond,1089,1,1
2012,Skinner's Pond,1090,NA,1
2012,Skinner's Pond,1091,1,1
2012,Skinner's Pond,1092,1,1
2012,Skinner's Pond,1093,NA,1
2012,Skinner's Pond,1094,NA,1
2012,Skinner's Pond,1095,1,1
2012,Skinner's Pond,1096,NA,NA
2012,Skinner's Pond,1097,NA,NA
2012,Skinner's Pond,1098,NA,1
2012,Skinner's Pond,1099,2,1
2012,Skinner's Pond,1100,NA,NA
2012,Skinner's Pond,1101,NA,1
2012,Skinner's Pond,1102,NA,2
2012,Skinner's Pond,1103,NA,1
2012,Skinner's Pond,1104,NA,NA
2012,Skinner's Pond,1105,NA,1
2012,Skinner's Pond,1106,NA,1
2012,Skinner's Pond,1107,1,NA
2012,Skinner's Pond,1108,2,3
2012,Skinner's Pond,1109,NA,1
2012,Skinner's Pond,1110,1,NA
2013,Alberton,991,3,2
2013,Alberton,992,3,2
2013,Alberton,993,1,4
2013,Alberton,994,NA,2
2013,Alberton,995,1,2
2013,Alberton,996,3,3
2013,Alberton,997,4,4
2013,Alberton,998,5,5
2013,Alberton,1000,2,4
2013,Alberton,1069,5,6
2013,Alberton,1071,3,5
2013,Alberton,1072,3,5
2013,Alberton,1073,3,8
2013,Alberton,1074,3,3
2013,Alberton,1075,4,3
2013,Alberton,1076,3,2
2013,Alberton,1077,4,4
2013,Alberton,1078,6,3
2013,Alberton,1079,4,3
2013,Alberton,1080,2,3
2013,Alberton,1082,1,2
2013,Alberton,1083,3,4
2013,Alberton,1084,3,3
2013,Alberton,1085,4,2
2013,Arisaig,0,2,NA
2013,Arisaig,1,NA,NA
2013,Arisaig,1086,NA,NA
2013,Arisaig,1087,NA,NA
2013,Arisaig,1088,NA,1
2013,Arisaig,1089,NA,1
2013,Arisaig,1090,NA,NA
2013,Arisaig,1091,3,NA
2013,Arisaig,1092,1,NA
2013,Arisaig,1093,NA,1
2013,Arisaig,1094,2,NA
2013,Arisaig,1095,1,2
2013,Arisaig,1096,1,NA
2013,Arisaig,1097,1,NA
2013,Arisaig,1098,1,NA
2013,Arisaig,1099,NA,NA
2013,Arisaig,1100,1,NA
2013,Arisaig,1101,NA,NA
2013,Arisaig,1102,1,2
2013,Arisaig,1103,NA,1
2013,Arisaig,1104,1,1
2013,Arisaig,1105,NA,NA
2013,Arisaig,1106,NA,NA
2013,Arisaig,1107,NA,NA
2013,Arisaig,1108,2,1
2013,Arisaig,1109,1,NA
2013,Arisaig,1110,1,NA
2013,Arisaig,1111,NA,1
2013,Arisaig,1112,NA,NA
2013,Arisaig,1113,NA,NA
2013,Arisaig,1114,3,1
2013,Arisaig,1115,NA,NA
2013,Covehead,901,NA,2
2013,Covehead,902,2,NA
2013,Covehead,903,1,2
2013,Covehead,904,3,1
2013,Covehead,905,1,2
2013,Covehead,906,NA,NA
2013,Covehead,907,1,1
2013,Covehead,908,NA,1
2013,Covehead,909,2,4
2013,Covehead,910,1,1
2013,Covehead,911,1,3
2013,Covehead,912,1,1
2013,Covehead,913,1,4
2013,Covehead,914,5,1
2013,Covehead,916,NA,1
2013,Covehead,917,2,2
2013,Covehead,918,2,3
2013,Covehead,919,1,NA
2013,Covehead,920,1,3
2013,Covehead,921,1,2
2013,Covehead,923,1,2
2013,Covehead,924,1,1
2013,Covehead,925,2,1
2013,Covehead,926,1,2
2013,Covehead,927,1,2
2013,Covehead,928,NA,1
2013,Covehead,929,NA,1
2013,Fortune,1006,2,2
2013,Fortune,1007,1,NA
2013,Fortune,1008,2,3
2013,Fortune,1009,2,NA
2013,Fortune,1010,1,1
2013,Fortune,1012,4,2
2013,Fortune,1013,2,1
2013,Fortune,1014,2,NA
2013,Fortune,1015,2,1
2013,Fortune,1017,2,2
2013,Fortune,1018,NA,NA
2013,Fortune,1019,1,1
2013,Fortune,1020,NA,3
2013,Fortune,1021,1,1
2013,Fortune,1022,4,1
2013,Fortune,1023,1,NA
2013,Fortune,1024,3,1
2013,Fortune,1025,4,2
2013,Fortune,1026,1,2
2013,Fortune,1027,1,NA
2013,Fortune,1028,3,1
2013,Fortune,1029,3,1
2013,Fortune,1030,2,NA
2013,Fortune,1031,6,3
2013,Fortune,1032,1,2
2013,Fortune,1033,3,2
2013,Fortune,1034,2,1
2013,Fortune,1035,2,1
2013,Nine Mile Creek,930,NA,NA
2013,Nine Mile Creek,931,NA,NA
2013,Nine Mile Creek,932,NA,NA
2013,Nine Mile Creek,933,NA,NA
2013,Nine Mile Creek,934,NA,NA
2013,Nine Mile Creek,935,NA,NA
2013,Nine Mile Creek,936,NA,NA
2013,Nine Mile Creek,937,NA,NA
2013,Nine Mile Creek,938,NA,NA
2013,Nine Mile Creek,939,NA,NA
2013,Nine Mile Creek,940,NA,NA
2013,Nine Mile Creek,941,NA,NA
2013,Nine Mile Creek,942,NA,NA
2013,Nine Mile Creek,943,NA,NA
2013,Nine Mile Creek,944,NA,NA
2013,Nine Mile Creek,945,NA,NA
2013,Nine Mile Creek,946,NA,NA
2013,Nine Mile Creek,947,NA,NA
2013,Nine Mile Creek,948,NA,NA
2013,Nine Mile Creek,949,NA,NA
2013,Nine Mile Creek,950,NA,NA
2013,Nine Mile Creek,951,NA,NA
2013,Nine Mile Creek,952,NA,NA
2013,Nine Mile Creek,953,NA,NA
2013,Nine Mile Creek,954,NA,NA
2013,Nine Mile Creek,955,NA,NA
2013,Nine Mile Creek,956,NA,NA
2013,Nine Mile Creek,957,NA,NA
2013,Nine Mile Creek,958,NA,NA
2013,Nine Mile Creek,959,NA,NA
2013,Skinner's Pond,960,4,3
2013,Skinner's Pond,961,4,1
2013,Skinner's Pond,963,5,1
2013,Skinner's Pond,964,NA,NA
2013,Skinner's Pond,965,5,1
2013,Skinner's Pond,966,3,2
2013,Skinner's Pond,967,7,NA
2013,Skinner's Pond,968,5,2
2013,Skinner's Pond,969,5,1
2013,Skinner's Pond,970,8,1
2013,Skinner's Pond,971,5,2
2013,Skinner's Pond,972,4,NA
2013,Skinner's Pond,973,5,2
2013,Skinner's Pond,974,4,2
2013,Skinner's Pond,975,7,1
2013,Skinner's Pond,976,5,3
2013,Skinner's Pond,977,8,1
2013,Skinner's Pond,979,5,1
2013,Skinner's Pond,980,6,1
2013,Skinner's Pond,981,6,2
2013,Skinner's Pond,982,6,1
2013,Skinner's Pond,983,4,2
2013,Skinner's Pond,984,8,1
2013,Skinner's Pond,985,NA,2
2013,Skinner's Pond,986,3,NA
2013,Skinner's Pond,987,5,2
2013,Skinner's Pond,989,5,2
2014,Alberton,1037,NA,1
2014,Alberton,1042,NA,2
2014,Alberton,1043,3,4
2014,Alberton,1044,NA,NA
2014,Alberton,1045,7,6
2014,Alberton,1050,1,3
2014,Alberton,1053,4,6
2014,Alberton,1054,2,6
2014,Alberton,1057,6,NA
2014,Alberton,1059,9,4
2014,Alberton,1061,3,2
2014,Alberton,1062,4,5
2014,Alberton,1063,4,5
2014,Alberton,1064,6,6
2014,Alberton,1065,7,2
2014,Covehead,987,4,3
2014,Covehead,988,1,2
2014,Covehead,990,3,2
2014,Covehead,991,3,4
2014,Covehead,992,1,4
2014,Covehead,993,2,1
2014,Covehead,994,2,4
2014,Covehead,995,2,4
2014,Covehead,999,NA,3
2014,Covehead,1000,NA,1
2014,Covehead,1067,3,3
2014,Covehead,1068,NA,3
2014,Covehead,1070,2,3
2014,Covehead,1071,2,2
2014,Covehead,1072,3,2
2014,Covehead,1073,NA,1
2014,Covehead,1074,1,3
2014,Covehead,1075,1,4
2014,Covehead,1076,2,2
2014,Covehead,1077,1,3
2014,Covehead,1078,1,3
2014,Covehead,1079,4,3
2014,Covehead,1080,3,1
2014,Egmont Bay,945,NA,2
2014,Egmont Bay,946,1,2
2014,Egmont Bay,947,NA,1
2014,Egmont Bay,948,NA,NA
2014,Egmont Bay,949,NA,NA
2014,Egmont Bay,950,NA,1
2014,Egmont Bay,951,NA,1
2014,Egmont Bay,952,NA,2
2014,Egmont Bay,953,NA,1
2014,Egmont Bay,954,1,1
2014,Egmont Bay,955,NA,1
2014,Egmont Bay,956,NA,1
2014,Egmont Bay,957,NA,1
2014,Egmont Bay,958,NA,NA
2014,Egmont Bay,959,NA,NA
2014,Egmont Bay,960,NA,1
2014,Egmont Bay,961,NA,NA
2014,Egmont Bay,962,1,1
2014,Egmont Bay,963,NA,1
2014,Egmont Bay,964,NA,1
2014,Egmont Bay,965,NA,1
2014,Egmont Bay,966,NA,1
2014,Egmont Bay,967,NA,1
2014,Egmont Bay,968,NA,2
2014,Egmont Bay,969,NA,1
2014,Egmont Bay,970,NA,2
2014,Egmont Bay,971,NA,NA
2014,Egmont Bay,972,NA,1
2014,Egmont Bay,973,NA,NA
2014,Egmont Bay,974,NA,1
2014,Fortune,1000,NA,2
2014,Fortune,1001,NA,3
2014,Fortune,1002,NA,4
2014,Fortune,1003,1,2
2014,Fortune,1004,NA,2
2014,Fortune,1005,NA,6
2014,Fortune,1006,1,4
2014,Fortune,1007,1,3
2014,Fortune,1008,NA,4
2014,Fortune,1009,1,2
2014,Fortune,1010,NA,2
2014,Fortune,1011,NA,2
2014,Fortune,1012,NA,4
2014,Fortune,1013,1,2
2014,Fortune,1014,NA,2
2014,Fortune,1015,NA,3
2014,Fortune,1016,2,1
2014,Fortune,1017,NA,4
2014,Fortune,1018,2,NA
2014,Fortune,1019,NA,2
2014,Fortune,1020,1,4
2014,Fortune,1021,1,4
2014,Fortune,1022,1,2
2014,Fortune,1023,NA,2
2014,Fortune,1024,2,3
2014,Fortune,1025,NA,2
2014,Fortune,1026,1,3
2014,Fortune,1027,2,3
2014,Fortune,1028,1,3
2014,Murray Harbour,956,NA,1
2014,Murray Harbour,957,1,1
2014,Murray Harbour,958,NA,2
2014,Murray Harbour,959,NA,2
2014,Murray Harbour,960,NA,2
2014,Murray Harbour,961,NA,2
2014,Murray Harbour,962,NA,1
2014,Murray Harbour,963,1,3
2014,Murray Harbour,964,NA,1
2014,Murray Harbour,965,NA,1
2014,Murray Harbour,966,NA,NA
2014,Murray Harbour,967,NA,2
2014,Murray Harbour,968,NA,NA
2014,Murray Harbour,970,NA,2
2014,Murray Harbour,971,NA,NA
2014,Murray Harbour,972,NA,NA
2014,Murray Harbour,973,NA,1
2014,Murray Harbour,974,1,2
2014,Murray Harbour,975,NA,1
2014,Murray Harbour,976,NA,1
2014,Murray Harbour,977,NA,NA
2014,Murray Harbour,978,1,1
2014,Murray Harbour,979,NA,2
2014,Murray Harbour,980,1,NA
2014,Murray Harbour,981,NA,NA
2014,Murray Harbour,982,NA,1
2014,Murray Harbour,983,NA,2
2014,Murray Harbour,984,NA,NA
2014,Murray Harbour,985,NA,2
2014,Nine Mile Creek,921,NA,NA
2014,Nine Mile Creek,922,NA,NA
2014,Nine Mile Creek,923,NA,NA
2014,Nine Mile Creek,924,NA,NA
2014,Nine Mile Creek,925,NA,NA
2014,Nine Mile Creek,931,NA,NA
2014,Nine Mile Creek,932,1,NA
2014,Nine Mile Creek,933,NA,NA
2014,Nine Mile Creek,934,NA,NA
2014,Nine Mile Creek,936,NA,NA
2014,Nine Mile Creek,937,NA,NA
2014,Nine Mile Creek,938,NA,NA
2014,Nine Mile Creek,939,NA,NA
2014,Nine Mile Creek,940,NA,NA
2014,Nine Mile Creek,941,NA,NA
2014,Nine Mile Creek,942,NA,NA
2014,Nine Mile Creek,943,NA,NA
2014,Nine Mile Creek,944,NA,NA
2014,Nine Mile Creek,945,NA,NA
2014,Nine Mile Creek,946,NA,NA
2014,Nine Mile Creek,947,NA,NA
2014,Nine Mile Creek,948,NA,NA
2014,Nine Mile Creek,949,NA,NA
2014,Nine Mile Creek,950,NA,NA
2014,Nine Mile Creek,951,NA,NA
2014,Nine Mile Creek,952,NA,NA
2014,Nine Mile Creek,953,NA,NA
2014,Nine Mile Creek,954,NA,NA
2014,Nine Mile Creek,955,NA,NA
2014,Nine Mile Creek,965,NA,NA
2014,Skinner's Pond,901,2,2
2014,Skinner's Pond,902,4,1
2014,Skinner's Pond,903,3,4
2014,Skinner's Pond,904,10,4
2014,Skinner's Pond,905,4,5
2014,Skinner's Pond,906,7,2
2014,Skinner's Pond,907,3,2
2014,Skinner's Pond,908,5,1
2014,Skinner's Pond,909,6,3
2014,Skinner's Pond,910,4,2
2014,Skinner's Pond,911,8,2
2014,Skinner's Pond,912,6,3
2014,Skinner's Pond,913,4,3
2014,Skinner's Pond,914,7,4
2014,Skinner's Pond,915,3,2
2014,Skinner's Pond,916,6,4
2014,Skinner's Pond,917,3,6
2014,Skinner's Pond,918,7,2
2014,Skinner's Pond,919,7,4
2014,Skinner's Pond,920,5,3
2014,Skinner's Pond,926,2,3
2014,Skinner's Pond,927,5,4
2014,Skinner's Pond,928,4,5
2014,Skinner's Pond,929,5,3
2014,Skinner's Pond,930,4,3
2014,Skinner's Pond,940,4,3
2014,Skinner's Pond,941,7,2
2014,Skinner's Pond,942,1,2
2014,Skinner's Pond,943,1,2
2014,Skinner's Pond,944,3,3
2015,Alberton,686,5,3
2015,Alberton,690,6,4
2015,Alberton,691,4,6
2015,Alberton,692,8,6
2015,Alberton,693,4,7
2015,Alberton,694,5,2
2015,Alberton,695,3,8
2015,Alberton,698,8,9
2015,Alberton,699,4,3
2015,Alberton,700,3,7
2015,Alberton,704,7,6
2015,Alberton,705,7,5
2015,Alberton,706,7,2
2015,Alberton,707,4,5
2015,Alberton,708,1,3
2015,Alberton,709,1,7
2015,Alberton,710,5,6
2015,Alberton,712,4,7
2015,Alberton,714,4,6
2015,Covehead,776,2,5
2015,Covehead,777,NA,5
2015,Covehead,778,NA,3
2015,Covehead,779,NA,4
2015,Covehead,780,1,1
2015,Covehead,781,1,3
2015,Covehead,783,1,5
2015,Covehead,784,2,3
2015,Covehead,785,NA,1
2015,Covehead,786,1,3
2015,Covehead,787,5,3
2015,Covehead,788,NA,4
2015,Covehead,789,1,2
2015,Covehead,790,NA,4
2015,Covehead,793,NA,3
2015,Covehead,794,2,3
2015,Covehead,795,NA,4
2015,Covehead,796,1,2
2015,Covehead,798,NA,3
2015,Covehead,799,3,3
2015,Covehead,800,2,3
2015,Covehead,802,NA,2
2015,Covehead,804,2,7
2015,Covehead,805,1,4
2015,Egmont Bay,806,NA,4
2015,Egmont Bay,807,NA,2
2015,Egmont Bay,808,NA,1
2015,Egmont Bay,809,NA,2
2015,Egmont Bay,810,NA,2
2015,Egmont Bay,811,NA,2
2015,Egmont Bay,812,NA,1
2015,Egmont Bay,813,NA,3
2015,Egmont Bay,814,NA,NA
2015,Egmont Bay,815,NA,NA
2015,Egmont Bay,816,NA,3
2015,Egmont Bay,817,NA,2
2015,Egmont Bay,818,NA,1
2015,Egmont Bay,819,NA,NA
2015,Egmont Bay,820,NA,3
2015,Egmont Bay,821,1,2
2015,Egmont Bay,822,NA,4
2015,Egmont Bay,823,NA,2
2015,Egmont Bay,824,NA,NA
2015,Egmont Bay,825,NA,2
2015,Egmont Bay,826,NA,2
2015,Egmont Bay,827,NA,2
2015,Egmont Bay,828,NA,3
2015,Egmont Bay,829,NA,3
2015,Egmont Bay,830,NA,3
2015,Egmont Bay,836,NA,1
2015,Egmont Bay,837,NA,2
2015,Egmont Bay,838,NA,2
2015,Egmont Bay,839,NA,2
2015,Egmont Bay,840,1,NA
2015,Fortune,621,NA,1
2015,Fortune,622,NA,1
2015,Fortune,623,NA,1
2015,Fortune,624,NA,2
2015,Fortune,625,NA,1
2015,Fortune,626,1,2
2015,Fortune,627,NA,3
2015,Fortune,628,NA,2
2015,Fortune,629,NA,2
2015,Fortune,630,NA,2
2015,Fortune,631,1,2
2015,Fortune,632,NA,1
2015,Fortune,633,NA,1
2015,Fortune,634,NA,2
2015,Fortune,635,1,2
2015,Fortune,636,NA,2
2015,Fortune,637,NA,2
2015,Fortune,638,NA,1
2015,Fortune,639,NA,3
2015,Fortune,640,NA,2
2015,Fortune,641,NA,2
2015,Fortune,642,NA,2
2015,Fortune,643,NA,2
2015,Fortune,644,NA,2
2015,Fortune,645,NA,2
2015,Fortune,646,1,3
2015,Fortune,647,NA,2
2015,Fortune,648,NA,1
2015,Fortune,649,NA,3
2015,Fortune,650,NA,1
2015,Murray Harbour,656,NA,NA
2015,Murray Harbour,657,NA,NA
2015,Murray Harbour,658,NA,NA
2015,Murray Harbour,660,NA,1
2015,Murray Harbour,661,NA,1
2015,Murray Harbour,662,NA,NA
2015,Murray Harbour,663,NA,NA
2015,Murray Harbour,664,NA,NA
2015,Murray Harbour,665,NA,1
2015,Murray Harbour,666,NA,NA
2015,Murray Harbour,667,NA,1
2015,Murray Harbour,668,NA,NA
2015,Murray Harbour,670,NA,NA
2015,Murray Harbour,671,NA,NA
2015,Murray Harbour,672,NA,1
2015,Murray Harbour,673,NA,NA
2015,Murray Harbour,674,NA,2
2015,Murray Harbour,675,NA,1
2015,Murray Harbour,676,NA,2
2015,Murray Harbour,677,NA,1
2015,Murray Harbour,678,NA,NA
2015,Murray Harbour,679,NA,1
2015,Murray Harbour,680,NA,2
2015,Murray Harbour,682,NA,1
2015,Murray Harbour,683,NA,NA
2015,Murray Harbour,685,NA,NA
2015,Nine Mile Creek,746,NA,NA
2015,Nine Mile Creek,747,NA,NA
2015,Nine Mile Creek,748,NA,NA
2015,Nine Mile Creek,749,NA,NA
2015,Nine Mile Creek,750,NA,NA
2015,Nine Mile Creek,751,NA,NA
2015,Nine Mile Creek,752,NA,NA
2015,Nine Mile Creek,754,NA,NA
2015,Nine Mile Creek,755,NA,NA
2015,Nine Mile Creek,756,NA,NA
2015,Nine Mile Creek,757,NA,NA
2015,Nine Mile Creek,758,NA,NA
2015,Nine Mile Creek,759,NA,NA
2015,Nine Mile Creek,760,NA,NA
2015,Nine Mile Creek,761,NA,NA
2015,Nine Mile Creek,762,NA,NA
2015,Nine Mile Creek,763,NA,NA
2015,Nine Mile Creek,764,NA,NA
2015,Nine Mile Creek,765,NA,NA
2015,Nine Mile Creek,766,NA,NA
2015,Nine Mile Creek,768,NA,NA
2015,Nine Mile Creek,769,NA,NA
2015,Nine Mile Creek,770,NA,NA
2015,Nine Mile Creek,771,NA,NA
2015,Nine Mile Creek,772,NA,NA
2015,Nine Mile Creek,773,NA,NA
2015,Nine Mile Creek,774,NA,NA
2015,Nine Mile Creek,775,NA,NA
2015,Skinner's Pond,716,3,4
2015,Skinner's Pond,717,3,6
2015,Skinner's Pond,718,1,2
2015,Skinner's Pond,719,NA,5
2015,Skinner's Pond,720,2,6
2015,Skinner's Pond,721,NA,2
2015,Skinner's Pond,722,1,2
2015,Skinner's Pond,723,NA,3
2015,Skinner's Pond,724,2,4
2015,Skinner's Pond,725,2,4
2015,Skinner's Pond,726,2,4
2015,Skinner's Pond,727,NA,3
2015,Skinner's Pond,728,1,4
2015,Skinner's Pond,729,3,6
2015,Skinner's Pond,730,NA,5
2015,Skinner's Pond,731,2,3
2015,Skinner's Pond,732,1,NA
2015,Skinner's Pond,733,4,6
2015,Skinner's Pond,734,NA,5
2015,Skinner's Pond,735,2,5
2015,Skinner's Pond,736,NA,1
2015,Skinner's Pond,737,2,4
2015,Skinner's Pond,738,2,5
2015,Skinner's Pond,739,2,3
2015,Skinner's Pond,740,4,3
2015,Skinner's Pond,741,4,6
2015,Skinner's Pond,742,NA,4
2015,Skinner's Pond,743,1,5
2015,Skinner's Pond,744,2,5
2015,Skinner's Pond,745,1,5
2016,Alberton,701,5,5
2016,Alberton,702,1,7
2016,Alberton,703,2,5
2016,Alberton,705,2,2
2016,Alberton,707,3,5
2016,Alberton,712,2,4
2016,Alberton,713,3,7
2016,Alberton,714,NA,NA
2016,Alberton,719,NA,NA
2016,Alberton,730,1,1
2016,Covehead,731,1,2
2016,Covehead,732,NA,1
2016,Covehead,735,NA,1
2016,Covehead,738,NA,3
2016,Covehead,739,2,1
2016,Covehead,740,1,3
2016,Covehead,741,1,2
2016,Covehead,742,1,1
2016,Covehead,743,NA,2
2016,Covehead,744,NA,3
2016,Covehead,745,NA,2
2016,Covehead,746,1,4
2016,Covehead,749,2,1
2016,Covehead,751,1,3
2016,Covehead,752,NA,1
2016,Covehead,756,1,NA
2016,Covehead,758,NA,3
2016,Egmont Bay,636,NA,1
2016,Egmont Bay,637,NA,1
2016,Egmont Bay,638,NA,1
2016,Egmont Bay,639,NA,2
2016,Egmont Bay,640,NA,2
2016,Egmont Bay,641,NA,NA
2016,Egmont Bay,642,NA,2
2016,Egmont Bay,643,NA,2
2016,Egmont Bay,644,NA,2
2016,Egmont Bay,645,NA,2
2016,Egmont Bay,646,NA,NA
2016,Egmont Bay,647,NA,2
2016,Egmont Bay,648,NA,1
2016,Egmont Bay,649,NA,3
2016,Egmont Bay,650,NA,1
2016,Egmont Bay,651,NA,2
2016,Egmont Bay,652,NA,1
2016,Egmont Bay,653,NA,1
2016,Egmont Bay,654,NA,2
2016,Egmont Bay,655,NA,1
2016,Egmont Bay,656,NA,NA
2016,Egmont Bay,657,NA,NA
2016,Egmont Bay,658,NA,NA
2016,Egmont Bay,659,NA,NA
2016,Egmont Bay,660,NA,NA
2016,Egmont Bay,661,NA,1
2016,Egmont Bay,662,NA,1
2016,Egmont Bay,663,NA,1
2016,Egmont Bay,664,NA,1
2016,Egmont Bay,665,NA,NA
2016,Fortune,601,NA,1
2016,Fortune,602,NA,2
2016,Fortune,603,NA,1
2016,Fortune,604,1,1
2016,Fortune,605,NA,2
2016,Fortune,606,NA,2
2016,Fortune,607,1,2
2016,Fortune,608,NA,2
2016,Fortune,609,NA,1
2016,Fortune,610,NA,1
2016,Fortune,611,NA,1
2016,Fortune,612,NA,1
2016,Fortune,613,NA,2
2016,Fortune,614,1,NA
2016,Fortune,615,1,1
2016,Fortune,616,NA,NA
2016,Fortune,617,NA,2
2016,Fortune,618,1,2
2016,Fortune,619,NA,3
2016,Fortune,620,NA,1
2016,Fortune,621,NA,1
2016,Fortune,622,NA,1
2016,Fortune,623,NA,1
2016,Fortune,624,NA,NA
2016,Fortune,625,1,1
2016,Fortune,626,NA,3
2016,Fortune,627,NA,1
2016,Fortune,628,NA,1
2016,Fortune,629,NA,2
2016,Fortune,630,NA,2
2016,Murray Harbour,666,NA,1
2016,Murray Harbour,667,NA,1
2016,Murray Harbour,668,NA,NA
2016,Murray Harbour,669,NA,1
2016,Murray Harbour,670,NA,NA
2016,Murray Harbour,671,NA,NA
2016,Murray Harbour,672,NA,1
2016,Murray Harbour,673,NA,NA
2016,Murray Harbour,674,NA,1
2016,Murray Harbour,675,NA,NA
2016,Murray Harbour,676,NA,1
2016,Murray Harbour,677,NA,2
2016,Murray Harbour,678,NA,1
2016,Murray Harbour,680,NA,2
2016,Murray Harbour,681,NA,NA
2016,Murray Harbour,682,NA,NA
2016,Murray Harbour,683,NA,1
2016,Murray Harbour,684,NA,1
2016,Murray Harbour,685,NA,1
2016,Murray Harbour,686,NA,3
2016,Murray Harbour,687,NA,NA
2016,Murray Harbour,688,NA,2
2016,Murray Harbour,689,NA,1
2016,Murray Harbour,690,NA,1
2016,Murray Harbour,836,NA,1
2016,Murray Harbour,837,NA,1
2016,Murray Harbour,838,NA,1
2016,Murray Harbour,839,NA,NA
2016,Murray Harbour,840,NA,NA
2016,Nine Mile Creek,871,NA,NA
2016,Nine Mile Creek,872,NA,NA
2016,Nine Mile Creek,873,NA,NA
2016,Nine Mile Creek,874,NA,NA
2016,Nine Mile Creek,875,NA,NA
2016,Nine Mile Creek,876,NA,NA
2016,Nine Mile Creek,877,NA,NA
2016,Nine Mile Creek,878,NA,NA
2016,Nine Mile Creek,879,NA,NA
2016,Nine Mile Creek,880,NA,NA
2016,Nine Mile Creek,881,NA,NA
2016,Nine Mile Creek,882,NA,NA
2016,Nine Mile Creek,883,NA,NA
2016,Nine Mile Creek,884,NA,NA
2016,Nine Mile Creek,885,NA,NA
2016,Nine Mile Creek,886,NA,NA
2016,Nine Mile Creek,887,NA,NA
2016,Nine Mile Creek,888,NA,NA
2016,Nine Mile Creek,889,NA,NA
2016,Nine Mile Creek,890,NA,NA
2016,Nine Mile Creek,891,NA,NA
2016,Nine Mile Creek,892,NA,NA
2016,Nine Mile Creek,893,NA,NA
2016,Nine Mile Creek,894,NA,NA
2016,Nine Mile Creek,895,NA,NA
2016,Nine Mile Creek,896,NA,NA
2016,Nine Mile Creek,897,NA,NA
2016,Nine Mile Creek,898,NA,NA
2016,Nine Mile Creek,899,NA,NA
2016,Nine Mile Creek,900,NA,NA
2016,Skinner's Pond,842,2,5
2016,Skinner's Pond,843,NA,3
2016,Skinner's Pond,844,1,2
2016,Skinner's Pond,845,NA,3
2016,Skinner's Pond,846,3,7
2016,Skinner's Pond,847,3,4
2016,Skinner's Pond,848,2,4
2016,Skinner's Pond,849,1,7
2016,Skinner's Pond,850,2,6
2016,Skinner's Pond,852,NA,2
2016,Skinner's Pond,853,2,3
2016,Skinner's Pond,854,1,4
2016,Skinner's Pond,855,NA,2
2016,Skinner's Pond,856,1,8
2016,Skinner's Pond,860,2,6
2016,Skinner's Pond,864,3,3
2016,Skinner's Pond,865,1,4
2016,Skinner's Pond,867,NA,5
2016,Skinner's Pond,870,1,7
2017,Alberton,699,6,5
2017,Alberton,700,6,2
2017,Alberton,701,10,3
2017,Alberton,702,8,5
2017,Alberton,703,6,3
2017,Alberton,704,3,5
2017,Alberton,705,5,1
2017,Alberton,706,4,5
2017,Alberton,707,10,4
2017,Alberton,708,8,4
2017,Alberton,709,1,1
2017,Alberton,710,5,2
2017,Alberton,711,7,7
2017,Alberton,712,9,4
2017,Alberton,713,6,2
2017,Alberton,714,10,3
2017,Alberton,715,12,5
2017,Alberton,716,4,1
2017,Alberton,717,6,6
2017,Alberton,718,5,4
2017,Alberton,719,7,3
2017,Alberton,720,8,4
2017,Alberton,721,8,6
2017,Alberton,722,9,3
2017,Alberton,723,10,5
2017,Alberton,724,6,4
2017,Alberton,725,5,4
2017,Alberton,726,6,3
2017,Alberton,727,2,3
2017,Alberton,728,7,6
2017,Covehead,634,2,4
2017,Covehead,635,1,4
2017,Covehead,636,3,2
2017,Covehead,637,2,1
2017,Covehead,638,2,2
2017,Covehead,639,3,2
2017,Covehead,640,1,2
2017,Covehead,641,3,3
2017,Covehead,642,2,2
2017,Covehead,643,2,2
2017,Covehead,644,NA,3
2017,Covehead,645,NA,2
2017,Covehead,646,4,3
2017,Covehead,647,2,1
2017,Covehead,648,3,3
2017,Covehead,649,2,4
2017,Covehead,650,2,3
2017,Covehead,651,2,2
2017,Covehead,652,NA,2
2017,Covehead,653,NA,1
2017,Covehead,654,3,3
2017,Covehead,655,2,1
2017,Covehead,656,2,6
2017,Covehead,657,NA,1
2017,Covehead,658,NA,NA
2017,Covehead,659,1,5
2017,Covehead,660,1,2
2017,Covehead,661,2,2
2017,Covehead,662,2,1
2017,Covehead,663,1,2
2017,Egmont Bay,789,NA,NA
2017,Egmont Bay,790,NA,NA
2017,Egmont Bay,791,NA,NA
2017,Egmont Bay,792,NA,1
2017,Egmont Bay,793,NA,NA
2017,Egmont Bay,794,NA,2
2017,Egmont Bay,795,NA,2
2017,Egmont Bay,796,NA,NA
2017,Egmont Bay,797,NA,1
2017,Egmont Bay,798,1,1
2017,Egmont Bay,799,NA,1
2017,Egmont Bay,800,NA,1
2017,Egmont Bay,801,1,1
2017,Egmont Bay,802,NA,NA
2017,Egmont Bay,803,NA,1
2017,Egmont Bay,804,NA,NA
2017,Egmont Bay,805,NA,1
2017,Egmont Bay,806,NA,NA
2017,Egmont Bay,807,NA,1
2017,Egmont Bay,808,NA,NA
2017,Egmont Bay,809,NA,NA
2017,Egmont Bay,810,NA,NA
2017,Egmont Bay,811,NA,NA
2017,Egmont Bay,812,NA,1
2017,Egmont Bay,813,NA,NA
2017,Egmont Bay,814,NA,1
2017,Egmont Bay,815,NA,1
2017,Egmont Bay,816,NA,1
2017,Egmont Bay,817,NA,1
2017,Egmont Bay,818,NA,1
2017,Fortune,664,1,1
2017,Fortune,665,1,1
2017,Fortune,666,NA,1
2017,Fortune,667,NA,2
2017,Fortune,668,1,2
2017,Fortune,669,NA,2
2017,Fortune,670,1,1
2017,Fortune,671,NA,2
2017,Fortune,672,NA,2
2017,Fortune,673,1,NA
2017,Fortune,674,NA,1
2017,Fortune,675,NA,3
2017,Fortune,676,1,1
2017,Fortune,677,2,1
2017,Fortune,678,NA,2
2017,Fortune,679,NA,1
2017,Fortune,680,NA,2
2017,Fortune,681,2,3
2017,Fortune,682,1,1
2017,Fortune,683,NA,NA
2017,Fortune,684,2,1
2017,Fortune,685,NA,2
2017,Fortune,686,NA,2
2017,Fortune,687,NA,1
2017,Fortune,688,2,1
2017,Fortune,689,1,1
2017,Fortune,690,NA,1
2017,Fortune,691,NA,3
2017,Fortune,692,1,1
2017,Fortune,693,2,2
2017,Fortune,694,NA,1
2017,Fortune,695,NA,NA
2017,Fortune,696,NA,NA
2017,Fortune,697,NA,NA
2017,Fortune,698,NA,NA
2017,Murray Harbour,759,NA,1
2017,Murray Harbour,760,1,1
2017,Murray Harbour,761,NA,NA
2017,Murray Harbour,762,1,1
2017,Murray Harbour,763,NA,2
2017,Murray Harbour,764,NA,1
2017,Murray Harbour,765,1,1
2017,Murray Harbour,766,1,NA
2017,Murray Harbour,767,NA,NA
2017,Murray Harbour,768,NA,NA
2017,Murray Harbour,769,NA,NA
2017,Murray Harbour,770,1,NA
2017,Murray Harbour,771,1,NA
2017,Murray Harbour,772,NA,1
2017,Murray Harbour,773,NA,NA
2017,Murray Harbour,774,1,1
2017,Murray Harbour,775,2,1
2017,Murray Harbour,776,1,2
2017,Murray Harbour,777,NA,1
2017,Murray Harbour,778,NA,1
2017,Murray Harbour,779,2,1
2017,Murray Harbour,780,1,1
2017,Murray Harbour,781,1,NA
2017,Murray Harbour,782,1,1
2017,Murray Harbour,783,NA,1
2017,Murray Harbour,784,NA,NA
2017,Murray Harbour,785,1,NA
2017,Murray Harbour,786,1,1
2017,Murray Harbour,787,NA,NA
2017,Murray Harbour,788,1,1
2017,Nine Mile Creek,729,NA,NA
2017,Nine Mile Creek,730,NA,NA
2017,Nine Mile Creek,731,NA,NA
2017,Nine Mile Creek,732,NA,NA
2017,Nine Mile Creek,733,NA,NA
2017,Nine Mile Creek,734,NA,NA
2017,Nine Mile Creek,735,NA,NA
2017,Nine Mile Creek,736,NA,NA
2017,Nine Mile Creek,737,NA,NA
2017,Nine Mile Creek,738,NA,NA
2017,Nine Mile Creek,739,NA,NA
2017,Nine Mile Creek,740,NA,NA
2017,Nine Mile Creek,741,NA,NA
2017,Nine Mile Creek,742,NA,NA
2017,Nine Mile Creek,743,NA,NA
2017,Nine Mile Creek,744,NA,NA
2017,Nine Mile Creek,745,NA,NA
2017,Nine Mile Creek,746,NA,NA
2017,Nine Mile Creek,747,NA,NA
2017,Nine Mile Creek,748,NA,NA
2017,Nine Mile Creek,749,NA,NA
2017,Nine Mile Creek,750,NA,NA
2017,Nine Mile Creek,751,NA,NA
2017,Nine Mile Creek,752,NA,NA
2017,Nine Mile Creek,753,NA,NA
2017,Nine Mile Creek,754,NA,NA
2017,Nine Mile Creek,755,NA,NA
2017,Nine Mile Creek,756,NA,NA
2017,Nine Mile Creek,757,NA,NA
2017,Nine Mile Creek,758,NA,NA
2017,Skinner's Pond,604,6,4
2017,Skinner's Pond,605,7,4
2017,Skinner's Pond,606,7,2
2017,Skinner's Pond,607,4,3
2017,Skinner's Pond,608,3,4
2017,Skinner's Pond,609,5,4
2017,Skinner's Pond,610,5,4
2017,Skinner's Pond,611,7,4
2017,Skinner's Pond,612,5,5
2017,Skinner's Pond,613,3,2
2017,Skinner's Pond,614,6,3
2017,Skinner's Pond,615,6,3
2017,Skinner's Pond,616,5,5
2017,Skinner's Pond,617,5,3
2017,Skinner's Pond,618,8,6
2017,Skinner's Pond,619,5,6
2017,Skinner's Pond,620,9,5
2017,Skinner's Pond,621,6,6
2017,Skinner's Pond,622,4,2
2017,Skinner's Pond,623,7,2
2017,Skinner's Pond,624,6,1
2017,Skinner's Pond,625,4,6
2017,Skinner's Pond,626,7,3
2017,Skinner's Pond,627,7,5
2017,Skinner's Pond,628,7,3
2017,Skinner's Pond,629,3,4
2017,Skinner's Pond,630,5,6
2017,Skinner's Pond,631,4,4
2017,Skinner's Pond,632,5,5
2017,Skinner's Pond,633,7,4
2017,Wallace,1161,NA,NA
2017,Wallace,1162,NA,NA
2017,Wallace,1164,NA,NA
2017,Wallace,1165,NA,NA
2017,Wallace,1166,NA,NA
2017,Wallace,1167,NA,NA
2017,Wallace,1168,NA,NA
2017,Wallace,1169,NA,NA
2017,Wallace,1170,NA,NA
2017,Wallace,1171,NA,NA
2017,Wallace,1172,NA,NA
2017,Wallace,1173,NA,NA
2017,Wallace,1174,NA,NA
2017,Wallace,1175,NA,NA
2017,Wallace,1176,NA,NA
2017,Wallace,1177,NA,NA
2017,Wallace,1178,NA,NA
2017,Wallace,1179,NA,NA
2017,Wallace,1180,NA,NA
2017,Wallace,1181,NA,NA
2017,Wallace,1182,NA,NA
2017,Wallace,1183,NA,NA
2017,Wallace,1184,NA,NA
2017,Wallace,1185,NA,NA
2017,Wallace,1186,NA,NA
2017,Wallace,1187,NA,NA
2017,Wallace,1188,NA,NA
2017,Wallace,1189,NA,NA
2017,Wallace,1190,NA,NA
2018,Alberton,2343,6,5
2018,Alberton,2344,8,7
2018,Alberton,2345,6,5
2018,Alberton,2346,10,3
2018,Alberton,2347,4,6
2018,Alberton,2348,4,1
2018,Alberton,2349,7,5
2018,Alberton,2350,6,7
2018,Alberton,2351,10,5
2018,Alberton,2353,7,4
2018,Alberton,2354,5,3
2018,Alberton,2355,6,2
2018,Alberton,2356,3,2
2018,Alberton,2357,5,6
2018,Alberton,2358,5,5
2018,Alberton,2359,5,5
2018,Alberton,2360,8,3
2018,Alberton,2361,1,2
2018,Alberton,2362,2,4
2018,Alberton,2363,6,5
2018,Alberton,2364,1,5
2018,Alberton,2365,10,2
2018,Alberton,2366,9,4
2018,Alberton,2367,5,2
2018,Alberton,2368,8,4
2018,Alberton,2370,9,6
2018,Alberton,2371,11,5
2018,Alberton,2372,10,2
2018,Covehead,2373,11,2
2018,Covehead,2374,5,6
2018,Covehead,2375,8,5
2018,Covehead,2376,2,NA
2018,Covehead,2378,8,1
2018,Covehead,2379,4,4
2018,Covehead,2380,NA,3
2018,Covehead,2381,9,3
2018,Covehead,2382,12,5
2018,Covehead,2383,9,5
2018,Covehead,2384,8,4
2018,Covehead,2385,8,3
2018,Covehead,2386,9,3
2018,Covehead,2388,2,4
2018,Covehead,2389,8,5
2018,Covehead,2390,5,2
2018,Covehead,2391,10,2
2018,Covehead,2392,5,3
2018,Covehead,2393,7,5
2018,Covehead,2394,11,6
2018,Covehead,2395,14,5
2018,Covehead,2397,12,NA
2018,Covehead,2398,10,2
2018,Covehead,2399,7,1
2018,Covehead,2501,6,3
2018,Covehead,2502,9,4
2018,Egmont Bay,2335,NA,NA
2018,Egmont Bay,2536,NA,1
2018,Egmont Bay,2537,NA,NA
2018,Egmont Bay,2539,NA,2
2018,Egmont Bay,2540,NA,NA
2018,Egmont Bay,2541,NA,NA
2018,Egmont Bay,2542,NA,NA
2018,Egmont Bay,2543,NA,NA
2018,Egmont Bay,2545,NA,1
2018,Egmont Bay,2546,NA,2
2018,Egmont Bay,2547,NA,NA
2018,Egmont Bay,2548,NA,1
2018,Egmont Bay,2550,NA,1
2018,Egmont Bay,2551,NA,2
2018,Egmont Bay,2552,NA,NA
2018,Egmont Bay,2553,1,NA
2018,Egmont Bay,2554,NA,1
2018,Egmont Bay,2555,NA,NA
2018,Egmont Bay,2556,NA,NA
2018,Egmont Bay,2557,2,1
2018,Egmont Bay,2558,NA,NA
2018,Egmont Bay,2559,NA,1
2018,Egmont Bay,2560,NA,NA
2018,Egmont Bay,2561,NA,1
2018,Egmont Bay,2562,NA,1
2018,Fortune,178,NA,NA
2018,Fortune,179,NA,NA
2018,Fortune,180,NA,1
2018,Fortune,181,NA,NA
2018,Fortune,182,NA,NA
2018,Fortune,183,NA,2
2018,Fortune,184,NA,1
2018,Fortune,185,NA,1
2018,Fortune,186,NA,NA
2018,Fortune,187,2,2
2018,Fortune,188,1,2
2018,Fortune,189,1,2
2018,Fortune,190,1,1
2018,Fortune,191,2,1
2018,Fortune,192,1,1
2018,Fortune,193,NA,3
2018,Fortune,194,NA,2
2018,Fortune,195,1,2
2018,Fortune,196,NA,2
2018,Fortune,197,NA,1
2018,Fortune,198,NA,1
2018,Fortune,199,NA,2
2018,Fortune,200,1,2
2018,Fortune,2301,1,NA
2018,Fortune,2302,NA,NA
2018,Fortune,2303,NA,2
2018,Fortune,2304,NA,NA
2018,Fortune,2305,NA,3
2018,Fortune,2306,NA,1
2018,Fortune,2307,1,1
2018,Fortune,2308,NA,1
2018,Fortune,2309,1,1
2018,Fortune,2310,NA,3
2018,Fortune,2311,1,2
2018,Fortune,2312,1,NA
2018,Murray Harbour,2563,1,2
2018,Murray Harbour,2564,NA,2
2018,Murray Harbour,2565,1,1
2018,Murray Harbour,2566,NA,2
2018,Murray Harbour,2567,1,NA
2018,Murray Harbour,2568,NA,1
2018,Murray Harbour,2569,NA,1
2018,Murray Harbour,2570,1,1
2018,Murray Harbour,2571,NA,1
2018,Murray Harbour,2572,NA,1
2018,Murray Harbour,2573,NA,1
2018,Murray Harbour,2574,1,1
2018,Murray Harbour,2575,NA,NA
2018,Murray Harbour,2576,NA,1
2018,Murray Harbour,2577,NA,NA
2018,Murray Harbour,2578,NA,NA
2018,Murray Harbour,2579,1,1
2018,Murray Harbour,2580,NA,NA
2018,Murray Harbour,2581,1,2
2018,Murray Harbour,2582,1,NA
2018,Murray Harbour,2583,NA,NA
2018,Murray Harbour,2584,NA,NA
2018,Murray Harbour,2585,NA,1
2018,Murray Harbour,2586,1,NA
2018,Murray Harbour,2587,2,1
2018,Murray Harbour,2588,NA,NA
2018,Murray Harbour,2589,NA,NA
2018,Murray Harbour,2590,1,1
2018,Murray Harbour,2591,1,1
2018,Murray Harbour,2592,1,1
2018,Nine Mile Creek,2504,NA,NA
2018,Nine Mile Creek,2505,NA,NA
2018,Nine Mile Creek,2506,NA,NA
2018,Nine Mile Creek,2507,NA,NA
2018,Nine Mile Creek,2508,NA,NA
2018,Nine Mile Creek,2509,NA,NA
2018,Nine Mile Creek,2510,NA,NA
2018,Nine Mile Creek,2511,NA,NA
2018,Nine Mile Creek,2512,NA,NA
2018,Nine Mile Creek,2513,NA,NA
2018,Nine Mile Creek,2514,NA,NA
2018,Nine Mile Creek,2515,NA,NA
2018,Nine Mile Creek,2516,NA,NA
2018,Nine Mile Creek,2517,NA,NA
2018,Nine Mile Creek,2518,NA,NA
2018,Nine Mile Creek,2519,NA,NA
2018,Nine Mile Creek,2520,NA,NA
2018,Nine Mile Creek,2521,NA,NA
2018,Nine Mile Creek,2522,NA,NA
2018,Nine Mile Creek,2523,NA,NA
2018,Nine Mile Creek,2524,NA,NA
2018,Nine Mile Creek,2525,NA,NA
2018,Nine Mile Creek,2526,NA,NA
2018,Nine Mile Creek,2528,NA,NA
2018,Nine Mile Creek,2529,NA,NA
2018,Nine Mile Creek,2530,NA,NA
2018,Nine Mile Creek,2531,NA,NA
2018,Nine Mile Creek,2532,NA,NA
2018,Skinner's Pond,2313,15,5
2018,Skinner's Pond,2314,8,7
2018,Skinner's Pond,2315,9,5
2018,Skinner's Pond,2316,13,5
2018,Skinner's Pond,2317,16,6
2018,Skinner's Pond,2318,9,5
2018,Skinner's Pond,2319,12,5
2018,Skinner's Pond,2320,18,5
2018,Skinner's Pond,2321,13,3
2018,Skinner's Pond,2322,9,6
2018,Skinner's Pond,2323,13,5
2018,Skinner's Pond,2324,18,6
2018,Skinner's Pond,2325,15,5
2018,Skinner's Pond,2328,9,6
2018,Skinner's Pond,2329,12,3
2018,Skinner's Pond,2330,15,6
2018,Skinner's Pond,2331,12,3
2018,Skinner's Pond,2332,13,5
2018,Skinner's Pond,2333,10,3
2018,Skinner's Pond,2334,17,3
2018,Skinner's Pond,2335,6,4
2018,Skinner's Pond,2336,14,3
2018,Skinner's Pond,2337,11,5
2018,Skinner's Pond,2338,8,4
2018,Skinner's Pond,2339,14,4
2018,Skinner's Pond,2340,11,5
2018,Skinner's Pond,2341,7,6
2018,Skinner's Pond,2342,6,3
2018,Wallace,2045,NA,NA
2018,Wallace,2046,NA,NA
2018,Wallace,2048,NA,NA
2018,Wallace,2049,NA,NA
2018,Wallace,2050,NA,NA
2018,Wallace,2051,NA,NA
2018,Wallace,2052,NA,NA
2018,Wallace,2053,NA,NA
2018,Wallace,2054,NA,NA
2018,Wallace,2055,NA,NA
2018,Wallace,2056,NA,NA
2018,Wallace,2057,NA,NA
2018,Wallace,2113,NA,NA
2018,Wallace,2114,NA,NA
2018,Wallace,2115,NA,NA
2018,Wallace,2116,NA,NA
2018,Wallace,2117,NA,NA
2018,Wallace,2118,NA,NA
2018,Wallace,2119,NA,NA
2018,Wallace,2120,NA,NA
2018,Wallace,2121,NA,NA
2018,Wallace,2122,NA,NA
2018,Wallace,2123,NA,NA
2018,Wallace,2124,NA,NA
2018,Wallace,2125,NA,NA
2018,Wallace,2128,NA,NA
2018,Wallace,2129,NA,NA
2018,Wallace,9999,NA,NA
2019,Alberton,1266,7,3
2019,Alberton,1267,4,5
2019,Alberton,1268,9,6
2019,Alberton,1269,7,6
2019,Alberton,1270,5,3
2019,Alberton,1271,4,2
2019,Alberton,1272,2,5
2019,Alberton,1273,2,2
2019,Alberton,1274,2,4
2019,Alberton,1275,7,5
2019,Alberton,1276,4,1
2019,Alberton,1277,5,5
2019,Alberton,1278,7,5
2019,Alberton,1279,2,5
2019,Alberton,1281,NA,NA
2019,Alberton,1282,NA,NA
2019,Alberton,1283,9,12
2019,Alberton,1284,8,6
2019,Alberton,1285,11,4
2019,Alberton,1286,10,7
2019,Alberton,1287,5,3
2019,Alberton,1288,5,4
2019,Alberton,1290,12,8
2019,Alberton,1291,1,1
2019,Alberton,1292,9,5
2019,Alberton,1293,NA,NA
2019,Alberton,1294,1,2
2019,Alberton,1295,1,NA
2019,Covehead,1356,1,8
2019,Covehead,1357,3,7
2019,Covehead,1358,1,8
2019,Covehead,1360,2,5
2019,Covehead,1361,NA,4
2019,Covehead,1364,5,9
2019,Covehead,1365,1,4
2019,Covehead,1366,NA,2
2019,Covehead,1367,2,3
2019,Covehead,1368,NA,4
2019,Covehead,1369,NA,6
2019,Covehead,1370,NA,4
2019,Covehead,1372,1,NA
2019,Covehead,1374,5,8
2019,Covehead,1375,NA,9
2019,Covehead,1376,1,6
2019,Covehead,1377,1,3
2019,Covehead,1378,3,6
2019,Covehead,1381,NA,NA
2019,Covehead,1385,2,7
2019,Egmont Bay,1296,1,1
2019,Egmont Bay,1297,1,1
2019,Egmont Bay,1298,NA,1
2019,Egmont Bay,1299,1,1
2019,Egmont Bay,1300,NA,NA
2019,Egmont Bay,1301,NA,2
2019,Egmont Bay,1302,1,2
2019,Egmont Bay,1303,1,1
2019,Egmont Bay,1304,NA,3
2019,Egmont Bay,1305,2,2
2019,Egmont Bay,1306,2,3
2019,Egmont Bay,1307,NA,1
2019,Egmont Bay,1308,NA,2
2019,Egmont Bay,1309,NA,1
2019,Egmont Bay,1310,NA,1
2019,Egmont Bay,1311,NA,4
2019,Egmont Bay,1312,2,2
2019,Egmont Bay,1313,NA,1
2019,Egmont Bay,1314,NA,1
2019,Egmont Bay,1315,1,1
2019,Egmont Bay,1316,NA,1
2019,Egmont Bay,1317,1,1
2019,Egmont Bay,1318,1,2
2019,Egmont Bay,1319,NA,1
2019,Egmont Bay,1320,1,2
2019,Egmont Bay,1321,NA,2
2019,Egmont Bay,1322,NA,1
2019,Egmont Bay,1323,NA,2
2019,Egmont Bay,1324,1,1
2019,Egmont Bay,1325,1,3
2019,Fortune,1231,NA,NA
2019,Fortune,1232,NA,NA
2019,Fortune,1233,NA,1
2019,Fortune,1234,NA,NA
2019,Fortune,1235,NA,NA
2019,Fortune,1236,NA,NA
2019,Fortune,1237,NA,2
2019,Fortune,1238,NA,NA
2019,Fortune,1239,NA,1
2019,Fortune,1240,1,2
2019,Fortune,1241,1,3
2019,Fortune,1242,1,3
2019,Fortune,1243,1,1
2019,Fortune,1244,NA,4
2019,Fortune,1245,NA,4
2019,Fortune,1246,NA,4
2019,Fortune,1247,3,NA
2019,Fortune,1248,NA,2
2019,Fortune,1249,1,1
2019,Fortune,1250,1,3
2019,Fortune,1251,1,3
2019,Fortune,1252,1,2
2019,Fortune,1253,NA,1
2019,Fortune,1254,1,2
2019,Fortune,1255,NA,NA
2019,Fortune,1256,NA,2
2019,Fortune,1257,NA,1
2019,Fortune,1258,1,NA
2019,Fortune,1259,2,1
2019,Fortune,1260,NA,NA
2019,Fortune,1261,NA,2
2019,Fortune,1262,1,NA
2019,Fortune,1263,NA,1
2019,Fortune,1264,NA,1
2019,Fortune,1265,NA,1
2019,Murray Harbour,326,1,2
2019,Murray Harbour,327,NA,1
2019,Murray Harbour,328,NA,3
2019,Murray Harbour,329,NA,NA
2019,Murray Harbour,330,NA,NA
2019,Murray Harbour,331,1,NA
2019,Murray Harbour,332,NA,3
2019,Murray Harbour,333,NA,NA
2019,Murray Harbour,334,NA,2
2019,Murray Harbour,335,NA,1
2019,Murray Harbour,336,1,NA
2019,Murray Harbour,338,1,1
2019,Murray Harbour,339,NA,NA
2019,Murray Harbour,341,1,1
2019,Murray Harbour,342,1,1
2019,Murray Harbour,343,1,2
2019,Murray Harbour,344,NA,NA
2019,Murray Harbour,345,NA,NA
2019,Murray Harbour,346,NA,NA
2019,Murray Harbour,347,NA,NA
2019,Murray Harbour,348,1,NA
2019,Murray Harbour,349,NA,NA
2019,Murray Harbour,351,NA,1
2019,Murray Harbour,352,NA,2
2019,Murray Harbour,353,NA,NA
2019,Murray Harbour,354,NA,NA
2019,Murray Harbour,355,1,1
2019,Nine Mile Creek,1386,NA,NA
2019,Nine Mile Creek,1387,NA,NA
2019,Nine Mile Creek,1388,NA,NA
2019,Nine Mile Creek,1389,NA,NA
2019,Nine Mile Creek,1390,NA,NA
2019,Nine Mile Creek,1391,NA,NA
2019,Nine Mile Creek,1392,NA,NA
2019,Nine Mile Creek,1393,NA,NA
2019,Nine Mile Creek,1394,NA,NA
2019,Nine Mile Creek,1395,NA,NA
2019,Nine Mile Creek,1396,NA,NA
2019,Nine Mile Creek,1397,NA,NA
2019,Nine Mile Creek,1398,NA,NA
2019,Nine Mile Creek,1399,NA,NA
2019,Nine Mile Creek,1400,NA,NA
2019,Nine Mile Creek,1401,NA,NA
2019,Nine Mile Creek,1402,NA,NA
2019,Nine Mile Creek,1403,NA,NA
2019,Nine Mile Creek,1404,NA,NA
2019,Nine Mile Creek,1405,NA,NA
2019,Nine Mile Creek,1406,NA,NA
2019,Nine Mile Creek,1407,NA,NA
2019,Nine Mile Creek,1408,NA,NA
2019,Nine Mile Creek,1409,NA,NA
2019,Nine Mile Creek,1410,NA,NA
2019,Nine Mile Creek,1411,NA,NA
2019,Nine Mile Creek,1412,NA,NA
2019,Nine Mile Creek,1413,NA,NA
2019,Nine Mile Creek,1414,NA,NA
2019,Nine Mile Creek,1415,NA,NA
2019,Nine Mile Creek,1416,NA,NA
2019,Nine Mile Creek,1417,NA,NA
2019,Nine Mile Creek,1418,NA,NA
2019,Nine Mile Creek,1419,NA,NA
2019,Nine Mile Creek,1420,NA,NA
2019,Skinner's Pond,1201,6,5
2019,Skinner's Pond,1203,3,3
2019,Skinner's Pond,1205,6,7
2019,Skinner's Pond,1206,7,8
2019,Skinner's Pond,1207,5,8
2019,Skinner's Pond,1208,7,6
2019,Skinner's Pond,1209,3,9
2019,Skinner's Pond,1210,8,4
2019,Skinner's Pond,1211,8,8
2019,Skinner's Pond,1212,9,5
2019,Skinner's Pond,1213,8,9
2019,Skinner's Pond,1214,7,7
2019,Skinner's Pond,1215,2,4
2019,Skinner's Pond,1216,3,8
2019,Skinner's Pond,1217,6,2
2019,Skinner's Pond,1218,6,6
2019,Skinner's Pond,1219,NA,NA
2019,Skinner's Pond,1220,4,6
2019,Skinner's Pond,1221,7,4
2019,Skinner's Pond,1222,6,6
2019,Skinner's Pond,1223,9,7
2019,Skinner's Pond,1224,6,7
2019,Skinner's Pond,1225,1,6
2019,Skinner's Pond,1226,5,6
2019,Skinner's Pond,1227,2,3
2019,Skinner's Pond,1228,4,6
2019,Skinner's Pond,1229,3,7
2019,Skinner's Pond,1230,8,12