"year","site","collector","species","size","sex","claws"
2019,"Alberton",1266,"Homarus americanus",20.8,"M",NA
2019,"Alberton",1266,"Homarus americanus",20.6,"M",NA
2019,"Alberton",1266,"Homarus americanus",18.1,"M",NA
2019,"Alberton",1266,"Homarus americanus",10.6,"",NA
2019,"Alberton",1266,"Homarus americanus",9.1,"",NA
2019,"Alberton",1266,"Homarus americanus",10.5,"",NA
2019,"Alberton",1266,"Homarus americanus",7.9,"",NA
2019,"Alberton",1266,"Homarus americanus",8.5,"",NA
2019,"Alberton",1266,"Homarus americanus",7.5,"",NA
2019,"Alberton",1266,"Homarus americanus",7.6,"",NA
2019,"Alberton",1267,"Homarus americanus",15.2,"",NA
2019,"Alberton",1267,"Homarus americanus",26.3,"F",NA
2019,"Alberton",1267,"Homarus americanus",13.4,"",NA
2019,"Alberton",1267,"Homarus americanus",14.4,"",NA
2019,"Alberton",1267,"Homarus americanus",8.5,"",NA
2019,"Alberton",1267,"Homarus americanus",15.6,"",NA
2019,"Alberton",1267,"Homarus americanus",8.1,"",NA
2019,"Alberton",1267,"Homarus americanus",8.5,"",NA
2019,"Alberton",1267,"Homarus americanus",9.2,"",NA
2019,"Alberton",1268,"Homarus americanus",14.5,"",NA
2019,"Alberton",1268,"Homarus americanus",46.9,"M",NA
2019,"Alberton",1268,"Homarus americanus",20.4,"F",NA
2019,"Alberton",1268,"Homarus americanus",19.8,"F",NA
2019,"Alberton",1268,"Homarus americanus",16.4,"",NA
2019,"Alberton",1268,"Homarus americanus",10,"",NA
2019,"Alberton",1268,"Homarus americanus",8.2,"",NA
2019,"Alberton",1268,"Homarus americanus",8.3,"",NA
2019,"Alberton",1268,"Homarus americanus",8,"",NA
2019,"Alberton",1268,"Homarus americanus",10,"",NA
2019,"Alberton",1268,"Homarus americanus",11.5,"",NA
2019,"Alberton",1268,"Homarus americanus",13.7,"",NA
2019,"Alberton",1268,"Homarus americanus",11,"",NA
2019,"Alberton",1268,"Homarus americanus",6.4,"",NA
2019,"Alberton",1268,"Homarus americanus",9.9,"",NA
2019,"Alberton",1269,"Homarus americanus",45.4,"F",NA
2019,"Alberton",1269,"Homarus americanus",17.5,"",NA
2019,"Alberton",1269,"Homarus americanus",29,"M",NA
2019,"Alberton",1269,"Homarus americanus",16.5,"",NA
2019,"Alberton",1269,"Homarus americanus",12.4,"",NA
2019,"Alberton",1269,"Homarus americanus",8.4,"",NA
2019,"Alberton",1269,"Homarus americanus",11,"",NA
2019,"Alberton",1269,"Homarus americanus",8.6,"",NA
2019,"Alberton",1269,"Homarus americanus",8.9,"",NA
2019,"Alberton",1269,"Homarus americanus",8.6,"",NA
2019,"Alberton",1269,"Homarus americanus",7.5,"",NA
2019,"Alberton",1269,"Homarus americanus",13.2,"",NA
2019,"Alberton",1269,"Homarus americanus",8,"",NA
2019,"Alberton",1270,"Homarus americanus",28.7,"M",NA
2019,"Alberton",1270,"Homarus americanus",10.9,"",NA
2019,"Alberton",1270,"Homarus americanus",10.8,"",NA
2019,"Alberton",1270,"Homarus americanus",13.4,"",NA
2019,"Alberton",1270,"Homarus americanus",13.3,"",NA
2019,"Alberton",1270,"Homarus americanus",8.4,"",NA
2019,"Alberton",1270,"Homarus americanus",9.1,"",NA
2019,"Alberton",1270,"Homarus americanus",7.9,"",NA
2019,"Alberton",1271,"Homarus americanus",32.2,"M",NA
2019,"Alberton",1271,"Homarus americanus",13.1,"",NA
2019,"Alberton",1271,"Homarus americanus",8,"",NA
2019,"Alberton",1271,"Homarus americanus",8.1,"",NA
2019,"Alberton",1271,"Homarus americanus",8.1,"",NA
2019,"Alberton",1271,"Homarus americanus",9.4,"",NA
2019,"Alberton",1272,"Homarus americanus",30.8,"F",NA
2019,"Alberton",1272,"Homarus americanus",16.3,"",NA
2019,"Alberton",1272,"Homarus americanus",15.5,"",NA
2019,"Alberton",1272,"Homarus americanus",14.1,"",NA
2019,"Alberton",1272,"Homarus americanus",9.3,"",NA
2019,"Alberton",1272,"Homarus americanus",13,"",NA
2019,"Alberton",1272,"Homarus americanus",7.2,"",NA
2019,"Alberton",1273,"Homarus americanus",20.4,"M",NA
2019,"Alberton",1273,"Homarus americanus",26.7,"F",NA
2019,"Alberton",1273,"Homarus americanus",8.8,"",NA
2019,"Alberton",1273,"Homarus americanus",9.4,"",NA
2019,"Alberton",1274,"Homarus americanus",17.6,"",NA
2019,"Alberton",1274,"Homarus americanus",34.7,"M",NA
2019,"Alberton",1274,"Homarus americanus",20.6,"M",NA
2019,"Alberton",1274,"Homarus americanus",18.8,"",NA
2019,"Alberton",1274,"Homarus americanus",11.4,"",NA
2019,"Alberton",1274,"Homarus americanus",8.2,"",NA
2019,"Alberton",1275,"Homarus americanus",19.7,"F",NA
2019,"Alberton",1275,"Homarus americanus",28.7,"F",NA
2019,"Alberton",1275,"Homarus americanus",22.7,"F",NA
2019,"Alberton",1275,"Homarus americanus",10.5,"",NA
2019,"Alberton",1275,"Homarus americanus",12.4,"",NA
2019,"Alberton",1275,"Homarus americanus",11.6,"",NA
2019,"Alberton",1275,"Homarus americanus",8.2,"",NA
2019,"Alberton",1275,"Homarus americanus",8.3,"",NA
2019,"Alberton",1275,"Homarus americanus",10,"",NA
2019,"Alberton",1275,"Homarus americanus",15.3,"",NA
2019,"Alberton",1275,"Homarus americanus",10.3,"",NA
2019,"Alberton",1275,"Homarus americanus",6.1,"",NA
2019,"Alberton",1276,"Homarus americanus",18.3,"M",NA
2019,"Alberton",1276,"Homarus americanus",11.7,"",NA
2019,"Alberton",1276,"Homarus americanus",7.6,"",NA
2019,"Alberton",1276,"Homarus americanus",8.7,"",NA
2019,"Alberton",1276,"Homarus americanus",9.5,"",NA
2019,"Alberton",1277,"Homarus americanus",28.8,"F",NA
2019,"Alberton",1277,"Homarus americanus",21.8,"F",NA
2019,"Alberton",1277,"Homarus americanus",15.5,"",NA
2019,"Alberton",1277,"Homarus americanus",14.2,"",NA
2019,"Alberton",1277,"Homarus americanus",15.9,"",NA
2019,"Alberton",1277,"Homarus americanus",11.3,"",NA
2019,"Alberton",1277,"Homarus americanus",9.3,"",NA
2019,"Alberton",1277,"Homarus americanus",9.6,"",NA
2019,"Alberton",1277,"Homarus americanus",8.7,"",NA
2019,"Alberton",1277,"Homarus americanus",8.5,"",NA
2019,"Alberton",1278,"Homarus americanus",33,"F",NA
2019,"Alberton",1278,"Homarus americanus",18,"",NA
2019,"Alberton",1278,"Homarus americanus",17.6,"",NA
2019,"Alberton",1278,"Homarus americanus",14.5,"",NA
2019,"Alberton",1278,"Homarus americanus",10.1,"",NA
2019,"Alberton",1278,"Homarus americanus",9.1,"",NA
2019,"Alberton",1278,"Homarus americanus",13.5,"",NA
2019,"Alberton",1278,"Homarus americanus",8.8,"",NA
2019,"Alberton",1278,"Homarus americanus",8.3,"",NA
2019,"Alberton",1278,"Homarus americanus",7.1,"",NA
2019,"Alberton",1278,"Homarus americanus",8.3,"",NA
2019,"Alberton",1278,"Homarus americanus",10.2,"",NA
2019,"Alberton",1279,"Homarus americanus",20.4,"F",NA
2019,"Alberton",1279,"Homarus americanus",34.4,"F",NA
2019,"Alberton",1279,"Homarus americanus",19.6,"M",NA
2019,"Alberton",1279,"Homarus americanus",13.4,"",NA
2019,"Alberton",1279,"Homarus americanus",8.9,"",NA
2019,"Alberton",1279,"Homarus americanus",8.6,"",NA
2019,"Alberton",1279,"Homarus americanus",14.3,"",NA
2019,"Alberton",1280,"Homarus americanus",14.8,"",NA
2019,"Alberton",1280,"Homarus americanus",10.4,"",NA
2019,"Alberton",1280,"Homarus americanus",8.4,"",NA
2019,"Alberton",1280,"Homarus americanus",9.4,"",NA
2019,"Alberton",1281,"Homarus americanus",NA,"",NA
2019,"Alberton",1282,"Homarus americanus",NA,"",NA
2019,"Alberton",1283,"Homarus americanus",32,"M",NA
2019,"Alberton",1283,"Homarus americanus",31.3,"M",NA
2019,"Alberton",1283,"Homarus americanus",16.5,"",NA
2019,"Alberton",1283,"Homarus americanus",15.4,"",NA
2019,"Alberton",1283,"Homarus americanus",12.4,"",NA
2019,"Alberton",1283,"Homarus americanus",13.7,"",NA
2019,"Alberton",1283,"Homarus americanus",11.7,"",NA
2019,"Alberton",1283,"Homarus americanus",8,"",NA
2019,"Alberton",1283,"Homarus americanus",11.5,"",NA
2019,"Alberton",1283,"Homarus americanus",13.6,"",NA
2019,"Alberton",1283,"Homarus americanus",7.2,"",NA
2019,"Alberton",1283,"Homarus americanus",8.3,"",NA
2019,"Alberton",1283,"Homarus americanus",14.6,"",NA
2019,"Alberton",1283,"Homarus americanus",14.7,"M",NA
2019,"Alberton",1283,"Homarus americanus",15.7,"",NA
2019,"Alberton",1283,"Homarus americanus",10,"",NA
2019,"Alberton",1283,"Homarus americanus",18.6,"F",NA
2019,"Alberton",1283,"Homarus americanus",11.5,"",NA
2019,"Alberton",1283,"Homarus americanus",9.2,"",NA
2019,"Alberton",1283,"Homarus americanus",13.2,"",NA
2019,"Alberton",1283,"Homarus americanus",8.6,"",NA
2019,"Alberton",1284,"Homarus americanus",37.2,"M",NA
2019,"Alberton",1284,"Homarus americanus",17.2,"",NA
2019,"Alberton",1284,"Homarus americanus",9.2,"",NA
2019,"Alberton",1284,"Homarus americanus",8.6,"",NA
2019,"Alberton",1284,"Homarus americanus",12.6,"",NA
2019,"Alberton",1284,"Homarus americanus",14.3,"",NA
2019,"Alberton",1284,"Homarus americanus",21.6,"M",NA
2019,"Alberton",1284,"Homarus americanus",8.5,"",NA
2019,"Alberton",1284,"Homarus americanus",9.5,"",NA
2019,"Alberton",1284,"Homarus americanus",15.6,"",NA
2019,"Alberton",1284,"Homarus americanus",8.4,"",NA
2019,"Alberton",1284,"Homarus americanus",8.3,"",NA
2019,"Alberton",1284,"Homarus americanus",7.5,"",NA
2019,"Alberton",1284,"Homarus americanus",8.5,"",NA
2019,"Alberton",1285,"Homarus americanus",19.1,"M",NA
2019,"Alberton",1285,"Homarus americanus",25.4,"M",NA
2019,"Alberton",1285,"Homarus americanus",17.9,"M",NA
2019,"Alberton",1285,"Homarus americanus",26.2,"M",NA
2019,"Alberton",1285,"Homarus americanus",9.1,"",NA
2019,"Alberton",1285,"Homarus americanus",10.6,"",NA
2019,"Alberton",1285,"Homarus americanus",9.4,"",NA
2019,"Alberton",1285,"Homarus americanus",8.6,"",NA
2019,"Alberton",1285,"Homarus americanus",8.7,"",NA
2019,"Alberton",1285,"Homarus americanus",9.6,"",NA
2019,"Alberton",1285,"Homarus americanus",8.9,"",NA
2019,"Alberton",1285,"Homarus americanus",7.6,"",NA
2019,"Alberton",1285,"Homarus americanus",8.5,"",NA
2019,"Alberton",1285,"Homarus americanus",8.2,"",NA
2019,"Alberton",1285,"Homarus americanus",6.3,"",NA
2019,"Alberton",1286,"Homarus americanus",36.3,"M",NA
2019,"Alberton",1286,"Homarus americanus",17,"M",NA
2019,"Alberton",1286,"Homarus americanus",20.6,"F",NA
2019,"Alberton",1286,"Homarus americanus",27.3,"M",NA
2019,"Alberton",1286,"Homarus americanus",11.1,"",NA
2019,"Alberton",1286,"Homarus americanus",17.8,"M",NA
2019,"Alberton",1286,"Homarus americanus",13.6,"",NA
2019,"Alberton",1286,"Homarus americanus",13.9,"",NA
2019,"Alberton",1286,"Homarus americanus",11.3,"",NA
2019,"Alberton",1286,"Homarus americanus",10.7,"",NA
2019,"Alberton",1286,"Homarus americanus",8.6,"",NA
2019,"Alberton",1286,"Homarus americanus",8.4,"",NA
2019,"Alberton",1286,"Homarus americanus",8.5,"",NA
2019,"Alberton",1286,"Homarus americanus",8.3,"",NA
2019,"Alberton",1286,"Homarus americanus",6.5,"",NA
2019,"Alberton",1286,"Homarus americanus",7.3,"",NA
2019,"Alberton",1286,"Homarus americanus",7.3,"",NA
2019,"Alberton",1287,"Homarus americanus",14.6,"",NA
2019,"Alberton",1287,"Homarus americanus",30.5,"M",NA
2019,"Alberton",1287,"Homarus americanus",9.5,"",NA
2019,"Alberton",1287,"Homarus americanus",16.3,"",NA
2019,"Alberton",1287,"Homarus americanus",9.4,"",NA
2019,"Alberton",1287,"Homarus americanus",7.3,"",NA
2019,"Alberton",1287,"Homarus americanus",8.6,"",NA
2019,"Alberton",1287,"Homarus americanus",11.7,"",NA
2019,"Alberton",1288,"Homarus americanus",16.4,"",NA
2019,"Alberton",1288,"Homarus americanus",21.1,"M",NA
2019,"Alberton",1288,"Homarus americanus",11.5,"",NA
2019,"Alberton",1288,"Homarus americanus",14,"",NA
2019,"Alberton",1288,"Homarus americanus",9.5,"",NA
2019,"Alberton",1288,"Homarus americanus",9.4,"",NA
2019,"Alberton",1288,"Homarus americanus",10.5,"",NA
2019,"Alberton",1288,"Homarus americanus",17.2,"",NA
2019,"Alberton",1288,"Homarus americanus",7.1,"",NA
2019,"Alberton",1289,"Homarus americanus",NA,"",NA
2019,"Alberton",1290,"Homarus americanus",18,"F",NA
2019,"Alberton",1290,"Homarus americanus",14,"F",NA
2019,"Alberton",1290,"Homarus americanus",25,"F",NA
2019,"Alberton",1290,"Homarus americanus",21,"M",NA
2019,"Alberton",1290,"Homarus americanus",14.1,"",NA
2019,"Alberton",1290,"Homarus americanus",15.4,"M",NA
2019,"Alberton",1290,"Homarus americanus",9.7,"",NA
2019,"Alberton",1290,"Homarus americanus",13,"M",NA
2019,"Alberton",1290,"Homarus americanus",21.9,"M",NA
2019,"Alberton",1290,"Homarus americanus",9.5,"",NA
2019,"Alberton",1290,"Homarus americanus",10.1,"",NA
2019,"Alberton",1290,"Homarus americanus",9.1,"",NA
2019,"Alberton",1290,"Homarus americanus",9.1,"",NA
2019,"Alberton",1290,"Homarus americanus",10,"",NA
2019,"Alberton",1290,"Homarus americanus",8.6,"",NA
2019,"Alberton",1290,"Homarus americanus",9.7,"",NA
2019,"Alberton",1290,"Homarus americanus",7.6,"",NA
2019,"Alberton",1290,"Homarus americanus",9.8,"",NA
2019,"Alberton",1290,"Homarus americanus",9.8,"",NA
2019,"Alberton",1290,"Homarus americanus",8.8,"",NA
2019,"Alberton",1291,"Homarus americanus",13.3,"",NA
2019,"Alberton",1291,"Homarus americanus",10.1,"",NA
2019,"Alberton",1292,"Homarus americanus",24.6,"M",NA
2019,"Alberton",1292,"Homarus americanus",25.8,"M",NA
2019,"Alberton",1292,"Homarus americanus",19.8,"M",NA
2019,"Alberton",1292,"Homarus americanus",15.6,"",NA
2019,"Alberton",1292,"Homarus americanus",10,"",NA
2019,"Alberton",1292,"Homarus americanus",11.9,"",NA
2019,"Alberton",1292,"Homarus americanus",10.1,"",NA
2019,"Alberton",1292,"Homarus americanus",7.2,"",NA
2019,"Alberton",1292,"Homarus americanus",10.4,"",NA
2019,"Alberton",1292,"Homarus americanus",10.6,"",NA
2019,"Alberton",1292,"Homarus americanus",8.6,"",NA
2019,"Alberton",1292,"Homarus americanus",8.7,"",NA
2019,"Alberton",1292,"Homarus americanus",6.8,"",NA
2019,"Alberton",1292,"Homarus americanus",18.6,"M",NA
2019,"Alberton",1294,"Homarus americanus",21,"M",NA
2019,"Alberton",1294,"Homarus americanus",26,"F",NA
2019,"Alberton",1294,"Homarus americanus",9,"",NA
2019,"Alberton",1295,"Homarus americanus",11.1,"",NA
2019,"Cape Egemont",1296,"Homarus americanus",9.4,"",NA
2019,"Cape Egemont",1296,"Homarus americanus",45.5,"F",NA
2019,"Cape Egemont",1297,"Homarus americanus",11.1,"",NA
2019,"Cape Egemont",1297,"Homarus americanus",45.5,"M",NA
2019,"Cape Egemont",1298,"Homarus americanus",35.6,"M",NA
2019,"Cape Egemont",1299,"Homarus americanus",43.3,"F",NA
2019,"Cape Egemont",1299,"Homarus americanus",9.5,"",NA
2019,"Cape Egemont",1300,"Homarus americanus",NA,"",NA
2019,"Cape Egemont",1301,"Homarus americanus",34.7,"M",NA
2019,"Cape Egemont",1301,"Homarus americanus",21.4,"M",NA
2019,"Cape Egemont",1302,"Homarus americanus",19.8,"F",NA
2019,"Cape Egemont",1302,"Homarus americanus",47.9,"M",NA
2019,"Cape Egemont",1302,"Homarus americanus",8.9,"",NA
2019,"Cape Egemont",1303,"Homarus americanus",25,"M",NA
2019,"Cape Egemont",1303,"Homarus americanus",10.6,"",NA
2019,"Cape Egemont",1304,"Homarus americanus",27.1,"M",NA
2019,"Cape Egemont",1304,"Homarus americanus",42.7,"F",NA
2019,"Cape Egemont",1304,"Homarus americanus",45.9,"M",NA
2019,"Cape Egemont",1305,"Homarus americanus",27.3,"F",NA
2019,"Cape Egemont",1305,"Homarus americanus",37.7,"M",NA
2019,"Cape Egemont",1305,"Homarus americanus",13,"",NA
2019,"Cape Egemont",1305,"Homarus americanus",11.8,"",NA
2019,"Cape Egemont",1306,"Homarus americanus",11,"",NA
2019,"Cape Egemont",1306,"Homarus americanus",10.4,"",NA
2019,"Cape Egemont",1306,"Homarus americanus",36.6,"M",NA
2019,"Cape Egemont",1306,"Homarus americanus",22.4,"M",NA
2019,"Cape Egemont",1306,"Homarus americanus",43.7,"M",NA
2019,"Cape Egemont",1307,"Homarus americanus",45.1,"M",NA
2019,"Cape Egemont",1308,"Homarus americanus",28.9,"M",NA
2019,"Cape Egemont",1308,"Homarus americanus",40,"M",NA
2019,"Cape Egemont",1309,"Homarus americanus",17.8,"",NA
2019,"Cape Egemont",1310,"Homarus americanus",26.5,"M",NA
2019,"Cape Egemont",1311,"Homarus americanus",46.4,"M",NA
2019,"Cape Egemont",1311,"Homarus americanus",22.4,"M",NA
2019,"Cape Egemont",1311,"Homarus americanus",39.9,"M",NA
2019,"Cape Egemont",1311,"Homarus americanus",26.2,"M",NA
2019,"Cape Egemont",1312,"Homarus americanus",49.5,"F",NA
2019,"Cape Egemont",1312,"Homarus americanus",31.5,"F",NA
2019,"Cape Egemont",1312,"Homarus americanus",8.1,"",NA
2019,"Cape Egemont",1312,"Homarus americanus",11.3,"",NA
2019,"Cape Egemont",1313,"Homarus americanus",44.2,"F",NA
2019,"Cape Egemont",1314,"Homarus americanus",29.9,"M",NA
2019,"Cape Egemont",1315,"Homarus americanus",41.1,"M",NA
2019,"Cape Egemont",1315,"Homarus americanus",9.1,"",NA
2019,"Cape Egemont",1316,"Homarus americanus",39.3,"F",NA
2019,"Cape Egemont",1317,"Homarus americanus",10.9,"M",NA
2019,"Cape Egemont",1317,"Homarus americanus",48.6,"M",NA
2019,"Cape Egemont",1318,"Homarus americanus",46.7,"M",NA
2019,"Cape Egemont",1318,"Homarus americanus",19.4,"M",NA
2019,"Cape Egemont",1318,"Homarus americanus",11.4,"",NA
2019,"Cape Egemont",1319,"Homarus americanus",46.2,"F",NA
2019,"Cape Egemont",1320,"Homarus americanus",10.4,"",NA
2019,"Cape Egemont",1320,"Homarus americanus",36.6,"M",NA
2019,"Cape Egemont",1320,"Homarus americanus",26.1,"M",NA
2019,"Cape Egemont",1321,"Homarus americanus",27.6,"F",NA
2019,"Cape Egemont",1321,"Homarus americanus",28.5,"M",NA
2019,"Cape Egemont",1322,"Homarus americanus",40.6,"M",NA
2019,"Cape Egemont",1323,"Homarus americanus",24.3,"M",NA
2019,"Cape Egemont",1323,"Homarus americanus",40.9,"M",NA
2019,"Cape Egemont",1324,"Homarus americanus",36.4,"F",NA
2019,"Cape Egemont",1324,"Homarus americanus",11.3,"",NA
2019,"Cape Egemont",1325,"Homarus americanus",11.5,"",NA
2019,"Cape Egemont",1325,"Homarus americanus",38.6,"F",NA
2019,"Cape Egemont",1325,"Homarus americanus",22,"M",NA
2019,"Cape Egemont",1325,"Homarus americanus",23.2,"M",NA
2019,"Covehead",1356,"Homarus americanus",36.3,"F",NA
2019,"Covehead",1356,"Homarus americanus",21.2,"F",NA
2019,"Covehead",1356,"Homarus americanus",26.1,"M",NA
2019,"Covehead",1356,"Homarus americanus",27.4,"F",NA
2019,"Covehead",1356,"Homarus americanus",13.1,"",NA
2019,"Covehead",1356,"Homarus americanus",16.1,"",NA
2019,"Covehead",1356,"Homarus americanus",16.6,"",NA
2019,"Covehead",1356,"Homarus americanus",12,"",NA
2019,"Covehead",1356,"Homarus americanus",14.2,"",NA
2019,"Covehead",1357,"Homarus americanus",9.1,"",NA
2019,"Covehead",1357,"Homarus americanus",15,"",NA
2019,"Covehead",1357,"Homarus americanus",15.1,"",NA
2019,"Covehead",1357,"Homarus americanus",18.4,"F",NA
2019,"Covehead",1357,"Homarus americanus",9.3,"",NA
2019,"Covehead",1357,"Homarus americanus",16.9,"",NA
2019,"Covehead",1357,"Homarus americanus",25.1,"F",NA
2019,"Covehead",1357,"Homarus americanus",15.6,"",NA
2019,"Covehead",1357,"Homarus americanus",23.1,"F",NA
2019,"Covehead",1357,"Homarus americanus",7.9,"",NA
2019,"Covehead",1358,"Homarus americanus",36.5,"M",NA
2019,"Covehead",1358,"Homarus americanus",21.8,"F",NA
2019,"Covehead",1358,"Homarus americanus",16.4,"",NA
2019,"Covehead",1358,"Homarus americanus",19.9,"F",NA
2019,"Covehead",1358,"Homarus americanus",19.2,"M",NA
2019,"Covehead",1358,"Homarus americanus",15.4,"",NA
2019,"Covehead",1358,"Homarus americanus",15.5,"",NA
2019,"Covehead",1358,"Homarus americanus",11.3,"",NA
2019,"Covehead",1358,"Homarus americanus",23.7,"F",NA
2019,"Covehead",1359,"Homarus americanus",NA,"",NA
2019,"Covehead",1360,"Homarus americanus",30,"F",NA
2019,"Covehead",1360,"Homarus americanus",17.7,"",NA
2019,"Covehead",1360,"Homarus americanus",18.3,"F",NA
2019,"Covehead",1360,"Homarus americanus",11.4,"",NA
2019,"Covehead",1360,"Homarus americanus",16,"",NA
2019,"Covehead",1360,"Homarus americanus",8.8,"",NA
2019,"Covehead",1360,"Homarus americanus",15.3,"",NA
2019,"Covehead",1361,"Homarus americanus",24.6,"M",NA
2019,"Covehead",1361,"Homarus americanus",15.5,"",NA
2019,"Covehead",1361,"Homarus americanus",16.4,"",NA
2019,"Covehead",1361,"Homarus americanus",28.8,"F",NA
2019,"Covehead",1362,"Homarus americanus",NA,"",NA
2019,"Covehead",1363,"Homarus americanus",NA,"",NA
2019,"Covehead",1364,"Homarus americanus",18.1,"M",NA
2019,"Covehead",1364,"Homarus americanus",26.8,"M",NA
2019,"Covehead",1364,"Homarus americanus",15,"",NA
2019,"Covehead",1364,"Homarus americanus",14.8,"",NA
2019,"Covehead",1364,"Homarus americanus",11.4,"",NA
2019,"Covehead",1364,"Homarus americanus",37.7,"M",NA
2019,"Covehead",1364,"Homarus americanus",30.5,"F",NA
2019,"Covehead",1364,"Homarus americanus",17.6,"",NA
2019,"Covehead",1364,"Homarus americanus",9.9,"",NA
2019,"Covehead",1364,"Homarus americanus",9.8,"",NA
2019,"Covehead",1364,"Homarus americanus",21.7,"F",NA
2019,"Covehead",1364,"Homarus americanus",9.5,"",NA
2019,"Covehead",1364,"Homarus americanus",12.8,"",NA
2019,"Covehead",1364,"Homarus americanus",8.5,"",NA
2019,"Covehead",1365,"Homarus americanus",30.8,"M",NA
2019,"Covehead",1365,"Homarus americanus",38.2,"M",NA
2019,"Covehead",1365,"Homarus americanus",21,"F",NA
2019,"Covehead",1365,"Homarus americanus",20.4,"M",NA
2019,"Covehead",1365,"Homarus americanus",10.1,"",NA
2019,"Covehead",1366,"Homarus americanus",17.5,"",NA
2019,"Covehead",1366,"Homarus americanus",16.2,"",NA
2019,"Covehead",1367,"Homarus americanus",31.4,"F",NA
2019,"Covehead",1367,"Homarus americanus",13.1,"",NA
2019,"Covehead",1367,"Homarus americanus",8.5,"",NA
2019,"Covehead",1367,"Homarus americanus",8.7,"",NA
2019,"Covehead",1367,"Homarus americanus",19.1,"M",NA
2019,"Covehead",1368,"Homarus americanus",37.3,"F",NA
2019,"Covehead",1368,"Homarus americanus",18.8,"F",NA
2019,"Covehead",1368,"Homarus americanus",14.1,"",NA
2019,"Covehead",1368,"Homarus americanus",21.5,"M",NA
2019,"Covehead",1369,"Homarus americanus",28.4,"M",NA
2019,"Covehead",1369,"Homarus americanus",34.5,"M",NA
2019,"Covehead",1369,"Homarus americanus",22.3,"F",NA
2019,"Covehead",1369,"Homarus americanus",14.2,"",NA
2019,"Covehead",1369,"Homarus americanus",15.1,"",NA
2019,"Covehead",1369,"Homarus americanus",16.5,"",NA
2019,"Covehead",1370,"Homarus americanus",14.4,"",NA
2019,"Covehead",1370,"Homarus americanus",28.6,"F",NA
2019,"Covehead",1370,"Homarus americanus",28.1,"F",NA
2019,"Covehead",1370,"Homarus americanus",15.1,"",NA
2019,"Covehead",1371,"Homarus americanus",NA,"",NA
2019,"Covehead",1372,"Homarus americanus",8.6,"",NA
2019,"Covehead",1373,"Homarus americanus",NA,"",NA
2019,"Covehead",1374,"Homarus americanus",38.3,"M",NA
2019,"Covehead",1374,"Homarus americanus",29,"M",NA
2019,"Covehead",1374,"Homarus americanus",19.4,"M",NA
2019,"Covehead",1374,"Homarus americanus",14.7,"",NA
2019,"Covehead",1374,"Homarus americanus",14.6,"",NA
2019,"Covehead",1374,"Homarus americanus",8.9,"",NA
2019,"Covehead",1374,"Homarus americanus",9.4,"",NA
2019,"Covehead",1374,"Homarus americanus",8.6,"",NA
2019,"Covehead",1374,"Homarus americanus",14.5,"",NA
2019,"Covehead",1374,"Homarus americanus",10.8,"",NA
2019,"Covehead",1374,"Homarus americanus",16.7,"",NA
2019,"Covehead",1374,"Homarus americanus",24.5,"F",NA
2019,"Covehead",1374,"Homarus americanus",8.9,"",NA
2019,"Covehead",1375,"Homarus americanus",41.1,"F",NA
2019,"Covehead",1375,"Homarus americanus",39.2,"F",NA
2019,"Covehead",1375,"Homarus americanus",26.7,"M",NA
2019,"Covehead",1375,"Homarus americanus",14.5,"",NA
2019,"Covehead",1375,"Homarus americanus",16.3,"",NA
2019,"Covehead",1375,"Homarus americanus",14.6,"",NA
2019,"Covehead",1375,"Homarus americanus",20.8,"M",NA
2019,"Covehead",1375,"Homarus americanus",23.1,"F",NA
2019,"Covehead",1375,"Homarus americanus",32.7,"F",NA
2019,"Covehead",1376,"Homarus americanus",12.8,"",NA
2019,"Covehead",1376,"Homarus americanus",17.4,"",NA
2019,"Covehead",1376,"Homarus americanus",20.8,"M",NA
2019,"Covehead",1376,"Homarus americanus",19.5,"F",NA
2019,"Covehead",1376,"Homarus americanus",12.4,"",NA
2019,"Covehead",1376,"Homarus americanus",10.3,"",NA
2019,"Covehead",1376,"Homarus americanus",28.5,"F",NA
2019,"Covehead",1377,"Homarus americanus",22.3,"M",NA
2019,"Covehead",1377,"Homarus americanus",8.9,"",NA
2019,"Covehead",1377,"Homarus americanus",19.4,"F",NA
2019,"Covehead",1377,"Homarus americanus",18,"",NA
2019,"Covehead",1378,"Homarus americanus",19.6,"F",NA
2019,"Covehead",1378,"Homarus americanus",17,"",NA
2019,"Covehead",1378,"Homarus americanus",32.8,"F",NA
2019,"Covehead",1378,"Homarus americanus",15,"",NA
2019,"Covehead",1378,"Homarus americanus",13.1,"",NA
2019,"Covehead",1378,"Homarus americanus",9.8,"",NA
2019,"Covehead",1378,"Homarus americanus",20.4,"M",NA
2019,"Covehead",1378,"Homarus americanus",10.3,"",NA
2019,"Covehead",1378,"Homarus americanus",7.9,"",NA
2019,"Covehead",1379,"Homarus americanus",NA,"",NA
2019,"Covehead",1380,"Homarus americanus",NA,"",NA
2019,"Covehead",1381,"Homarus americanus",NA,"",NA
2019,"Covehead",1382,"Homarus americanus",NA,"",NA
2019,"Covehead",1383,"Homarus americanus",NA,"",NA
2019,"Covehead",1384,"Homarus americanus",NA,"",NA
2019,"Covehead",1385,"Homarus americanus",39.1,"F",NA
2019,"Covehead",1385,"Homarus americanus",25.2,"F",NA
2019,"Covehead",1385,"Homarus americanus",22.5,"F",NA
2019,"Covehead",1385,"Homarus americanus",30.5,"M",NA
2019,"Covehead",1385,"Homarus americanus",31.4,"F",NA
2019,"Covehead",1385,"Homarus americanus",14.8,"",NA
2019,"Covehead",1385,"Homarus americanus",13.7,"",NA
2019,"Covehead",1385,"Homarus americanus",11,"",NA
2019,"Covehead",1385,"Homarus americanus",7.5,"",NA
2019,"Fortune",1236,"Homarus americanus",NA,"",NA
2019,"Fortune",1237,"Homarus americanus",30.9,"M",NA
2019,"Fortune",1237,"Homarus americanus",15.4,"",NA
2019,"Fortune",1238,"Homarus americanus",NA,"",NA
2019,"Fortune",1239,"Homarus americanus",39.8,"M",NA
2019,"Fortune",1240,"Homarus americanus",24.1,"M",NA
2019,"Fortune",1240,"Homarus americanus",22.7,"M",NA
2019,"Fortune",1240,"Homarus americanus",12.4,"",NA
2019,"Fortune",1241,"Homarus americanus",18,"",NA
2019,"Fortune",1241,"Homarus americanus",24.3,"F",NA
2019,"Fortune",1241,"Homarus americanus",17.8,"",NA
2019,"Fortune",1241,"Homarus americanus",9.5,"",NA
2019,"Fortune",1242,"Homarus americanus",30.6,"F",NA
2019,"Fortune",1242,"Homarus americanus",8.2,"",NA
2019,"Fortune",1242,"Homarus americanus",17.5,"",NA
2019,"Fortune",1242,"Homarus americanus",14.4,"",NA
2019,"Fortune",1243,"Homarus americanus",18.7,"M",NA
2019,"Fortune",1243,"Homarus americanus",9.3,"",NA
2019,"Fortune",1244,"Homarus americanus",38.8,"F",NA
2019,"Fortune",1244,"Homarus americanus",26.7,"M",NA
2019,"Fortune",1244,"Homarus americanus",16,"",NA
2019,"Fortune",1244,"Homarus americanus",20.7,"M",NA
2019,"Fortune",1245,"Homarus americanus",25.4,"F",NA
2019,"Fortune",1245,"Homarus americanus",17.4,"",NA
2019,"Fortune",1245,"Homarus americanus",23.7,"F",NA
2019,"Fortune",1245,"Homarus americanus",37.9,"F",NA
2019,"Fortune",1246,"Homarus americanus",22,"M",NA
2019,"Fortune",1246,"Homarus americanus",20.4,"F",NA
2019,"Fortune",1246,"Homarus americanus",26.6,"F",NA
2019,"Fortune",1246,"Homarus americanus",16.7,"",NA
2019,"Fortune",1247,"Homarus americanus",10,"",NA
2019,"Fortune",1247,"Homarus americanus",10,"",NA
2019,"Fortune",1247,"Homarus americanus",10.1,"",NA
2019,"Fortune",1248,"Homarus americanus",21.7,"F",NA
2019,"Fortune",1248,"Homarus americanus",27.1,"F",NA
2019,"Fortune",1249,"Homarus americanus",23,"F",NA
2019,"Fortune",1249,"Homarus americanus",9.3,"",NA
2019,"Fortune",1250,"Homarus americanus",28.9,"F",NA
2019,"Fortune",1250,"Homarus americanus",18.7,"",NA
2019,"Fortune",1250,"Homarus americanus",22.8,"F",NA
2019,"Fortune",1250,"Homarus americanus",10.7,"",NA
2019,"Fortune",1251,"Homarus americanus",14.8,"",NA
2019,"Fortune",1251,"Homarus americanus",19.4,"",NA
2019,"Fortune",1251,"Homarus americanus",26.7,"M",NA
2019,"Fortune",1251,"Homarus americanus",8.3,"",NA
2019,"Fortune",1252,"Homarus americanus",44.2,"M",NA
2019,"Fortune",1252,"Homarus americanus",27.3,"F",NA
2019,"Fortune",1252,"Homarus americanus",11,"",NA
2019,"Fortune",1253,"Homarus americanus",20.8,"M",NA
2019,"Fortune",1254,"Homarus americanus",28.4,"F",NA
2019,"Fortune",1254,"Homarus americanus",15.5,"",NA
2019,"Fortune",1254,"Homarus americanus",8.2,"",NA
2019,"Fortune",1255,"Homarus americanus",NA,"",NA
2019,"Fortune",1256,"Homarus americanus",25.6,"M",NA
2019,"Fortune",1256,"Homarus americanus",15.6,"",NA
2019,"Fortune",1257,"Homarus americanus",16.8,"",NA
2019,"Fortune",1258,"Homarus americanus",12.1,"",NA
2019,"Fortune",1259,"Homarus americanus",26.2,"F",NA
2019,"Fortune",1259,"Homarus americanus",9.9,"",NA
2019,"Fortune",1259,"Homarus americanus",9.7,"",NA
2019,"Fortune",1260,"Homarus americanus",NA,"",NA
2019,"Fortune",1261,"Homarus americanus",20.5,"F",NA
2019,"Fortune",1261,"Homarus americanus",15.5,"",NA
2019,"Fortune",1262,"Homarus americanus",12.2,"",NA
2019,"Fortune",1263,"Homarus americanus",28.8,"M",NA
2019,"Fortune",1264,"Homarus americanus",24.1,"F",NA
2019,"Fortune",1265,"Homarus americanus",16.2,"",NA
2019,"Fortune2",1231,"Homarus americanus",NA,"",NA
2019,"Fortune2",1232,"Homarus americanus",NA,"",NA
2019,"Fortune2",1233,"Homarus americanus",34.9,"F",NA
2019,"Fortune2",1234,"Homarus americanus",NA,"",NA
2019,"Fortune2",1235,"Homarus americanus",NA,"",NA
2019,"Murray River",326,"Homarus americanus",8.9,"",NA
2019,"Murray River",326,"Homarus americanus",18.7,"",NA
2019,"Murray River",326,"Homarus americanus",15.1,"",NA
2019,"Murray River",327,"Homarus americanus",26.8,"M",NA
2019,"Murray River",328,"Homarus americanus",24.1,"",NA
2019,"Murray River",328,"Homarus americanus",17.3,"",NA
2019,"Murray River",328,"Homarus americanus",19.1,"F",NA
2019,"Murray River",329,"Homarus americanus",NA,"",NA
2019,"Murray River",330,"Homarus americanus",NA,"",NA
2019,"Murray River",331,"Homarus americanus",10,"",NA
2019,"Murray River",332,"Homarus americanus",25.2,"M",NA
2019,"Murray River",332,"Homarus americanus",21.4,"M",NA
2019,"Murray River",332,"Homarus americanus",22,"M",NA
2019,"Murray River",333,"Homarus americanus",NA,"",NA
2019,"Murray River",334,"Homarus americanus",30.8,"M",NA
2019,"Murray River",334,"Homarus americanus",21.3,"M",NA
2019,"Murray River",335,"Homarus americanus",16.6,"",NA
2019,"Murray River",336,"Homarus americanus",11.6,"",NA
2019,"Murray River",337,"Homarus americanus",15.1,"",NA
2019,"Murray River",338,"Homarus americanus",33.3,"F",NA
2019,"Murray River",338,"Homarus americanus",11.6,"",NA
2019,"Murray River",339,"Homarus americanus",NA,"",NA
2019,"Murray River",340,"Homarus americanus",NA,"",NA
2019,"Murray River",341,"Homarus americanus",26.4,"M",NA
2019,"Murray River",341,"Homarus americanus",12.3,"",NA
2019,"Murray River",342,"Homarus americanus",29.1,"M",NA
2019,"Murray River",342,"Homarus americanus",9.2,"",NA
2019,"Murray River",343,"Homarus americanus",26.6,"F",NA
2019,"Murray River",343,"Homarus americanus",10.2,"",NA
2019,"Murray River",343,"Homarus americanus",16.5,"",NA
2019,"Murray River",344,"Homarus americanus",NA,"",NA
2019,"Murray River",345,"Homarus americanus",NA,"",NA
2019,"Murray River",346,"Homarus americanus",NA,"",NA
2019,"Murray River",347,"Homarus americanus",NA,"",NA
2019,"Murray River",348,"Homarus americanus",13.4,"",NA
2019,"Murray River",349,"Homarus americanus",NA,"",NA
2019,"Murray River",350,"Homarus americanus",43.2,"F",NA
2019,"Murray River",351,"Homarus americanus",19.7,"",NA
2019,"Murray River",352,"Homarus americanus",42.3,"F",NA
2019,"Murray River",352,"Homarus americanus",18.9,"",NA
2019,"Murray River",353,"Homarus americanus",NA,"",NA
2019,"Murray River",354,"Homarus americanus",NA,"",NA
2019,"Murray River",355,"Homarus americanus",7.6,"",NA
2019,"Murray River",355,"Homarus americanus",20,"",NA
2019,"Nine Mile Creek",1386,"Homarus americanus",NA,"",NA
2019,"Nine Mile Creek",1387,"Homarus americanus",NA,"",NA
2019,"Nine Mile Creek",1388,"Homarus americanus",NA,"",NA
2019,"Nine Mile Creek",1389,"Homarus americanus",NA,"",NA
2019,"Nine Mile Creek",1390,"Homarus americanus",NA,"",NA
2019,"Nine Mile Creek",1391,"Homarus americanus",NA,"",NA
2019,"Nine Mile Creek",1392,"Homarus americanus",NA,"",NA
2019,"Nine Mile Creek",1393,"Homarus americanus",NA,"",NA
2019,"Nine Mile Creek",1394,"Homarus americanus",NA,"",NA
2019,"Nine Mile Creek",1395,"Homarus americanus",NA,"",NA
2019,"Nine Mile Creek",1396,"Homarus americanus",NA,"",NA
2019,"Nine Mile Creek",1397,"Homarus americanus",NA,"",NA
2019,"Nine Mile Creek",1398,"Homarus americanus",NA,"",NA
2019,"Nine Mile Creek",1399,"Homarus americanus",NA,"",NA
2019,"Nine Mile Creek",1400,"Homarus americanus",NA,"",NA
2019,"Nine Mile Creek",1401,"Homarus americanus",NA,"",NA
2019,"Nine Mile Creek",1402,"Homarus americanus",NA,"",NA
2019,"Nine Mile Creek",1403,"Homarus americanus",NA,"",NA
2019,"Nine Mile Creek",1404,"Homarus americanus",NA,"",NA
2019,"Nine Mile Creek",1405,"Homarus americanus",NA,"",NA
2019,"Nine Mile Creek",1406,"Homarus americanus",NA,"",NA
2019,"Nine Mile Creek",1407,"Homarus americanus",NA,"",NA
2019,"Nine Mile Creek",1408,"Homarus americanus",NA,"",NA
2019,"Nine Mile Creek",1409,"Homarus americanus",NA,"",NA
2019,"Nine Mile Creek",1410,"Homarus americanus",NA,"",NA
2019,"Nine Mile Creek",1411,"Homarus americanus",NA,"",NA
2019,"Nine Mile Creek",1412,"Homarus americanus",NA,"",NA
2019,"Nine Mile Creek",1413,"Homarus americanus",NA,"",NA
2019,"Nine Mile Creek",1414,"Homarus americanus",NA,"",NA
2019,"Nine Mile Creek",1415,"Homarus americanus",NA,"",NA
2019,"Nine Mile Creek",1416,"Homarus americanus",NA,"",NA
2019,"Nine Mile Creek",1417,"Homarus americanus",NA,"",NA
2019,"Nine Mile Creek",1418,"Homarus americanus",NA,"",NA
2019,"Nine Mile Creek",1419,"Homarus americanus",NA,"",NA
2019,"Nine Mile Creek",1420,"Homarus americanus",NA,"",NA
2019,"Skinner's Pond",1201,"Homarus americanus",25.4,"F",NA
2019,"Skinner's Pond",1201,"Homarus americanus",25.6,"M",NA
2019,"Skinner's Pond",1201,"Homarus americanus",33.6,"M",NA
2019,"Skinner's Pond",1201,"Homarus americanus",17.2,"",NA
2019,"Skinner's Pond",1201,"Homarus americanus",9.4,"",NA
2019,"Skinner's Pond",1201,"Homarus americanus",6.9,"",NA
2019,"Skinner's Pond",1201,"Homarus americanus",8.2,"",NA
2019,"Skinner's Pond",1201,"Homarus americanus",19.1,"",NA
2019,"Skinner's Pond",1201,"Homarus americanus",8.6,"",NA
2019,"Skinner's Pond",1201,"Homarus americanus",8.7,"",NA
2019,"Skinner's Pond",1201,"Homarus americanus",7.9,"",NA
2019,"Skinner's Pond",1203,"Homarus americanus",30,"M",NA
2019,"Skinner's Pond",1203,"Homarus americanus",22.2,"M",NA
2019,"Skinner's Pond",1203,"Homarus americanus",7.9,"",NA
2019,"Skinner's Pond",1203,"Homarus americanus",9.1,"",NA
2019,"Skinner's Pond",1203,"Homarus americanus",9,"",NA
2019,"Skinner's Pond",1203,"Homarus americanus",12.7,"",NA
2019,"Skinner's Pond",1204,"Homarus americanus",NA,"",NA
2019,"Skinner's Pond",1205,"Homarus americanus",18,"",NA
2019,"Skinner's Pond",1205,"Homarus americanus",16.6,"",NA
2019,"Skinner's Pond",1205,"Homarus americanus",22.8,"M",NA
2019,"Skinner's Pond",1205,"Homarus americanus",26,"F",NA
2019,"Skinner's Pond",1205,"Homarus americanus",34.9,"F",NA
2019,"Skinner's Pond",1205,"Homarus americanus",43.2,"M",NA
2019,"Skinner's Pond",1205,"Homarus americanus",16.5,"",NA
2019,"Skinner's Pond",1205,"Homarus americanus",8.3,"",NA
2019,"Skinner's Pond",1205,"Homarus americanus",9.7,"",NA
2019,"Skinner's Pond",1205,"Homarus americanus",8.8,"",NA
2019,"Skinner's Pond",1205,"Homarus americanus",9.2,"",NA
2019,"Skinner's Pond",1205,"Homarus americanus",7.9,"",NA
2019,"Skinner's Pond",1205,"Homarus americanus",8.7,"",NA
2019,"Skinner's Pond",1206,"Homarus americanus",19.6,"",NA
2019,"Skinner's Pond",1206,"Homarus americanus",34.2,"M",NA
2019,"Skinner's Pond",1206,"Homarus americanus",23.8,"M",NA
2019,"Skinner's Pond",1206,"Homarus americanus",35.1,"M",NA
2019,"Skinner's Pond",1206,"Homarus americanus",26.5,"M",NA
2019,"Skinner's Pond",1206,"Homarus americanus",26.2,"M",NA
2019,"Skinner's Pond",1206,"Homarus americanus",18.1,"",NA
2019,"Skinner's Pond",1206,"Homarus americanus",10.6,"",NA
2019,"Skinner's Pond",1206,"Homarus americanus",16.7,"",NA
2019,"Skinner's Pond",1206,"Homarus americanus",7.7,"",NA
2019,"Skinner's Pond",1206,"Homarus americanus",6.8,"",NA
2019,"Skinner's Pond",1206,"Homarus americanus",8.3,"",NA
2019,"Skinner's Pond",1206,"Homarus americanus",8.1,"",NA
2019,"Skinner's Pond",1206,"Homarus americanus",11.2,"",NA
2019,"Skinner's Pond",1206,"Homarus americanus",8.4,"",NA
2019,"Skinner's Pond",1207,"Homarus americanus",30.8,"F",NA
2019,"Skinner's Pond",1207,"Homarus americanus",27,"F",NA
2019,"Skinner's Pond",1207,"Homarus americanus",29.4,"M",NA
2019,"Skinner's Pond",1207,"Homarus americanus",23.7,"M",NA
2019,"Skinner's Pond",1207,"Homarus americanus",22.7,"F",NA
2019,"Skinner's Pond",1207,"Homarus americanus",17.8,"",NA
2019,"Skinner's Pond",1207,"Homarus americanus",29.9,"M",NA
2019,"Skinner's Pond",1207,"Homarus americanus",21.1,"M",NA
2019,"Skinner's Pond",1207,"Homarus americanus",9.1,"",NA
2019,"Skinner's Pond",1207,"Homarus americanus",9.3,"",NA
2019,"Skinner's Pond",1207,"Homarus americanus",9.3,"",NA
2019,"Skinner's Pond",1207,"Homarus americanus",6.9,"",NA
2019,"Skinner's Pond",1207,"Homarus americanus",9.6,"",NA
2019,"Skinner's Pond",1208,"Homarus americanus",24.1,"M",NA
2019,"Skinner's Pond",1208,"Homarus americanus",23.7,"F",NA
2019,"Skinner's Pond",1208,"Homarus americanus",9.4,"",NA
2019,"Skinner's Pond",1208,"Homarus americanus",10.4,"",NA
2019,"Skinner's Pond",1208,"Homarus americanus",9.3,"",NA
2019,"Skinner's Pond",1208,"Homarus americanus",8.5,"",NA
2019,"Skinner's Pond",1208,"Homarus americanus",10.3,"",NA
2019,"Skinner's Pond",1208,"Homarus americanus",10.9,"",NA
2019,"Skinner's Pond",1208,"Homarus americanus",9.1,"",NA
2019,"Skinner's Pond",1208,"Homarus americanus",22.2,"M",NA
2019,"Skinner's Pond",1208,"Homarus americanus",41.1,"M",NA
2019,"Skinner's Pond",1208,"Homarus americanus",14.1,"",NA
2019,"Skinner's Pond",1208,"Homarus americanus",17.5,"",NA
2019,"Skinner's Pond",1209,"Homarus americanus",32,"M",NA
2019,"Skinner's Pond",1209,"Homarus americanus",22.9,"M",NA
2019,"Skinner's Pond",1209,"Homarus americanus",24.6,"M",NA
2019,"Skinner's Pond",1209,"Homarus americanus",20.1,"F",NA
2019,"Skinner's Pond",1209,"Homarus americanus",16.3,"",NA
2019,"Skinner's Pond",1209,"Homarus americanus",10.2,"",NA
2019,"Skinner's Pond",1209,"Homarus americanus",14,"",NA
2019,"Skinner's Pond",1209,"Homarus americanus",16.6,"",NA
2019,"Skinner's Pond",1209,"Homarus americanus",9.2,"",NA
2019,"Skinner's Pond",1209,"Homarus americanus",7.4,"",NA
2019,"Skinner's Pond",1209,"Homarus americanus",38.8,"M",NA
2019,"Skinner's Pond",1209,"Homarus americanus",14.3,"",NA
2019,"Skinner's Pond",1210,"Homarus americanus",38.9,"M",NA
2019,"Skinner's Pond",1210,"Homarus americanus",32.7,"M",NA
2019,"Skinner's Pond",1210,"Homarus americanus",27.8,"F",NA
2019,"Skinner's Pond",1210,"Homarus americanus",24.2,"M",NA
2019,"Skinner's Pond",1210,"Homarus americanus",11.1,"",NA
2019,"Skinner's Pond",1210,"Homarus americanus",10,"",NA
2019,"Skinner's Pond",1210,"Homarus americanus",8.9,"",NA
2019,"Skinner's Pond",1210,"Homarus americanus",8.6,"",NA
2019,"Skinner's Pond",1210,"Homarus americanus",9.6,"",NA
2019,"Skinner's Pond",1210,"Homarus americanus",8.3,"",NA
2019,"Skinner's Pond",1210,"Homarus americanus",7.7,"",NA
2019,"Skinner's Pond",1210,"Homarus americanus",8.3,"",NA
2019,"Skinner's Pond",1211,"Homarus americanus",19.8,"M",NA
2019,"Skinner's Pond",1211,"Homarus americanus",34.8,"M",NA
2019,"Skinner's Pond",1211,"Homarus americanus",21.9,"F",NA
2019,"Skinner's Pond",1211,"Homarus americanus",22.7,"M",NA
2019,"Skinner's Pond",1211,"Homarus americanus",23.1,"M",NA
2019,"Skinner's Pond",1211,"Homarus americanus",22.8,"F",NA
2019,"Skinner's Pond",1211,"Homarus americanus",14.5,"",NA
2019,"Skinner's Pond",1211,"Homarus americanus",9.9,"",NA
2019,"Skinner's Pond",1211,"Homarus americanus",8.5,"",NA
2019,"Skinner's Pond",1211,"Homarus americanus",7.9,"",NA
2019,"Skinner's Pond",1211,"Homarus americanus",7.9,"",NA
2019,"Skinner's Pond",1211,"Homarus americanus",15.8,"",NA
2019,"Skinner's Pond",1211,"Homarus americanus",7.8,"",NA
2019,"Skinner's Pond",1211,"Homarus americanus",11.3,"",NA
2019,"Skinner's Pond",1211,"Homarus americanus",8.5,"",NA
2019,"Skinner's Pond",1211,"Homarus americanus",7.7,"",NA
2019,"Skinner's Pond",1212,"Homarus americanus",23.2,"M",NA
2019,"Skinner's Pond",1212,"Homarus americanus",16.7,"",NA
2019,"Skinner's Pond",1212,"Homarus americanus",22,"M",NA
2019,"Skinner's Pond",1212,"Homarus americanus",27.6,"F",NA
2019,"Skinner's Pond",1212,"Homarus americanus",14.1,"",NA
2019,"Skinner's Pond",1212,"Homarus americanus",8.9,"",NA
2019,"Skinner's Pond",1212,"Homarus americanus",8.3,"",NA
2019,"Skinner's Pond",1212,"Homarus americanus",8.6,"",NA
2019,"Skinner's Pond",1212,"Homarus americanus",7.1,"",NA
2019,"Skinner's Pond",1212,"Homarus americanus",8.7,"",NA
2019,"Skinner's Pond",1212,"Homarus americanus",11.4,"",NA
2019,"Skinner's Pond",1212,"Homarus americanus",8.8,"",NA
2019,"Skinner's Pond",1212,"Homarus americanus",9.9,"",NA
2019,"Skinner's Pond",1212,"Homarus americanus",7.6,"",NA
2019,"Skinner's Pond",1213,"Homarus americanus",32.8,"F",NA
2019,"Skinner's Pond",1213,"Homarus americanus",27.4,"F",NA
2019,"Skinner's Pond",1213,"Homarus americanus",23.6,"F",NA
2019,"Skinner's Pond",1213,"Homarus americanus",32.6,"M",NA
2019,"Skinner's Pond",1213,"Homarus americanus",38,"M",NA
2019,"Skinner's Pond",1213,"Homarus americanus",21.4,"M",NA
2019,"Skinner's Pond",1213,"Homarus americanus",26,"M",NA
2019,"Skinner's Pond",1213,"Homarus americanus",17.3,"",NA
2019,"Skinner's Pond",1213,"Homarus americanus",10.9,"",NA
2019,"Skinner's Pond",1213,"Homarus americanus",8.8,"",NA
2019,"Skinner's Pond",1213,"Homarus americanus",8.1,"",NA
2019,"Skinner's Pond",1213,"Homarus americanus",7.5,"",NA
2019,"Skinner's Pond",1213,"Homarus americanus",9.6,"",NA
2019,"Skinner's Pond",1213,"Homarus americanus",15,"",NA
2019,"Skinner's Pond",1213,"Homarus americanus",9.8,"",NA
2019,"Skinner's Pond",1213,"Homarus americanus",7.8,"",NA
2019,"Skinner's Pond",1213,"Homarus americanus",8.8,"",NA
2019,"Skinner's Pond",1214,"Homarus americanus",10.2,"",NA
2019,"Skinner's Pond",1214,"Homarus americanus",9.4,"",NA
2019,"Skinner's Pond",1214,"Homarus americanus",17.3,"",NA
2019,"Skinner's Pond",1214,"Homarus americanus",28.9,"M",NA
2019,"Skinner's Pond",1214,"Homarus americanus",32.8,"M",NA
2019,"Skinner's Pond",1214,"Homarus americanus",19.8,"",NA
2019,"Skinner's Pond",1214,"Homarus americanus",20.6,"M",NA
2019,"Skinner's Pond",1214,"Homarus americanus",20.2,"M",NA
2019,"Skinner's Pond",1214,"Homarus americanus",36.2,"M",NA
2019,"Skinner's Pond",1214,"Homarus americanus",8.3,"",NA
2019,"Skinner's Pond",1214,"Homarus americanus",8.1,"",NA
2019,"Skinner's Pond",1214,"Homarus americanus",8.5,"",NA
2019,"Skinner's Pond",1214,"Homarus americanus",7.6,"",NA
2019,"Skinner's Pond",1214,"Homarus americanus",7,"",NA
2019,"Skinner's Pond",1215,"Homarus americanus",21.5,"M",NA
2019,"Skinner's Pond",1215,"Homarus americanus",14.9,"",NA
2019,"Skinner's Pond",1215,"Homarus americanus",14.2,"",NA
2019,"Skinner's Pond",1215,"Homarus americanus",23.6,"M",NA
2019,"Skinner's Pond",1215,"Homarus americanus",9,"",NA
2019,"Skinner's Pond",1215,"Homarus americanus",8.3,"",NA
2019,"Skinner's Pond",1216,"Homarus americanus",41.1,"F",NA
2019,"Skinner's Pond",1216,"Homarus americanus",30.4,"F",NA
2019,"Skinner's Pond",1216,"Homarus americanus",45.3,"M",NA
2019,"Skinner's Pond",1216,"Homarus americanus",21.9,"M",NA
2019,"Skinner's Pond",1216,"Homarus americanus",17.4,"",NA
2019,"Skinner's Pond",1216,"Homarus americanus",11.3,"",NA
2019,"Skinner's Pond",1216,"Homarus americanus",13.7,"",NA
2019,"Skinner's Pond",1216,"Homarus americanus",8.6,"",NA
2019,"Skinner's Pond",1216,"Homarus americanus",30.8,"F",NA
2019,"Skinner's Pond",1216,"Homarus americanus",17.1,"",NA
2019,"Skinner's Pond",1216,"Homarus americanus",8.9,"",NA
2019,"Skinner's Pond",1217,"Homarus americanus",8.6,"",NA
2019,"Skinner's Pond",1217,"Homarus americanus",10,"",NA
2019,"Skinner's Pond",1217,"Homarus americanus",15.5,"",NA
2019,"Skinner's Pond",1217,"Homarus americanus",14,"",NA
2019,"Skinner's Pond",1217,"Homarus americanus",8.3,"",NA
2019,"Skinner's Pond",1217,"Homarus americanus",8.4,"",NA
2019,"Skinner's Pond",1217,"Homarus americanus",9.4,"",NA
2019,"Skinner's Pond",1217,"Homarus americanus",7.1,"",NA
2019,"Skinner's Pond",1218,"Homarus americanus",32.3,"M",NA
2019,"Skinner's Pond",1218,"Homarus americanus",36.6,"M",NA
2019,"Skinner's Pond",1218,"Homarus americanus",18.5,"",NA
2019,"Skinner's Pond",1218,"Homarus americanus",22.9,"F",NA
2019,"Skinner's Pond",1218,"Homarus americanus",20,"F",NA
2019,"Skinner's Pond",1218,"Homarus americanus",16.1,"",NA
2019,"Skinner's Pond",1218,"Homarus americanus",9.6,"",NA
2019,"Skinner's Pond",1218,"Homarus americanus",8,"",NA
2019,"Skinner's Pond",1218,"Homarus americanus",7.6,"",NA
2019,"Skinner's Pond",1218,"Homarus americanus",8.8,"",NA
2019,"Skinner's Pond",1218,"Homarus americanus",9.3,"",NA
2019,"Skinner's Pond",1218,"Homarus americanus",8.2,"",NA
2019,"Skinner's Pond",1219,"Homarus americanus",NA,"",NA
2019,"Skinner's Pond",1220,"Homarus americanus",27,"M",NA
2019,"Skinner's Pond",1220,"Homarus americanus",25.2,"F",NA
2019,"Skinner's Pond",1220,"Homarus americanus",21.6,"F",NA
2019,"Skinner's Pond",1220,"Homarus americanus",11.5,"",NA
2019,"Skinner's Pond",1220,"Homarus americanus",14.9,"",NA
2019,"Skinner's Pond",1220,"Homarus americanus",14.5,"",NA
2019,"Skinner's Pond",1220,"Homarus americanus",8.4,"",NA
2019,"Skinner's Pond",1220,"Homarus americanus",8.7,"",NA
2019,"Skinner's Pond",1220,"Homarus americanus",7.2,"",NA
2019,"Skinner's Pond",1220,"Homarus americanus",14.1,"",NA
2019,"Skinner's Pond",1221,"Homarus americanus",25.2,"M",NA
2019,"Skinner's Pond",1221,"Homarus americanus",30.2,"M",NA
2019,"Skinner's Pond",1221,"Homarus americanus",20.7,"F",NA
2019,"Skinner's Pond",1221,"Homarus americanus",18.9,"",NA
2019,"Skinner's Pond",1221,"Homarus americanus",8.6,"",NA
2019,"Skinner's Pond",1221,"Homarus americanus",11.8,"",NA
2019,"Skinner's Pond",1221,"Homarus americanus",10.1,"",NA
2019,"Skinner's Pond",1221,"Homarus americanus",10,"",NA
2019,"Skinner's Pond",1221,"Homarus americanus",8.1,"",NA
2019,"Skinner's Pond",1221,"Homarus americanus",11.3,"",NA
2019,"Skinner's Pond",1221,"Homarus americanus",7.3,"",NA
2019,"Skinner's Pond",1222,"Homarus americanus",17.4,"",NA
2019,"Skinner's Pond",1222,"Homarus americanus",24.9,"M",NA
2019,"Skinner's Pond",1222,"Homarus americanus",15.1,"",NA
2019,"Skinner's Pond",1222,"Homarus americanus",17.1,"",NA
2019,"Skinner's Pond",1222,"Homarus americanus",11.9,"",NA
2019,"Skinner's Pond",1222,"Homarus americanus",24.9,"M",NA
2019,"Skinner's Pond",1222,"Homarus americanus",20.3,"F",NA
2019,"Skinner's Pond",1222,"Homarus americanus",9.2,"",NA
2019,"Skinner's Pond",1222,"Homarus americanus",8.1,"",NA
2019,"Skinner's Pond",1222,"Homarus americanus",9.5,"",NA
2019,"Skinner's Pond",1222,"Homarus americanus",8.1,"",NA
2019,"Skinner's Pond",1222,"Homarus americanus",9.6,"",NA
2019,"Skinner's Pond",1223,"Homarus americanus",27.7,"F",NA
2019,"Skinner's Pond",1223,"Homarus americanus",22.4,"F",NA
2019,"Skinner's Pond",1223,"Homarus americanus",15.7,"",NA
2019,"Skinner's Pond",1223,"Homarus americanus",20.5,"F",NA
2019,"Skinner's Pond",1223,"Homarus americanus",12.7,"",NA
2019,"Skinner's Pond",1223,"Homarus americanus",8.7,"",NA
2019,"Skinner's Pond",1223,"Homarus americanus",10.4,"",NA
2019,"Skinner's Pond",1223,"Homarus americanus",7.1,"",NA
2019,"Skinner's Pond",1223,"Homarus americanus",6.9,"",NA
2019,"Skinner's Pond",1223,"Homarus americanus",9.3,"",NA
2019,"Skinner's Pond",1223,"Homarus americanus",16.3,"",NA
2019,"Skinner's Pond",1223,"Homarus americanus",17.2,"",NA
2019,"Skinner's Pond",1223,"Homarus americanus",8.7,"",NA
2019,"Skinner's Pond",1223,"Homarus americanus",8.1,"",NA
2019,"Skinner's Pond",1223,"Homarus americanus",9.1,"",NA
2019,"Skinner's Pond",1223,"Homarus americanus",7.5,"",NA
2019,"Skinner's Pond",1224,"Homarus americanus",28.6,"F",NA
2019,"Skinner's Pond",1224,"Homarus americanus",30.3,"M",NA
2019,"Skinner's Pond",1224,"Homarus americanus",26,"F",NA
2019,"Skinner's Pond",1224,"Homarus americanus",22.5,"M",NA
2019,"Skinner's Pond",1224,"Homarus americanus",42.7,"M",NA
2019,"Skinner's Pond",1224,"Homarus americanus",15.7,"",NA
2019,"Skinner's Pond",1224,"Homarus americanus",9.4,"",NA
2019,"Skinner's Pond",1224,"Homarus americanus",9.8,"",NA
2019,"Skinner's Pond",1224,"Homarus americanus",7.1,"",NA
2019,"Skinner's Pond",1224,"Homarus americanus",15.7,"",NA
2019,"Skinner's Pond",1224,"Homarus americanus",8,"",NA
2019,"Skinner's Pond",1224,"Homarus americanus",9.3,"",NA
2019,"Skinner's Pond",1224,"Homarus americanus",10.9,"",NA
2019,"Skinner's Pond",1225,"Homarus americanus",21.5,"F",NA
2019,"Skinner's Pond",1225,"Homarus americanus",30.4,"F",NA
2019,"Skinner's Pond",1225,"Homarus americanus",25.4,"M",NA
2019,"Skinner's Pond",1225,"Homarus americanus",16.5,"",NA
2019,"Skinner's Pond",1225,"Homarus americanus",13.4,"",NA
2019,"Skinner's Pond",1225,"Homarus americanus",18.2,"",NA
2019,"Skinner's Pond",1225,"Homarus americanus",10.7,"",NA
2019,"Skinner's Pond",1226,"Homarus americanus",24.6,"F",NA
2019,"Skinner's Pond",1226,"Homarus americanus",37.4,"M",NA
2019,"Skinner's Pond",1226,"Homarus americanus",35.6,"F",NA
2019,"Skinner's Pond",1226,"Homarus americanus",22,"F",NA
2019,"Skinner's Pond",1226,"Homarus americanus",16.2,"",NA
2019,"Skinner's Pond",1226,"Homarus americanus",10.1,"",NA
2019,"Skinner's Pond",1226,"Homarus americanus",10.1,"",NA
2019,"Skinner's Pond",1226,"Homarus americanus",15.7,"",NA
2019,"Skinner's Pond",1226,"Homarus americanus",7.4,"",NA
2019,"Skinner's Pond",1226,"Homarus americanus",8.3,"",NA
2019,"Skinner's Pond",1226,"Homarus americanus",9.1,"",NA
2019,"Skinner's Pond",1227,"Homarus americanus",28.1,"M",NA
2019,"Skinner's Pond",1227,"Homarus americanus",21.4,"F",NA
2019,"Skinner's Pond",1227,"Homarus americanus",14.8,"",NA
2019,"Skinner's Pond",1227,"Homarus americanus",8,"",NA
2019,"Skinner's Pond",1227,"Homarus americanus",6.7,"",NA
2019,"Skinner's Pond",1228,"Homarus americanus",44.5,"F",NA
2019,"Skinner's Pond",1228,"Homarus americanus",34.7,"F",NA
2019,"Skinner's Pond",1228,"Homarus americanus",17.6,"",NA
2019,"Skinner's Pond",1228,"Homarus americanus",22.8,"M",NA
2019,"Skinner's Pond",1228,"Homarus americanus",17.8,"",NA
2019,"Skinner's Pond",1228,"Homarus americanus",8.2,"",NA
2019,"Skinner's Pond",1228,"Homarus americanus",6.4,"",NA
2019,"Skinner's Pond",1228,"Homarus americanus",14,"",NA
2019,"Skinner's Pond",1228,"Homarus americanus",8.5,"",NA
2019,"Skinner's Pond",1228,"Homarus americanus",7.4,"",NA
2019,"Skinner's Pond",1229,"Homarus americanus",24,"F",NA
2019,"Skinner's Pond",1229,"Homarus americanus",33.1,"M",NA
2019,"Skinner's Pond",1229,"Homarus americanus",19.9,"",NA
2019,"Skinner's Pond",1229,"Homarus americanus",14.6,"",NA
2019,"Skinner's Pond",1229,"Homarus americanus",16.5,"",NA
2019,"Skinner's Pond",1229,"Homarus americanus",14.4,"",NA
2019,"Skinner's Pond",1229,"Homarus americanus",8,"",NA
2019,"Skinner's Pond",1229,"Homarus americanus",8.5,"",NA
2019,"Skinner's Pond",1229,"Homarus americanus",13.4,"",NA
2019,"Skinner's Pond",1229,"Homarus americanus",7.9,"",NA
2019,"Skinner's Pond",1230,"Homarus americanus",18.7,"",NA
2019,"Skinner's Pond",1230,"Homarus americanus",12.3,"",NA
2019,"Skinner's Pond",1230,"Homarus americanus",23.2,"F",NA
2019,"Skinner's Pond",1230,"Homarus americanus",31,"M",NA
2019,"Skinner's Pond",1230,"Homarus americanus",17.1,"",NA
2019,"Skinner's Pond",1230,"Homarus americanus",14.4,"",NA
2019,"Skinner's Pond",1230,"Homarus americanus",7.2,"",NA
2019,"Skinner's Pond",1230,"Homarus americanus",20.1,"F",NA
2019,"Skinner's Pond",1230,"Homarus americanus",15.2,"",NA
2019,"Skinner's Pond",1230,"Homarus americanus",14.8,"",NA
2019,"Skinner's Pond",1230,"Homarus americanus",34.7,"M",NA
2019,"Skinner's Pond",1230,"Homarus americanus",32.3,"F",NA
2019,"Skinner's Pond",1230,"Homarus americanus",19.8,"",NA
2019,"Skinner's Pond",1230,"Homarus americanus",9.1,"",NA
2019,"Skinner's Pond",1230,"Homarus americanus",9.3,"",NA
2019,"Skinner's Pond",1230,"Homarus americanus",8.8,"",NA
2019,"Skinner's Pond",1230,"Homarus americanus",9,"",NA
2019,"Skinner's Pond",1230,"Homarus americanus",9.4,"",NA
2019,"Skinner's Pond",1230,"Homarus americanus",7.3,"",NA
2019,"Skinner's Pond",1230,"Homarus americanus",8.4,"",NA
2019,"Alberton",1293,"Homarus americanus",NA,"",NA
