Recorder,Serial numb,Site (text),Site Depth(m),Surface-Bottom,Log Depth(m),Latitude,Longitude,Year,Month,Day,Date,Time,Temperature
Minilog-II-T,350546,"Nine Mile Creek,PEI",8,B,8,46.10308,63.22652,2014,7,15,2014-07-15,0:00:00,16.53
Minilog-II-T,350546,"Nine Mile Creek,PEI",8,B,8,,,2014,7,15,2014-07-15,2:00:00,15.41
Minilog-II-T,350546,"Nine Mile Creek,PEI",8,B,8,,,2014,7,15,2014-07-15,4:00:00,15.9
Minilog-II-T,350546,"Nine Mile Creek,PEI",8,B,8,,,2014,7,15,2014-07-15,6:00:00,16.15
Minilog-II-T,350546,"Nine Mile Creek,PEI",8,B,8,,,2014,7,15,2014-07-15,8:00:00,16.19
Minilog-II-T,350546,"Nine Mile Creek,PEI",8,B,8,,,2014,7,15,2014-07-15,10:00:00,15.77
Minilog-II-T,350546,"Nine Mile Creek,PEI",8,B,8,,,2014,7,15,2014-07-15,12:00:00,15.56
Minilog-II-T,350546,"Nine Mile Creek,PEI",8,B,8,,,2014,7,15,2014-07-15,14:00:00,14.95
Minilog-II-T,350546,"Nine Mile Creek,PEI",8,B,8,,,2014,7,15,2014-07-15,16:00:00,15.19
Minilog-II-T,350546,"Nine Mile Creek,PEI",8,B,8,,,2014,7,15,2014-07-15,18:00:00,15.85
Minilog-II-T,350546,"Nine Mile Creek,PEI",8,B,8,,,2014,7,15,2014-07-15,20:00:00,15.68
Minilog-II-T,350546,"Nine Mile Creek,PEI",8,B,8,,,2014,7,15,2014-07-15,22:00:00,15.93
Minilog-II-T,350546,"Nine Mile Creek,PEI",8,B,8,,,2014,7,16,2014-07-16,0:00:00,16.39
Minilog-II-T,350546,"Nine Mile Creek,PEI",8,B,8,,,2014,7,16,2014-07-16,2:00:00,16.27
Minilog-II-T,350546,"Nine Mile Creek,PEI",8,B,8,,,2014,7,16,2014-07-16,4:00:00,17.92
Minilog-II-T,350546,"Nine Mile Creek,PEI",8,B,8,,,2014,7,16,2014-07-16,6:00:00,18.37
Minilog-II-T,350546,"Nine Mile Creek,PEI",8,B,8,,,2014,7,16,2014-07-16,8:00:00,17.81
Minilog-II-T,350546,"Nine Mile Creek,PEI",8,B,8,,,2014,7,16,2014-07-16,10:00:00,17.51
Minilog-II-T,350546,"Nine Mile Creek,PEI",8,B,8,,,2014,7,16,2014-07-16,12:00:00,17.19
Minilog-II-T,350546,"Nine Mile Creek,PEI",8,B,8,,,2014,7,16,2014-07-16,14:00:00,15.91
Minilog-II-T,350546,"Nine Mile Creek,PEI",8,B,8,,,2014,7,16,2014-07-16,16:00:00,15.02
Minilog-II-T,350546,"Nine Mile Creek,PEI",8,B,8,,,2014,7,16,2014-07-16,18:00:00,16.06
Minilog-II-T,350546,"Nine Mile Creek,PEI",8,B,8,,,2014,7,16,2014-07-16,20:00:00,16.05
Minilog-II-T,350546,"Nine Mile Creek,PEI",8,B,8,,,2014,7,16,2014-07-16,22:00:00,15.89
Minilog-II-T,350546,"Nine Mile Creek,PEI",8,B,8,,,2014,7,17,2014-07-17,0:00:00,16.59
Minilog-II-T,350546,"Nine Mile Creek,PEI",8,B,8,,,2014,7,17,2014-07-17,2:00:00,16.22
Minilog-II-T,350546,"Nine Mile Creek,PEI",8,B,8,,,2014,7,17,2014-07-17,4:00:00,17.71
Minilog-II-T,350546,"Nine Mile Creek,PEI",8,B,8,,,2014,7,17,2014-07-17,6:00:00,18.81
Minilog-II-T,350546,"Nine Mile Creek,PEI",8,B,8,,,2014,7,17,2014-07-17,8:00:00,19.09
Minilog-II-T,350546,"Nine Mile Creek,PEI",8,B,8,,,2014,7,17,2014-07-17,10:00:00,19.15
Minilog-II-T,350546,"Nine Mile Creek,PEI",8,B,8,,,2014,7,17,2014-07-17,12:00:00,17.72
Minilog-II-T,350546,"Nine Mile Creek,PEI",8,B,8,,,2014,7,17,2014-07-17,14:00:00,16.16
Minilog-II-T,350546,"Nine Mile Creek,PEI",8,B,8,,,2014,7,17,2014-07-17,16:00:00,15.09
Minilog-II-T,350546,"Nine Mile Creek,PEI",8,B,8,,,2014,7,17,2014-07-17,18:00:00,15.46
Minilog-II-T,350546,"Nine Mile Creek,PEI",8,B,8,,,2014,7,17,2014-07-17,20:00:00,15.45
Minilog-II-T,350546,"Nine Mile Creek,PEI",8,B,8,,,2014,7,17,2014-07-17,22:00:00,15.04
Minilog-II-T,350546,"Nine Mile Creek,PEI",8,B,8,,,2014,7,18,2014-07-18,0:00:00,14.62
Minilog-II-T,350546,"Nine Mile Creek,PEI",8,B,8,,,2014,7,18,2014-07-18,2:00:00,14.51
Minilog-II-T,350546,"Nine Mile Creek,PEI",8,B,8,,,2014,7,18,2014-07-18,4:00:00,15.23
Minilog-II-T,350546,"Nine Mile Creek,PEI",8,B,8,,,2014,7,18,2014-07-18,6:00:00,15.82
Minilog-II-T,350546,"Nine Mile Creek,PEI",8,B,8,,,2014,7,18,2014-07-18,8:00:00,15.87
Minilog-II-T,350546,"Nine Mile Creek,PEI",8,B,8,,,2014,7,18,2014-07-18,10:00:00,15.46
Minilog-II-T,350546,"Nine Mile Creek,PEI",8,B,8,,,2014,7,18,2014-07-18,12:00:00,15.56
Minilog-II-T,350546,"Nine Mile Creek,PEI",8,B,8,,,2014,7,18,2014-07-18,14:00:00,14.45
Minilog-II-T,350546,"Nine Mile Creek,PEI",8,B,8,,,2014,7,18,2014-07-18,16:00:00,13.71
Minilog-II-T,350546,"Nine Mile Creek,PEI",8,B,8,,,2014,7,18,2014-07-18,18:00:00,13.22
Minilog-II-T,350546,"Nine Mile Creek,PEI",8,B,8,,,2014,7,18,2014-07-18,20:00:00,13.84
Minilog-II-T,350546,"Nine Mile Creek,PEI",8,B,8,,,2014,7,18,2014-07-18,22:00:00,13.83
Minilog-II-T,350546,"Nine Mile Creek,PEI",8,B,8,,,2014,7,19,2014-07-19,0:00:00,13.7
Minilog-II-T,350546,"Nine Mile Creek,PEI",8,B,8,,,2014,7,19,2014-07-19,2:00:00,13.92
Minilog-II-T,350546,"Nine Mile Creek,PEI",8,B,8,,,2014,7,19,2014-07-19,4:00:00,12.99
Minilog-II-T,350546,"Nine Mile Creek,PEI",8,B,8,,,2014,7,19,2014-07-19,6:00:00,13.21
Minilog-II-T,350546,"Nine Mile Creek,PEI",8,B,8,,,2014,7,19,2014-07-19,8:00:00,13.34
Minilog-II-T,350546,"Nine Mile Creek,PEI",8,B,8,,,2014,7,19,2014-07-19,10:00:00,13.4
Minilog-II-T,350546,"Nine Mile Creek,PEI",8,B,8,,,2014,7,19,2014-07-19,12:00:00,13.36
Minilog-II-T,350546,"Nine Mile Creek,PEI",8,B,8,,,2014,7,19,2014-07-19,14:00:00,13.56
Minilog-II-T,350546,"Nine Mile Creek,PEI",8,B,8,,,2014,7,19,2014-07-19,16:00:00,13.71
Minilog-II-T,350546,"Nine Mile Creek,PEI",8,B,8,,,2014,7,19,2014-07-19,18:00:00,13.7
Minilog-II-T,350546,"Nine Mile Creek,PEI",8,B,8,,,2014,7,19,2014-07-19,20:00:00,13.9
Minilog-II-T,350546,"Nine Mile Creek,PEI",8,B,8,,,2014,7,19,2014-07-19,22:00:00,13.76
Minilog-II-T,350546,"Nine Mile Creek,PEI",8,B,8,,,2014,7,20,2014-07-20,0:00:00,13.77
Minilog-II-T,350546,"Nine Mile Creek,PEI",8,B,8,,,2014,7,20,2014-07-20,2:00:00,13.72
Minilog-II-T,350546,"Nine Mile Creek,PEI",8,B,8,,,2014,7,20,2014-07-20,4:00:00,13.94
Minilog-II-T,350546,"Nine Mile Creek,PEI",8,B,8,,,2014,7,20,2014-07-20,6:00:00,14.13
Minilog-II-T,350546,"Nine Mile Creek,PEI",8,B,8,,,2014,7,20,2014-07-20,8:00:00,14.05
Minilog-II-T,350546,"Nine Mile Creek,PEI",8,B,8,,,2014,7,20,2014-07-20,10:00:00,14.3
Minilog-II-T,350546,"Nine Mile Creek,PEI",8,B,8,,,2014,7,20,2014-07-20,12:00:00,14.22
Minilog-II-T,350546,"Nine Mile Creek,PEI",8,B,8,,,2014,7,20,2014-07-20,14:00:00,14.33
Minilog-II-T,350546,"Nine Mile Creek,PEI",8,B,8,,,2014,7,20,2014-07-20,16:00:00,14.82
Minilog-II-T,350546,"Nine Mile Creek,PEI",8,B,8,,,2014,7,20,2014-07-20,18:00:00,17.46
Minilog-II-T,350546,"Nine Mile Creek,PEI",8,B,8,,,2014,7,20,2014-07-20,20:00:00,16.53
Minilog-II-T,350546,"Nine Mile Creek,PEI",8,B,8,,,2014,7,20,2014-07-20,22:00:00,15.3
Minilog-II-T,350546,"Nine Mile Creek,PEI",8,B,8,,,2014,7,21,2014-07-21,0:00:00,15.11
Minilog-II-T,350546,"Nine Mile Creek,PEI",8,B,8,,,2014,7,21,2014-07-21,2:00:00,14.63
Minilog-II-T,350546,"Nine Mile Creek,PEI",8,B,8,,,2014,7,21,2014-07-21,4:00:00,15.22
Minilog-II-T,350546,"Nine Mile Creek,PEI",8,B,8,,,2014,7,21,2014-07-21,6:00:00,14.85
Minilog-II-T,350546,"Nine Mile Creek,PEI",8,B,8,,,2014,7,21,2014-07-21,8:00:00,14.9
Minilog-II-T,350546,"Nine Mile Creek,PEI",8,B,8,,,2014,7,21,2014-07-21,10:00:00,14.98
Minilog-II-T,350546,"Nine Mile Creek,PEI",8,B,8,,,2014,7,21,2014-07-21,12:00:00,14.01
Minilog-II-T,350546,"Nine Mile Creek,PEI",8,B,8,,,2014,7,21,2014-07-21,14:00:00,13.83
Minilog-II-T,350546,"Nine Mile Creek,PEI",8,B,8,,,2014,7,21,2014-07-21,16:00:00,14.16
Minilog-II-T,350546,"Nine Mile Creek,PEI",8,B,8,,,2014,7,21,2014-07-21,18:00:00,15.46
Minilog-II-T,350546,"Nine Mile Creek,PEI",8,B,8,,,2014,7,21,2014-07-21,20:00:00,17.77
Minilog-II-T,350546,"Nine Mile Creek,PEI",8,B,8,,,2014,7,21,2014-07-21,22:00:00,18.03
Minilog-II-T,350546,"Nine Mile Creek,PEI",8,B,8,,,2014,7,22,2014-07-22,0:00:00,17.26
Minilog-II-T,350546,"Nine Mile Creek,PEI",8,B,8,,,2014,7,22,2014-07-22,2:00:00,17.17
Minilog-II-T,350546,"Nine Mile Creek,PEI",8,B,8,,,2014,7,22,2014-07-22,4:00:00,16.63
Minilog-II-T,350546,"Nine Mile Creek,PEI",8,B,8,,,2014,7,22,2014-07-22,6:00:00,13.38
Minilog-II-T,350546,"Nine Mile Creek,PEI",8,B,8,,,2014,7,22,2014-07-22,8:00:00,13.27
Minilog-II-T,350546,"Nine Mile Creek,PEI",8,B,8,,,2014,7,22,2014-07-22,10:00:00,13.22
Minilog-II-T,350546,"Nine Mile Creek,PEI",8,B,8,,,2014,7,22,2014-07-22,12:00:00,13.62
Minilog-II-T,350546,"Nine Mile Creek,PEI",8,B,8,,,2014,7,22,2014-07-22,14:00:00,13.4
Minilog-II-T,350546,"Nine Mile Creek,PEI",8,B,8,,,2014,7,22,2014-07-22,16:00:00,13.48
Minilog-II-T,350546,"Nine Mile Creek,PEI",8,B,8,,,2014,7,22,2014-07-22,18:00:00,13.79
Minilog-II-T,350546,"Nine Mile Creek,PEI",8,B,8,,,2014,7,22,2014-07-22,20:00:00,14.74
Minilog-II-T,350546,"Nine Mile Creek,PEI",8,B,8,,,2014,7,22,2014-07-22,22:00:00,16.21
Minilog-II-T,350546,"Nine Mile Creek,PEI",8,B,8,,,2014,7,23,2014-07-23,0:00:00,15.9
Minilog-II-T,350546,"Nine Mile Creek,PEI",8,B,8,,,2014,7,23,2014-07-23,2:00:00,15.5
Minilog-II-T,350546,"Nine Mile Creek,PEI",8,B,8,,,2014,7,23,2014-07-23,4:00:00,15.23
Minilog-II-T,350546,"Nine Mile Creek,PEI",8,B,8,,,2014,7,23,2014-07-23,6:00:00,15.17
Minilog-II-T,350546,"Nine Mile Creek,PEI",8,B,8,,,2014,7,23,2014-07-23,8:00:00,13.18
Minilog-II-T,350546,"Nine Mile Creek,PEI",8,B,8,,,2014,7,23,2014-07-23,10:00:00,13.07
Minilog-II-T,350546,"Nine Mile Creek,PEI",8,B,8,,,2014,7,23,2014-07-23,12:00:00,13.14
Minilog-II-T,350546,"Nine Mile Creek,PEI",8,B,8,,,2014,7,23,2014-07-23,14:00:00,12.99
Minilog-II-T,350546,"Nine Mile Creek,PEI",8,B,8,,,2014,7,23,2014-07-23,16:00:00,12.98
Minilog-II-T,350546,"Nine Mile Creek,PEI",8,B,8,,,2014,7,23,2014-07-23,18:00:00,13.74
Minilog-II-T,350546,"Nine Mile Creek,PEI",8,B,8,,,2014,7,23,2014-07-23,20:00:00,14.88
Minilog-II-T,350546,"Nine Mile Creek,PEI",8,B,8,,,2014,7,23,2014-07-23,22:00:00,14.25
Minilog-II-T,350546,"Nine Mile Creek,PEI",8,B,8,,,2014,7,24,2014-07-24,0:00:00,14.76
Minilog-II-T,350546,"Nine Mile Creek,PEI",8,B,8,,,2014,7,24,2014-07-24,2:00:00,14.77
Minilog-II-T,350546,"Nine Mile Creek,PEI",8,B,8,,,2014,7,24,2014-07-24,4:00:00,14.98
Minilog-II-T,350546,"Nine Mile Creek,PEI",8,B,8,,,2014,7,24,2014-07-24,6:00:00,14.64
Minilog-II-T,350546,"Nine Mile Creek,PEI",8,B,8,,,2014,7,24,2014-07-24,8:00:00,13.7
Minilog-II-T,350546,"Nine Mile Creek,PEI",8,B,8,,,2014,7,24,2014-07-24,10:00:00,13.42
Minilog-II-T,350546,"Nine Mile Creek,PEI",8,B,8,,,2014,7,24,2014-07-24,12:00:00,13.33
Minilog-II-T,350546,"Nine Mile Creek,PEI",8,B,8,,,2014,7,24,2014-07-24,14:00:00,12.87
Minilog-II-T,350546,"Nine Mile Creek,PEI",8,B,8,,,2014,7,24,2014-07-24,16:00:00,12.82
Minilog-II-T,350546,"Nine Mile Creek,PEI",8,B,8,,,2014,7,24,2014-07-24,18:00:00,12.88
Minilog-II-T,350546,"Nine Mile Creek,PEI",8,B,8,,,2014,7,24,2014-07-24,20:00:00,13.33
Minilog-II-T,350546,"Nine Mile Creek,PEI",8,B,8,,,2014,7,24,2014-07-24,22:00:00,15.49
Minilog-II-T,350546,"Nine Mile Creek,PEI",8,B,8,,,2014,7,25,2014-07-25,0:00:00,14.66
Minilog-II-T,350546,"Nine Mile Creek,PEI",8,B,8,,,2014,7,25,2014-07-25,2:00:00,14.9
Minilog-II-T,350546,"Nine Mile Creek,PEI",8,B,8,,,2014,7,25,2014-07-25,4:00:00,14.86
Minilog-II-T,350546,"Nine Mile Creek,PEI",8,B,8,,,2014,7,25,2014-07-25,6:00:00,14.69
Minilog-II-T,350546,"Nine Mile Creek,PEI",8,B,8,,,2014,7,25,2014-07-25,8:00:00,13.57
Minilog-II-T,350546,"Nine Mile Creek,PEI",8,B,8,,,2014,7,25,2014-07-25,10:00:00,13.33
Minilog-II-T,350546,"Nine Mile Creek,PEI",8,B,8,,,2014,7,25,2014-07-25,12:00:00,13.23
Minilog-II-T,350546,"Nine Mile Creek,PEI",8,B,8,,,2014,7,25,2014-07-25,14:00:00,13.62
Minilog-II-T,350546,"Nine Mile Creek,PEI",8,B,8,,,2014,7,25,2014-07-25,16:00:00,13.97
Minilog-II-T,350546,"Nine Mile Creek,PEI",8,B,8,,,2014,7,25,2014-07-25,18:00:00,14.41
Minilog-II-T,350546,"Nine Mile Creek,PEI",8,B,8,,,2014,7,25,2014-07-25,20:00:00,15.16
Minilog-II-T,350546,"Nine Mile Creek,PEI",8,B,8,,,2014,7,25,2014-07-25,22:00:00,16.53
Minilog-II-T,350546,"Nine Mile Creek,PEI",8,B,8,,,2014,7,26,2014-07-26,0:00:00,15.95
Minilog-II-T,350546,"Nine Mile Creek,PEI",8,B,8,,,2014,7,26,2014-07-26,2:00:00,16.42
Minilog-II-T,350546,"Nine Mile Creek,PEI",8,B,8,,,2014,7,26,2014-07-26,4:00:00,17.01
Minilog-II-T,350546,"Nine Mile Creek,PEI",8,B,8,,,2014,7,26,2014-07-26,6:00:00,16.19
Minilog-II-T,350546,"Nine Mile Creek,PEI",8,B,8,,,2014,7,26,2014-07-26,8:00:00,14.46
Minilog-II-T,350546,"Nine Mile Creek,PEI",8,B,8,,,2014,7,26,2014-07-26,10:00:00,13.37
Minilog-II-T,350546,"Nine Mile Creek,PEI",8,B,8,,,2014,7,26,2014-07-26,12:00:00,13.06
Minilog-II-T,350546,"Nine Mile Creek,PEI",8,B,8,,,2014,7,26,2014-07-26,14:00:00,13.1
Minilog-II-T,350546,"Nine Mile Creek,PEI",8,B,8,,,2014,7,26,2014-07-26,16:00:00,13.12
Minilog-II-T,350546,"Nine Mile Creek,PEI",8,B,8,,,2014,7,26,2014-07-26,18:00:00,13.12
Minilog-II-T,350546,"Nine Mile Creek,PEI",8,B,8,,,2014,7,26,2014-07-26,20:00:00,13.66
Minilog-II-T,350546,"Nine Mile Creek,PEI",8,B,8,,,2014,7,26,2014-07-26,22:00:00,15.37
Minilog-II-T,350546,"Nine Mile Creek,PEI",8,B,8,,,2014,7,27,2014-07-27,0:00:00,14.7
Minilog-II-T,350546,"Nine Mile Creek,PEI",8,B,8,,,2014,7,27,2014-07-27,2:00:00,14.17
Minilog-II-T,350546,"Nine Mile Creek,PEI",8,B,8,,,2014,7,27,2014-07-27,4:00:00,14.73
Minilog-II-T,350546,"Nine Mile Creek,PEI",8,B,8,,,2014,7,27,2014-07-27,6:00:00,13.75
Minilog-II-T,350546,"Nine Mile Creek,PEI",8,B,8,,,2014,7,27,2014-07-27,8:00:00,13.76
Minilog-II-T,350546,"Nine Mile Creek,PEI",8,B,8,,,2014,7,27,2014-07-27,10:00:00,13.96
Minilog-II-T,350546,"Nine Mile Creek,PEI",8,B,8,,,2014,7,27,2014-07-27,12:00:00,14.21
Minilog-II-T,350546,"Nine Mile Creek,PEI",8,B,8,,,2014,7,27,2014-07-27,14:00:00,14.1
Minilog-II-T,350546,"Nine Mile Creek,PEI",8,B,8,,,2014,7,27,2014-07-27,16:00:00,14.44
Minilog-II-T,350546,"Nine Mile Creek,PEI",8,B,8,,,2014,7,27,2014-07-27,18:00:00,14.21
Minilog-II-T,350546,"Nine Mile Creek,PEI",8,B,8,,,2014,7,27,2014-07-27,20:00:00,14.33
Minilog-II-T,350546,"Nine Mile Creek,PEI",8,B,8,,,2014,7,27,2014-07-27,22:00:00,15.13
Minilog-II-T,350546,"Nine Mile Creek,PEI",8,B,8,,,2014,7,28,2014-07-28,0:00:00,18.02
Minilog-II-T,350546,"Nine Mile Creek,PEI",8,B,8,,,2014,7,28,2014-07-28,2:00:00,18.19
Minilog-II-T,350546,"Nine Mile Creek,PEI",8,B,8,,,2014,7,28,2014-07-28,4:00:00,18.3
Minilog-II-T,350546,"Nine Mile Creek,PEI",8,B,8,,,2014,7,28,2014-07-28,6:00:00,18.37
Minilog-II-T,350546,"Nine Mile Creek,PEI",8,B,8,,,2014,7,28,2014-07-28,8:00:00,18.23
Minilog-II-T,350546,"Nine Mile Creek,PEI",8,B,8,,,2014,7,28,2014-07-28,10:00:00,18.44
Minilog-II-T,350546,"Nine Mile Creek,PEI",8,B,8,,,2014,7,28,2014-07-28,12:00:00,18.23
Minilog-II-T,350546,"Nine Mile Creek,PEI",8,B,8,,,2014,7,28,2014-07-28,14:00:00,18.26
Minilog-II-T,350546,"Nine Mile Creek,PEI",8,B,8,,,2014,7,28,2014-07-28,16:00:00,18.58
Minilog-II-T,350546,"Nine Mile Creek,PEI",8,B,8,,,2014,7,28,2014-07-28,18:00:00,18.79
Minilog-II-T,350546,"Nine Mile Creek,PEI",8,B,8,,,2014,7,28,2014-07-28,20:00:00,18.92
Minilog-II-T,350546,"Nine Mile Creek,PEI",8,B,8,,,2014,7,28,2014-07-28,22:00:00,18.62
Minilog-II-T,350546,"Nine Mile Creek,PEI",8,B,8,,,2014,7,29,2014-07-29,0:00:00,19.04
Minilog-II-T,350546,"Nine Mile Creek,PEI",8,B,8,,,2014,7,29,2014-07-29,2:00:00,18.89
Minilog-II-T,350546,"Nine Mile Creek,PEI",8,B,8,,,2014,7,29,2014-07-29,4:00:00,19.02
Minilog-II-T,350546,"Nine Mile Creek,PEI",8,B,8,,,2014,7,29,2014-07-29,6:00:00,18.93
Minilog-II-T,350546,"Nine Mile Creek,PEI",8,B,8,,,2014,7,29,2014-07-29,8:00:00,18.97
Minilog-II-T,350546,"Nine Mile Creek,PEI",8,B,8,,,2014,7,29,2014-07-29,10:00:00,19.11
Minilog-II-T,350546,"Nine Mile Creek,PEI",8,B,8,,,2014,7,29,2014-07-29,12:00:00,19.25
Minilog-II-T,350546,"Nine Mile Creek,PEI",8,B,8,,,2014,7,29,2014-07-29,14:00:00,19.43
Minilog-II-T,350546,"Nine Mile Creek,PEI",8,B,8,,,2014,7,29,2014-07-29,16:00:00,19.65
Minilog-II-T,350546,"Nine Mile Creek,PEI",8,B,8,,,2014,7,29,2014-07-29,18:00:00,19.62
Minilog-II-T,350546,"Nine Mile Creek,PEI",8,B,8,,,2014,7,29,2014-07-29,20:00:00,19.75
Minilog-II-T,350546,"Nine Mile Creek,PEI",8,B,8,,,2014,7,29,2014-07-29,22:00:00,19.76
Minilog-II-T,350546,"Nine Mile Creek,PEI",8,B,8,,,2014,7,30,2014-07-30,0:00:00,19.62
Minilog-II-T,350546,"Nine Mile Creek,PEI",8,B,8,,,2014,7,30,2014-07-30,2:00:00,19.73
Minilog-II-T,350546,"Nine Mile Creek,PEI",8,B,8,,,2014,7,30,2014-07-30,4:00:00,18.39
Minilog-II-T,350546,"Nine Mile Creek,PEI",8,B,8,,,2014,7,30,2014-07-30,6:00:00,18.99
Minilog-II-T,350546,"Nine Mile Creek,PEI",8,B,8,,,2014,7,30,2014-07-30,8:00:00,18.12
Minilog-II-T,350546,"Nine Mile Creek,PEI",8,B,8,,,2014,7,30,2014-07-30,10:00:00,18.13
Minilog-II-T,350546,"Nine Mile Creek,PEI",8,B,8,,,2014,7,30,2014-07-30,12:00:00,18.42
Minilog-II-T,350546,"Nine Mile Creek,PEI",8,B,8,,,2014,7,30,2014-07-30,14:00:00,18.21
Minilog-II-T,350546,"Nine Mile Creek,PEI",8,B,8,,,2014,7,30,2014-07-30,16:00:00,18.2
Minilog-II-T,350546,"Nine Mile Creek,PEI",8,B,8,,,2014,7,30,2014-07-30,18:00:00,18.1
Minilog-II-T,350546,"Nine Mile Creek,PEI",8,B,8,,,2014,7,30,2014-07-30,20:00:00,17.93
Minilog-II-T,350546,"Nine Mile Creek,PEI",8,B,8,,,2014,7,30,2014-07-30,22:00:00,18.16
Minilog-II-T,350546,"Nine Mile Creek,PEI",8,B,8,,,2014,7,31,2014-07-31,0:00:00,18.65
Minilog-II-T,350546,"Nine Mile Creek,PEI",8,B,8,,,2014,7,31,2014-07-31,2:00:00,18.76
Minilog-II-T,350546,"Nine Mile Creek,PEI",8,B,8,,,2014,7,31,2014-07-31,4:00:00,19.06
Minilog-II-T,350546,"Nine Mile Creek,PEI",8,B,8,,,2014,7,31,2014-07-31,6:00:00,19.39
Minilog-II-T,350546,"Nine Mile Creek,PEI",8,B,8,,,2014,7,31,2014-07-31,8:00:00,19.67
Minilog-II-T,350546,"Nine Mile Creek,PEI",8,B,8,,,2014,7,31,2014-07-31,10:00:00,19.71
Minilog-II-T,350546,"Nine Mile Creek,PEI",8,B,8,,,2014,7,31,2014-07-31,12:00:00,19.71
Minilog-II-T,350546,"Nine Mile Creek,PEI",8,B,8,,,2014,7,31,2014-07-31,14:00:00,18.83
Minilog-II-T,350546,"Nine Mile Creek,PEI",8,B,8,,,2014,7,31,2014-07-31,16:00:00,18.16
Minilog-II-T,350546,"Nine Mile Creek,PEI",8,B,8,,,2014,7,31,2014-07-31,18:00:00,18.76
Minilog-II-T,350546,"Nine Mile Creek,PEI",8,B,8,,,2014,7,31,2014-07-31,20:00:00,19.06
Minilog-II-T,350546,"Nine Mile Creek,PEI",8,B,8,,,2014,7,31,2014-07-31,22:00:00,18.77
Minilog-II-T,350546,"Nine Mile Creek,PEI",8,B,8,,,2014,8,1,2014-08-01,0:00:00,18.78
Minilog-II-T,350546,"Nine Mile Creek,PEI",8,B,8,,,2014,8,1,2014-08-01,2:00:00,18.71
Minilog-II-T,350546,"Nine Mile Creek,PEI",8,B,8,,,2014,8,1,2014-08-01,4:00:00,18.56
Minilog-II-T,350546,"Nine Mile Creek,PEI",8,B,8,,,2014,8,1,2014-08-01,6:00:00,18.59
Minilog-II-T,350546,"Nine Mile Creek,PEI",8,B,8,,,2014,8,1,2014-08-01,8:00:00,19.29
Minilog-II-T,350546,"Nine Mile Creek,PEI",8,B,8,,,2014,8,1,2014-08-01,10:00:00,19.04
Minilog-II-T,350546,"Nine Mile Creek,PEI",8,B,8,,,2014,8,1,2014-08-01,12:00:00,18.9
Minilog-II-T,350546,"Nine Mile Creek,PEI",8,B,8,,,2014,8,1,2014-08-01,14:00:00,17.79
Minilog-II-T,350546,"Nine Mile Creek,PEI",8,B,8,,,2014,8,1,2014-08-01,16:00:00,17.05
Minilog-II-T,350546,"Nine Mile Creek,PEI",8,B,8,,,2014,8,1,2014-08-01,18:00:00,17.13
Minilog-II-T,350546,"Nine Mile Creek,PEI",8,B,8,,,2014,8,1,2014-08-01,20:00:00,16.81
Minilog-II-T,350546,"Nine Mile Creek,PEI",8,B,8,,,2014,8,1,2014-08-01,22:00:00,16.72
Minilog-II-T,350546,"Nine Mile Creek,PEI",8,B,8,,,2014,8,2,2014-08-02,0:00:00,17.24
Minilog-II-T,350546,"Nine Mile Creek,PEI",8,B,8,,,2014,8,2,2014-08-02,2:00:00,18.49
Minilog-II-T,350546,"Nine Mile Creek,PEI",8,B,8,,,2014,8,2,2014-08-02,4:00:00,18.47
Minilog-II-T,350546,"Nine Mile Creek,PEI",8,B,8,,,2014,8,2,2014-08-02,6:00:00,18.13
Minilog-II-T,350546,"Nine Mile Creek,PEI",8,B,8,,,2014,8,2,2014-08-02,8:00:00,17.66
Minilog-II-T,350546,"Nine Mile Creek,PEI",8,B,8,,,2014,8,2,2014-08-02,10:00:00,17.45
Minilog-II-T,350546,"Nine Mile Creek,PEI",8,B,8,,,2014,8,2,2014-08-02,12:00:00,17.46
Minilog-II-T,350546,"Nine Mile Creek,PEI",8,B,8,,,2014,8,2,2014-08-02,14:00:00,17.41
Minilog-II-T,350546,"Nine Mile Creek,PEI",8,B,8,,,2014,8,2,2014-08-02,16:00:00,17.41
Minilog-II-T,350546,"Nine Mile Creek,PEI",8,B,8,,,2014,8,2,2014-08-02,18:00:00,17.12
Minilog-II-T,350546,"Nine Mile Creek,PEI",8,B,8,,,2014,8,2,2014-08-02,20:00:00,17.26
Minilog-II-T,350546,"Nine Mile Creek,PEI",8,B,8,,,2014,8,2,2014-08-02,22:00:00,17.38
Minilog-II-T,350546,"Nine Mile Creek,PEI",8,B,8,,,2014,8,3,2014-08-03,0:00:00,17.56
Minilog-II-T,350546,"Nine Mile Creek,PEI",8,B,8,,,2014,8,3,2014-08-03,2:00:00,17.3
Minilog-II-T,350546,"Nine Mile Creek,PEI",8,B,8,,,2014,8,3,2014-08-03,4:00:00,16.69
Minilog-II-T,350546,"Nine Mile Creek,PEI",8,B,8,,,2014,8,3,2014-08-03,6:00:00,16.51
Minilog-II-T,350546,"Nine Mile Creek,PEI",8,B,8,,,2014,8,3,2014-08-03,8:00:00,16.29
Minilog-II-T,350546,"Nine Mile Creek,PEI",8,B,8,,,2014,8,3,2014-08-03,10:00:00,16.17
Minilog-II-T,350546,"Nine Mile Creek,PEI",8,B,8,,,2014,8,3,2014-08-03,12:00:00,16.2
Minilog-II-T,350546,"Nine Mile Creek,PEI",8,B,8,,,2014,8,3,2014-08-03,14:00:00,16.32
Minilog-II-T,350546,"Nine Mile Creek,PEI",8,B,8,,,2014,8,3,2014-08-03,16:00:00,16.44
Minilog-II-T,350546,"Nine Mile Creek,PEI",8,B,8,,,2014,8,3,2014-08-03,18:00:00,16.5
Minilog-II-T,350546,"Nine Mile Creek,PEI",8,B,8,,,2014,8,3,2014-08-03,20:00:00,16.32
Minilog-II-T,350546,"Nine Mile Creek,PEI",8,B,8,,,2014,8,3,2014-08-03,22:00:00,16.32
Minilog-II-T,350546,"Nine Mile Creek,PEI",8,B,8,,,2014,8,4,2014-08-04,0:00:00,16.39
Minilog-II-T,350546,"Nine Mile Creek,PEI",8,B,8,,,2014,8,4,2014-08-04,2:00:00,16.91
Minilog-II-T,350546,"Nine Mile Creek,PEI",8,B,8,,,2014,8,4,2014-08-04,4:00:00,17.31
Minilog-II-T,350546,"Nine Mile Creek,PEI",8,B,8,,,2014,8,4,2014-08-04,6:00:00,16.87
Minilog-II-T,350546,"Nine Mile Creek,PEI",8,B,8,,,2014,8,4,2014-08-04,8:00:00,16.33
Minilog-II-T,350546,"Nine Mile Creek,PEI",8,B,8,,,2014,8,4,2014-08-04,10:00:00,15.99
Minilog-II-T,350546,"Nine Mile Creek,PEI",8,B,8,,,2014,8,4,2014-08-04,12:00:00,15.78
Minilog-II-T,350546,"Nine Mile Creek,PEI",8,B,8,,,2014,8,4,2014-08-04,14:00:00,15.89
Minilog-II-T,350546,"Nine Mile Creek,PEI",8,B,8,,,2014,8,4,2014-08-04,16:00:00,16.46
Minilog-II-T,350546,"Nine Mile Creek,PEI",8,B,8,,,2014,8,4,2014-08-04,18:00:00,16.86
Minilog-II-T,350546,"Nine Mile Creek,PEI",8,B,8,,,2014,8,4,2014-08-04,20:00:00,17.11
Minilog-II-T,350546,"Nine Mile Creek,PEI",8,B,8,,,2014,8,4,2014-08-04,22:00:00,17.09
Minilog-II-T,350546,"Nine Mile Creek,PEI",8,B,8,,,2014,8,5,2014-08-05,0:00:00,16.52
Minilog-II-T,350546,"Nine Mile Creek,PEI",8,B,8,,,2014,8,5,2014-08-05,2:00:00,16.5
Minilog-II-T,350546,"Nine Mile Creek,PEI",8,B,8,,,2014,8,5,2014-08-05,4:00:00,17.23
Minilog-II-T,350546,"Nine Mile Creek,PEI",8,B,8,,,2014,8,5,2014-08-05,6:00:00,16.48
Minilog-II-T,350546,"Nine Mile Creek,PEI",8,B,8,,,2014,8,5,2014-08-05,8:00:00,15.69
Minilog-II-T,350546,"Nine Mile Creek,PEI",8,B,8,,,2014,8,5,2014-08-05,10:00:00,15.48
Minilog-II-T,350546,"Nine Mile Creek,PEI",8,B,8,,,2014,8,5,2014-08-05,12:00:00,15.28
Minilog-II-T,350546,"Nine Mile Creek,PEI",8,B,8,,,2014,8,5,2014-08-05,14:00:00,15.51
Minilog-II-T,350546,"Nine Mile Creek,PEI",8,B,8,,,2014,8,5,2014-08-05,16:00:00,16.16
Minilog-II-T,350546,"Nine Mile Creek,PEI",8,B,8,,,2014,8,5,2014-08-05,18:00:00,17.63
Minilog-II-T,350546,"Nine Mile Creek,PEI",8,B,8,,,2014,8,5,2014-08-05,20:00:00,17.67
Minilog-II-T,350546,"Nine Mile Creek,PEI",8,B,8,,,2014,8,5,2014-08-05,22:00:00,16.42
Minilog-II-T,350546,"Nine Mile Creek,PEI",8,B,8,,,2014,8,6,2014-08-06,0:00:00,16.23
Minilog-II-T,350546,"Nine Mile Creek,PEI",8,B,8,,,2014,8,6,2014-08-06,2:00:00,16.31
Minilog-II-T,350546,"Nine Mile Creek,PEI",8,B,8,,,2014,8,6,2014-08-06,4:00:00,16.45
Minilog-II-T,350546,"Nine Mile Creek,PEI",8,B,8,,,2014,8,6,2014-08-06,6:00:00,15.56
Minilog-II-T,350546,"Nine Mile Creek,PEI",8,B,8,,,2014,8,6,2014-08-06,8:00:00,14.96
Minilog-II-T,350546,"Nine Mile Creek,PEI",8,B,8,,,2014,8,6,2014-08-06,10:00:00,15.59
Minilog-II-T,350546,"Nine Mile Creek,PEI",8,B,8,,,2014,8,6,2014-08-06,12:00:00,15.04
Minilog-II-T,350546,"Nine Mile Creek,PEI",8,B,8,,,2014,8,6,2014-08-06,14:00:00,14.97
Minilog-II-T,350546,"Nine Mile Creek,PEI",8,B,8,,,2014,8,6,2014-08-06,16:00:00,15.13
Minilog-II-T,350546,"Nine Mile Creek,PEI",8,B,8,,,2014,8,6,2014-08-06,18:00:00,15.19
Minilog-II-T,350546,"Nine Mile Creek,PEI",8,B,8,,,2014,8,6,2014-08-06,20:00:00,15.3
Minilog-II-T,350546,"Nine Mile Creek,PEI",8,B,8,,,2014,8,6,2014-08-06,22:00:00,15.54
Minilog-II-T,350546,"Nine Mile Creek,PEI",8,B,8,,,2014,8,7,2014-08-07,0:00:00,15.31
Minilog-II-T,350546,"Nine Mile Creek,PEI",8,B,8,,,2014,8,7,2014-08-07,2:00:00,15.59
Minilog-II-T,350546,"Nine Mile Creek,PEI",8,B,8,,,2014,8,7,2014-08-07,4:00:00,15.81
Minilog-II-T,350546,"Nine Mile Creek,PEI",8,B,8,,,2014,8,7,2014-08-07,6:00:00,16.51
Minilog-II-T,350546,"Nine Mile Creek,PEI",8,B,8,,,2014,8,7,2014-08-07,8:00:00,16.57
Minilog-II-T,350546,"Nine Mile Creek,PEI",8,B,8,,,2014,8,7,2014-08-07,10:00:00,15.89
Minilog-II-T,350546,"Nine Mile Creek,PEI",8,B,8,,,2014,8,7,2014-08-07,12:00:00,15.73
Minilog-II-T,350546,"Nine Mile Creek,PEI",8,B,8,,,2014,8,7,2014-08-07,14:00:00,15.91
Minilog-II-T,350546,"Nine Mile Creek,PEI",8,B,8,,,2014,8,7,2014-08-07,16:00:00,16.04
Minilog-II-T,350546,"Nine Mile Creek,PEI",8,B,8,,,2014,8,7,2014-08-07,18:00:00,15.21
Minilog-II-T,350546,"Nine Mile Creek,PEI",8,B,8,,,2014,8,7,2014-08-07,20:00:00,15.3
Minilog-II-T,350546,"Nine Mile Creek,PEI",8,B,8,,,2014,8,7,2014-08-07,22:00:00,15.17
Minilog-II-T,350546,"Nine Mile Creek,PEI",8,B,8,,,2014,8,8,2014-08-08,0:00:00,15.11
Minilog-II-T,350546,"Nine Mile Creek,PEI",8,B,8,,,2014,8,8,2014-08-08,2:00:00,15.05
Minilog-II-T,350546,"Nine Mile Creek,PEI",8,B,8,,,2014,8,8,2014-08-08,4:00:00,14.71
Minilog-II-T,350546,"Nine Mile Creek,PEI",8,B,8,,,2014,8,8,2014-08-08,6:00:00,14.68
Minilog-II-T,350546,"Nine Mile Creek,PEI",8,B,8,,,2014,8,8,2014-08-08,8:00:00,13.75
Minilog-II-T,350546,"Nine Mile Creek,PEI",8,B,8,,,2014,8,8,2014-08-08,10:00:00,13.71
Minilog-II-T,350546,"Nine Mile Creek,PEI",8,B,8,,,2014,8,8,2014-08-08,12:00:00,13.74
Minilog-II-T,350546,"Nine Mile Creek,PEI",8,B,8,,,2014,8,8,2014-08-08,14:00:00,13.42
Minilog-II-T,350546,"Nine Mile Creek,PEI",8,B,8,,,2014,8,8,2014-08-08,16:00:00,13.61
Minilog-II-T,350546,"Nine Mile Creek,PEI",8,B,8,,,2014,8,8,2014-08-08,18:00:00,13.84
Minilog-II-T,350546,"Nine Mile Creek,PEI",8,B,8,,,2014,8,8,2014-08-08,20:00:00,13.95
Minilog-II-T,350546,"Nine Mile Creek,PEI",8,B,8,,,2014,8,8,2014-08-08,22:00:00,14.09
Minilog-II-T,350546,"Nine Mile Creek,PEI",8,B,8,,,2014,8,9,2014-08-09,0:00:00,14.71
Minilog-II-T,350546,"Nine Mile Creek,PEI",8,B,8,,,2014,8,9,2014-08-09,2:00:00,13.92
Minilog-II-T,350546,"Nine Mile Creek,PEI",8,B,8,,,2014,8,9,2014-08-09,4:00:00,13.58
Minilog-II-T,350546,"Nine Mile Creek,PEI",8,B,8,,,2014,8,9,2014-08-09,6:00:00,13.63
Minilog-II-T,350546,"Nine Mile Creek,PEI",8,B,8,,,2014,8,9,2014-08-09,8:00:00,13.79
Minilog-II-T,350546,"Nine Mile Creek,PEI",8,B,8,,,2014,8,9,2014-08-09,10:00:00,13.79
Minilog-II-T,350546,"Nine Mile Creek,PEI",8,B,8,,,2014,8,9,2014-08-09,12:00:00,13.86
Minilog-II-T,350546,"Nine Mile Creek,PEI",8,B,8,,,2014,8,9,2014-08-09,14:00:00,13.94
Minilog-II-T,350546,"Nine Mile Creek,PEI",8,B,8,,,2014,8,9,2014-08-09,16:00:00,13.83
Minilog-II-T,350546,"Nine Mile Creek,PEI",8,B,8,,,2014,8,9,2014-08-09,18:00:00,14.14
Minilog-II-T,350546,"Nine Mile Creek,PEI",8,B,8,,,2014,8,9,2014-08-09,20:00:00,13.84
Minilog-II-T,350546,"Nine Mile Creek,PEI",8,B,8,,,2014,8,9,2014-08-09,22:00:00,15.44
Minilog-II-T,350546,"Nine Mile Creek,PEI",8,B,8,,,2014,8,10,2014-08-10,0:00:00,16.25
Minilog-II-T,350546,"Nine Mile Creek,PEI",8,B,8,,,2014,8,10,2014-08-10,2:00:00,15.89
Minilog-II-T,350546,"Nine Mile Creek,PEI",8,B,8,,,2014,8,10,2014-08-10,4:00:00,15.21
Minilog-II-T,350546,"Nine Mile Creek,PEI",8,B,8,,,2014,8,10,2014-08-10,6:00:00,15.31
Minilog-II-T,350546,"Nine Mile Creek,PEI",8,B,8,,,2014,8,10,2014-08-10,8:00:00,15.74
Minilog-II-T,350546,"Nine Mile Creek,PEI",8,B,8,,,2014,8,10,2014-08-10,10:00:00,13.39
Minilog-II-T,350546,"Nine Mile Creek,PEI",8,B,8,,,2014,8,10,2014-08-10,12:00:00,13.23
Minilog-II-T,350546,"Nine Mile Creek,PEI",8,B,8,,,2014,8,10,2014-08-10,14:00:00,13.24
Minilog-II-T,350546,"Nine Mile Creek,PEI",8,B,8,,,2014,8,10,2014-08-10,16:00:00,13.39
Minilog-II-T,350546,"Nine Mile Creek,PEI",8,B,8,,,2014,8,10,2014-08-10,18:00:00,13.21
Minilog-II-T,350546,"Nine Mile Creek,PEI",8,B,8,,,2014,8,10,2014-08-10,20:00:00,13.2
Minilog-II-T,350546,"Nine Mile Creek,PEI",8,B,8,,,2014,8,10,2014-08-10,22:00:00,15.14
Minilog-II-T,350546,"Nine Mile Creek,PEI",8,B,8,,,2014,8,11,2014-08-11,0:00:00,16.77
Minilog-II-T,350546,"Nine Mile Creek,PEI",8,B,8,,,2014,8,11,2014-08-11,2:00:00,16.71
Minilog-II-T,350546,"Nine Mile Creek,PEI",8,B,8,,,2014,8,11,2014-08-11,4:00:00,16.27
Minilog-II-T,350546,"Nine Mile Creek,PEI",8,B,8,,,2014,8,11,2014-08-11,6:00:00,15.28
Minilog-II-T,350546,"Nine Mile Creek,PEI",8,B,8,,,2014,8,11,2014-08-11,8:00:00,15.43
Minilog-II-T,350546,"Nine Mile Creek,PEI",8,B,8,,,2014,8,11,2014-08-11,10:00:00,15.42
Minilog-II-T,350546,"Nine Mile Creek,PEI",8,B,8,,,2014,8,11,2014-08-11,12:00:00,14.07
Minilog-II-T,350546,"Nine Mile Creek,PEI",8,B,8,,,2014,8,11,2014-08-11,14:00:00,13.8
Minilog-II-T,350546,"Nine Mile Creek,PEI",8,B,8,,,2014,8,11,2014-08-11,16:00:00,14.43
Minilog-II-T,350546,"Nine Mile Creek,PEI",8,B,8,,,2014,8,11,2014-08-11,18:00:00,14.97
Minilog-II-T,350546,"Nine Mile Creek,PEI",8,B,8,,,2014,8,11,2014-08-11,20:00:00,15.09
Minilog-II-T,350546,"Nine Mile Creek,PEI",8,B,8,,,2014,8,11,2014-08-11,22:00:00,15.56
Minilog-II-T,350546,"Nine Mile Creek,PEI",8,B,8,,,2014,8,12,2014-08-12,0:00:00,16.93
Minilog-II-T,350546,"Nine Mile Creek,PEI",8,B,8,,,2014,8,12,2014-08-12,2:00:00,16.79
Minilog-II-T,350546,"Nine Mile Creek,PEI",8,B,8,,,2014,8,12,2014-08-12,4:00:00,16.82
Minilog-II-T,350546,"Nine Mile Creek,PEI",8,B,8,,,2014,8,12,2014-08-12,6:00:00,16.39
Minilog-II-T,350546,"Nine Mile Creek,PEI",8,B,8,,,2014,8,12,2014-08-12,8:00:00,16.58
Minilog-II-T,350546,"Nine Mile Creek,PEI",8,B,8,,,2014,8,12,2014-08-12,10:00:00,16.65
Minilog-II-T,350546,"Nine Mile Creek,PEI",8,B,8,,,2014,8,12,2014-08-12,12:00:00,15.89
Minilog-II-T,350546,"Nine Mile Creek,PEI",8,B,8,,,2014,8,12,2014-08-12,14:00:00,15.55
Minilog-II-T,350546,"Nine Mile Creek,PEI",8,B,8,,,2014,8,12,2014-08-12,16:00:00,15.9
Minilog-II-T,350546,"Nine Mile Creek,PEI",8,B,8,,,2014,8,12,2014-08-12,18:00:00,16.67
Minilog-II-T,350546,"Nine Mile Creek,PEI",8,B,8,,,2014,8,12,2014-08-12,20:00:00,16.47
Minilog-II-T,350546,"Nine Mile Creek,PEI",8,B,8,,,2014,8,12,2014-08-12,22:00:00,15.82
Minilog-II-T,350546,"Nine Mile Creek,PEI",8,B,8,,,2014,8,13,2014-08-13,0:00:00,15.66
Minilog-II-T,350546,"Nine Mile Creek,PEI",8,B,8,,,2014,8,13,2014-08-13,2:00:00,16.95
Minilog-II-T,350546,"Nine Mile Creek,PEI",8,B,8,,,2014,8,13,2014-08-13,4:00:00,17.12
Minilog-II-T,350546,"Nine Mile Creek,PEI",8,B,8,,,2014,8,13,2014-08-13,6:00:00,16.72
Minilog-II-T,350546,"Nine Mile Creek,PEI",8,B,8,,,2014,8,13,2014-08-13,8:00:00,17
Minilog-II-T,350546,"Nine Mile Creek,PEI",8,B,8,,,2014,8,13,2014-08-13,10:00:00,17.52
Minilog-II-T,350546,"Nine Mile Creek,PEI",8,B,8,,,2014,8,13,2014-08-13,12:00:00,17.55
Minilog-II-T,350546,"Nine Mile Creek,PEI",8,B,8,,,2014,8,13,2014-08-13,14:00:00,16.86
Minilog-II-T,350546,"Nine Mile Creek,PEI",8,B,8,,,2014,8,13,2014-08-13,16:00:00,16.74
Minilog-II-T,350546,"Nine Mile Creek,PEI",8,B,8,,,2014,8,13,2014-08-13,18:00:00,17.77
Minilog-II-T,350546,"Nine Mile Creek,PEI",8,B,8,,,2014,8,13,2014-08-13,20:00:00,18.17
Minilog-II-T,350546,"Nine Mile Creek,PEI",8,B,8,,,2014,8,13,2014-08-13,22:00:00,18.36
Minilog-II-T,350546,"Nine Mile Creek,PEI",8,B,8,,,2014,8,14,2014-08-14,0:00:00,19.03
Minilog-II-T,350546,"Nine Mile Creek,PEI",8,B,8,,,2014,8,14,2014-08-14,2:00:00,18.04
Minilog-II-T,350546,"Nine Mile Creek,PEI",8,B,8,,,2014,8,14,2014-08-14,4:00:00,18.57
Minilog-II-T,350546,"Nine Mile Creek,PEI",8,B,8,,,2014,8,14,2014-08-14,6:00:00,18.61
Minilog-II-T,350546,"Nine Mile Creek,PEI",8,B,8,,,2014,8,14,2014-08-14,8:00:00,18.5
Minilog-II-T,350546,"Nine Mile Creek,PEI",8,B,8,,,2014,8,14,2014-08-14,10:00:00,18.52
Minilog-II-T,350546,"Nine Mile Creek,PEI",8,B,8,,,2014,8,14,2014-08-14,12:00:00,18.64
Minilog-II-T,350546,"Nine Mile Creek,PEI",8,B,8,,,2014,8,14,2014-08-14,14:00:00,18.8
Minilog-II-T,350546,"Nine Mile Creek,PEI",8,B,8,,,2014,8,14,2014-08-14,16:00:00,19.14
Minilog-II-T,350546,"Nine Mile Creek,PEI",8,B,8,,,2014,8,14,2014-08-14,18:00:00,19.19
Minilog-II-T,350546,"Nine Mile Creek,PEI",8,B,8,,,2014,8,14,2014-08-14,20:00:00,19.1
Minilog-II-T,350546,"Nine Mile Creek,PEI",8,B,8,,,2014,8,14,2014-08-14,22:00:00,19.1
Minilog-II-T,350546,"Nine Mile Creek,PEI",8,B,8,,,2014,8,15,2014-08-15,0:00:00,19.71
Minilog-II-T,350546,"Nine Mile Creek,PEI",8,B,8,,,2014,8,15,2014-08-15,2:00:00,19.75
Minilog-II-T,350546,"Nine Mile Creek,PEI",8,B,8,,,2014,8,15,2014-08-15,4:00:00,19.67
Minilog-II-T,350546,"Nine Mile Creek,PEI",8,B,8,,,2014,8,15,2014-08-15,6:00:00,19.62
Minilog-II-T,350546,"Nine Mile Creek,PEI",8,B,8,,,2014,8,15,2014-08-15,8:00:00,19.6
Minilog-II-T,350546,"Nine Mile Creek,PEI",8,B,8,,,2014,8,15,2014-08-15,10:00:00,19.54
Minilog-II-T,350546,"Nine Mile Creek,PEI",8,B,8,,,2014,8,15,2014-08-15,12:00:00,19.51
Minilog-II-T,350546,"Nine Mile Creek,PEI",8,B,8,,,2014,8,15,2014-08-15,14:00:00,19.47
Minilog-II-T,350546,"Nine Mile Creek,PEI",8,B,8,,,2014,8,15,2014-08-15,16:00:00,19.36
Minilog-II-T,350546,"Nine Mile Creek,PEI",8,B,8,,,2014,8,15,2014-08-15,18:00:00,19.37
Minilog-II-T,350546,"Nine Mile Creek,PEI",8,B,8,,,2014,8,15,2014-08-15,20:00:00,19.51
Minilog-II-T,350546,"Nine Mile Creek,PEI",8,B,8,,,2014,8,15,2014-08-15,22:00:00,19.41
Minilog-II-T,350546,"Nine Mile Creek,PEI",8,B,8,,,2014,8,16,2014-08-16,0:00:00,19.45
Minilog-II-T,350546,"Nine Mile Creek,PEI",8,B,8,,,2014,8,16,2014-08-16,2:00:00,19.27
Minilog-II-T,350546,"Nine Mile Creek,PEI",8,B,8,,,2014,8,16,2014-08-16,4:00:00,19.21
Minilog-II-T,350546,"Nine Mile Creek,PEI",8,B,8,,,2014,8,16,2014-08-16,6:00:00,19.18
Minilog-II-T,350546,"Nine Mile Creek,PEI",8,B,8,,,2014,8,16,2014-08-16,8:00:00,19.2
Minilog-II-T,350546,"Nine Mile Creek,PEI",8,B,8,,,2014,8,16,2014-08-16,10:00:00,19.32
Minilog-II-T,350546,"Nine Mile Creek,PEI",8,B,8,,,2014,8,16,2014-08-16,12:00:00,19.35
Minilog-II-T,350546,"Nine Mile Creek,PEI",8,B,8,,,2014,8,16,2014-08-16,14:00:00,19.38
Minilog-II-T,350546,"Nine Mile Creek,PEI",8,B,8,,,2014,8,16,2014-08-16,16:00:00,19.28
Minilog-II-T,350546,"Nine Mile Creek,PEI",8,B,8,,,2014,8,16,2014-08-16,18:00:00,19.28
Minilog-II-T,350546,"Nine Mile Creek,PEI",8,B,8,,,2014,8,16,2014-08-16,20:00:00,19.43
Minilog-II-T,350546,"Nine Mile Creek,PEI",8,B,8,,,2014,8,16,2014-08-16,22:00:00,19.53
Minilog-II-T,350546,"Nine Mile Creek,PEI",8,B,8,,,2014,8,17,2014-08-17,0:00:00,19.46
Minilog-II-T,350546,"Nine Mile Creek,PEI",8,B,8,,,2014,8,17,2014-08-17,2:00:00,19.41
Minilog-II-T,350546,"Nine Mile Creek,PEI",8,B,8,,,2014,8,17,2014-08-17,4:00:00,19.42
Minilog-II-T,350546,"Nine Mile Creek,PEI",8,B,8,,,2014,8,17,2014-08-17,6:00:00,19.39
Minilog-II-T,350546,"Nine Mile Creek,PEI",8,B,8,,,2014,8,17,2014-08-17,8:00:00,19.25
Minilog-II-T,350546,"Nine Mile Creek,PEI",8,B,8,,,2014,8,17,2014-08-17,10:00:00,19.37
Minilog-II-T,350546,"Nine Mile Creek,PEI",8,B,8,,,2014,8,17,2014-08-17,12:00:00,19.43
Minilog-II-T,350546,"Nine Mile Creek,PEI",8,B,8,,,2014,8,17,2014-08-17,14:00:00,19.43
Minilog-II-T,350546,"Nine Mile Creek,PEI",8,B,8,,,2014,8,17,2014-08-17,16:00:00,19.47
Minilog-II-T,350546,"Nine Mile Creek,PEI",8,B,8,,,2014,8,17,2014-08-17,18:00:00,19.5
Minilog-II-T,350546,"Nine Mile Creek,PEI",8,B,8,,,2014,8,17,2014-08-17,20:00:00,19.51
Minilog-II-T,350546,"Nine Mile Creek,PEI",8,B,8,,,2014,8,17,2014-08-17,22:00:00,19.49
Minilog-II-T,350546,"Nine Mile Creek,PEI",8,B,8,,,2014,8,18,2014-08-18,0:00:00,19.49
Minilog-II-T,350546,"Nine Mile Creek,PEI",8,B,8,,,2014,8,18,2014-08-18,2:00:00,19.47
Minilog-II-T,350546,"Nine Mile Creek,PEI",8,B,8,,,2014,8,18,2014-08-18,4:00:00,19.43
Minilog-II-T,350546,"Nine Mile Creek,PEI",8,B,8,,,2014,8,18,2014-08-18,6:00:00,19.4
Minilog-II-T,350546,"Nine Mile Creek,PEI",8,B,8,,,2014,8,18,2014-08-18,8:00:00,19.38
Minilog-II-T,350546,"Nine Mile Creek,PEI",8,B,8,,,2014,8,18,2014-08-18,10:00:00,19.42
Minilog-II-T,350546,"Nine Mile Creek,PEI",8,B,8,,,2014,8,18,2014-08-18,12:00:00,19.42
Minilog-II-T,350546,"Nine Mile Creek,PEI",8,B,8,,,2014,8,18,2014-08-18,14:00:00,19.42
Minilog-II-T,350546,"Nine Mile Creek,PEI",8,B,8,,,2014,8,18,2014-08-18,16:00:00,19.42
Minilog-II-T,350546,"Nine Mile Creek,PEI",8,B,8,,,2014,8,18,2014-08-18,18:00:00,19.41
Minilog-II-T,350546,"Nine Mile Creek,PEI",8,B,8,,,2014,8,18,2014-08-18,20:00:00,19.39
Minilog-II-T,350546,"Nine Mile Creek,PEI",8,B,8,,,2014,8,18,2014-08-18,22:00:00,19.38
Minilog-II-T,350546,"Nine Mile Creek,PEI",8,B,8,,,2014,8,19,2014-08-19,0:00:00,19.24
Minilog-II-T,350546,"Nine Mile Creek,PEI",8,B,8,,,2014,8,19,2014-08-19,2:00:00,19.16
Minilog-II-T,350546,"Nine Mile Creek,PEI",8,B,8,,,2014,8,19,2014-08-19,4:00:00,19.14
Minilog-II-T,350546,"Nine Mile Creek,PEI",8,B,8,,,2014,8,19,2014-08-19,6:00:00,19.13
Minilog-II-T,350546,"Nine Mile Creek,PEI",8,B,8,,,2014,8,19,2014-08-19,8:00:00,19.08
Minilog-II-T,350546,"Nine Mile Creek,PEI",8,B,8,,,2014,8,19,2014-08-19,10:00:00,19.05
Minilog-II-T,350546,"Nine Mile Creek,PEI",8,B,8,,,2014,8,19,2014-08-19,12:00:00,19.1
Minilog-II-T,350546,"Nine Mile Creek,PEI",8,B,8,,,2014,8,19,2014-08-19,14:00:00,19.14
Minilog-II-T,350546,"Nine Mile Creek,PEI",8,B,8,,,2014,8,19,2014-08-19,16:00:00,19.11
Minilog-II-T,350546,"Nine Mile Creek,PEI",8,B,8,,,2014,8,19,2014-08-19,18:00:00,19.07
Minilog-II-T,350546,"Nine Mile Creek,PEI",8,B,8,,,2014,8,19,2014-08-19,20:00:00,18.95
Minilog-II-T,350546,"Nine Mile Creek,PEI",8,B,8,,,2014,8,19,2014-08-19,22:00:00,18.67
Minilog-II-T,350546,"Nine Mile Creek,PEI",8,B,8,,,2014,8,20,2014-08-20,0:00:00,18.09
Minilog-II-T,350546,"Nine Mile Creek,PEI",8,B,8,,,2014,8,20,2014-08-20,2:00:00,17.65
Minilog-II-T,350546,"Nine Mile Creek,PEI",8,B,8,,,2014,8,20,2014-08-20,4:00:00,17.7
Minilog-II-T,350546,"Nine Mile Creek,PEI",8,B,8,,,2014,8,20,2014-08-20,6:00:00,17.66
Minilog-II-T,350546,"Nine Mile Creek,PEI",8,B,8,,,2014,8,20,2014-08-20,8:00:00,17.68
Minilog-II-T,350546,"Nine Mile Creek,PEI",8,B,8,,,2014,8,20,2014-08-20,10:00:00,17.57
Minilog-II-T,350546,"Nine Mile Creek,PEI",8,B,8,,,2014,8,20,2014-08-20,12:00:00,17.29
Minilog-II-T,350546,"Nine Mile Creek,PEI",8,B,8,,,2014,8,20,2014-08-20,14:00:00,16.99
Minilog-II-T,350546,"Nine Mile Creek,PEI",8,B,8,,,2014,8,20,2014-08-20,16:00:00,17.2
Minilog-II-T,350546,"Nine Mile Creek,PEI",8,B,8,,,2014,8,20,2014-08-20,18:00:00,17.42
Minilog-II-T,350546,"Nine Mile Creek,PEI",8,B,8,,,2014,8,20,2014-08-20,20:00:00,17.44
Minilog-II-T,350546,"Nine Mile Creek,PEI",8,B,8,,,2014,8,20,2014-08-20,22:00:00,17.52
Minilog-II-T,350546,"Nine Mile Creek,PEI",8,B,8,,,2014,8,21,2014-08-21,0:00:00,17.02
Minilog-II-T,350546,"Nine Mile Creek,PEI",8,B,8,,,2014,8,21,2014-08-21,2:00:00,16.78
Minilog-II-T,350546,"Nine Mile Creek,PEI",8,B,8,,,2014,8,21,2014-08-21,4:00:00,16.85
Minilog-II-T,350546,"Nine Mile Creek,PEI",8,B,8,,,2014,8,21,2014-08-21,6:00:00,16.81
Minilog-II-T,350546,"Nine Mile Creek,PEI",8,B,8,,,2014,8,21,2014-08-21,8:00:00,16.83
Minilog-II-T,350546,"Nine Mile Creek,PEI",8,B,8,,,2014,8,21,2014-08-21,10:00:00,16.72
Minilog-II-T,350546,"Nine Mile Creek,PEI",8,B,8,,,2014,8,21,2014-08-21,12:00:00,16.29
Minilog-II-T,350546,"Nine Mile Creek,PEI",8,B,8,,,2014,8,21,2014-08-21,14:00:00,16.29
Minilog-II-T,350546,"Nine Mile Creek,PEI",8,B,8,,,2014,8,21,2014-08-21,16:00:00,16.42
Minilog-II-T,350546,"Nine Mile Creek,PEI",8,B,8,,,2014,8,21,2014-08-21,18:00:00,16.62
Minilog-II-T,350546,"Nine Mile Creek,PEI",8,B,8,,,2014,8,21,2014-08-21,20:00:00,16.65
Minilog-II-T,350546,"Nine Mile Creek,PEI",8,B,8,,,2014,8,21,2014-08-21,22:00:00,16.69
Minilog-II-T,350546,"Nine Mile Creek,PEI",8,B,8,,,2014,8,22,2014-08-22,0:00:00,16.81
Minilog-II-T,350546,"Nine Mile Creek,PEI",8,B,8,,,2014,8,22,2014-08-22,2:00:00,16.42
Minilog-II-T,350546,"Nine Mile Creek,PEI",8,B,8,,,2014,8,22,2014-08-22,4:00:00,16.16
Minilog-II-T,350546,"Nine Mile Creek,PEI",8,B,8,,,2014,8,22,2014-08-22,6:00:00,16.3
Minilog-II-T,350546,"Nine Mile Creek,PEI",8,B,8,,,2014,8,22,2014-08-22,8:00:00,16.41
Minilog-II-T,350546,"Nine Mile Creek,PEI",8,B,8,,,2014,8,22,2014-08-22,10:00:00,16.5
Minilog-II-T,350546,"Nine Mile Creek,PEI",8,B,8,,,2014,8,22,2014-08-22,12:00:00,16.42
Minilog-II-T,350546,"Nine Mile Creek,PEI",8,B,8,,,2014,8,22,2014-08-22,14:00:00,16.17
Minilog-II-T,350546,"Nine Mile Creek,PEI",8,B,8,,,2014,8,22,2014-08-22,16:00:00,16.11
Minilog-II-T,350546,"Nine Mile Creek,PEI",8,B,8,,,2014,8,22,2014-08-22,18:00:00,16.32
Minilog-II-T,350546,"Nine Mile Creek,PEI",8,B,8,,,2014,8,22,2014-08-22,20:00:00,16.34
Minilog-II-T,350546,"Nine Mile Creek,PEI",8,B,8,,,2014,8,22,2014-08-22,22:00:00,16.38
Minilog-II-T,350546,"Nine Mile Creek,PEI",8,B,8,,,2014,8,23,2014-08-23,0:00:00,16.57
Minilog-II-T,350546,"Nine Mile Creek,PEI",8,B,8,,,2014,8,23,2014-08-23,2:00:00,17.36
Minilog-II-T,350546,"Nine Mile Creek,PEI",8,B,8,,,2014,8,23,2014-08-23,4:00:00,17.19
Minilog-II-T,350546,"Nine Mile Creek,PEI",8,B,8,,,2014,8,23,2014-08-23,6:00:00,17.25
Minilog-II-T,350546,"Nine Mile Creek,PEI",8,B,8,,,2014,8,23,2014-08-23,8:00:00,17.16
Minilog-II-T,350546,"Nine Mile Creek,PEI",8,B,8,,,2014,8,23,2014-08-23,10:00:00,17.19
Minilog-II-T,350546,"Nine Mile Creek,PEI",8,B,8,,,2014,8,23,2014-08-23,12:00:00,17.24
Minilog-II-T,350546,"Nine Mile Creek,PEI",8,B,8,,,2014,8,23,2014-08-23,14:00:00,17.03
Minilog-II-T,350546,"Nine Mile Creek,PEI",8,B,8,,,2014,8,23,2014-08-23,16:00:00,17.11
Minilog-II-T,350546,"Nine Mile Creek,PEI",8,B,8,,,2014,8,23,2014-08-23,18:00:00,17.18
Minilog-II-T,350546,"Nine Mile Creek,PEI",8,B,8,,,2014,8,23,2014-08-23,20:00:00,17.3
Minilog-II-T,350546,"Nine Mile Creek,PEI",8,B,8,,,2014,8,23,2014-08-23,22:00:00,18.27
Minilog-II-T,350546,"Nine Mile Creek,PEI",8,B,8,,,2014,8,24,2014-08-24,0:00:00,18.83
Minilog-II-T,350546,"Nine Mile Creek,PEI",8,B,8,,,2014,8,24,2014-08-24,2:00:00,18.81
Minilog-II-T,350546,"Nine Mile Creek,PEI",8,B,8,,,2014,8,24,2014-08-24,4:00:00,18.24
Minilog-II-T,350546,"Nine Mile Creek,PEI",8,B,8,,,2014,8,24,2014-08-24,6:00:00,18.49
Minilog-II-T,350546,"Nine Mile Creek,PEI",8,B,8,,,2014,8,24,2014-08-24,8:00:00,18.36
Minilog-II-T,350546,"Nine Mile Creek,PEI",8,B,8,,,2014,8,24,2014-08-24,10:00:00,17.64
Minilog-II-T,350546,"Nine Mile Creek,PEI",8,B,8,,,2014,8,24,2014-08-24,12:00:00,17.75
Minilog-II-T,350546,"Nine Mile Creek,PEI",8,B,8,,,2014,8,24,2014-08-24,14:00:00,17.89
Minilog-II-T,350546,"Nine Mile Creek,PEI",8,B,8,,,2014,8,24,2014-08-24,16:00:00,17.64
Minilog-II-T,350546,"Nine Mile Creek,PEI",8,B,8,,,2014,8,24,2014-08-24,18:00:00,17.53
Minilog-II-T,350546,"Nine Mile Creek,PEI",8,B,8,,,2014,8,24,2014-08-24,20:00:00,17.52
Minilog-II-T,350546,"Nine Mile Creek,PEI",8,B,8,,,2014,8,24,2014-08-24,22:00:00,16.92
Minilog-II-T,350546,"Nine Mile Creek,PEI",8,B,8,,,2014,8,25,2014-08-25,0:00:00,17.32
Minilog-II-T,350546,"Nine Mile Creek,PEI",8,B,8,,,2014,8,25,2014-08-25,2:00:00,17.56
Minilog-II-T,350546,"Nine Mile Creek,PEI",8,B,8,,,2014,8,25,2014-08-25,4:00:00,18.05
Minilog-II-T,350546,"Nine Mile Creek,PEI",8,B,8,,,2014,8,25,2014-08-25,6:00:00,18.19
Minilog-II-T,350546,"Nine Mile Creek,PEI",8,B,8,,,2014,8,25,2014-08-25,8:00:00,18.23
Minilog-II-T,350546,"Nine Mile Creek,PEI",8,B,8,,,2014,8,25,2014-08-25,10:00:00,16.63
Minilog-II-T,350546,"Nine Mile Creek,PEI",8,B,8,,,2014,8,25,2014-08-25,12:00:00,16.43
Minilog-II-T,350546,"Nine Mile Creek,PEI",8,B,8,,,2014,8,25,2014-08-25,14:00:00,16.55
Minilog-II-T,350546,"Nine Mile Creek,PEI",8,B,8,,,2014,8,25,2014-08-25,16:00:00,16.8
Minilog-II-T,350546,"Nine Mile Creek,PEI",8,B,8,,,2014,8,25,2014-08-25,18:00:00,16.92
Minilog-II-T,350546,"Nine Mile Creek,PEI",8,B,8,,,2014,8,25,2014-08-25,20:00:00,16.89
Minilog-II-T,350546,"Nine Mile Creek,PEI",8,B,8,,,2014,8,25,2014-08-25,22:00:00,17.05
Minilog-II-T,350546,"Nine Mile Creek,PEI",8,B,8,,,2014,8,26,2014-08-26,0:00:00,16.75
Minilog-II-T,350546,"Nine Mile Creek,PEI",8,B,8,,,2014,8,26,2014-08-26,2:00:00,16.86
Minilog-II-T,350546,"Nine Mile Creek,PEI",8,B,8,,,2014,8,26,2014-08-26,4:00:00,17.23
Minilog-II-T,350546,"Nine Mile Creek,PEI",8,B,8,,,2014,8,26,2014-08-26,6:00:00,17.41
Minilog-II-T,350546,"Nine Mile Creek,PEI",8,B,8,,,2014,8,26,2014-08-26,8:00:00,17.61
Minilog-II-T,350546,"Nine Mile Creek,PEI",8,B,8,,,2014,8,26,2014-08-26,10:00:00,18.1
Minilog-II-T,350546,"Nine Mile Creek,PEI",8,B,8,,,2014,8,26,2014-08-26,12:00:00,17.35
Minilog-II-T,350546,"Nine Mile Creek,PEI",8,B,8,,,2014,8,26,2014-08-26,14:00:00,16.39
Minilog-II-T,350546,"Nine Mile Creek,PEI",8,B,8,,,2014,8,26,2014-08-26,16:00:00,16.87
Minilog-II-T,350546,"Nine Mile Creek,PEI",8,B,8,,,2014,8,26,2014-08-26,18:00:00,16.86
Minilog-II-T,350546,"Nine Mile Creek,PEI",8,B,8,,,2014,8,26,2014-08-26,20:00:00,17.03
Minilog-II-T,350546,"Nine Mile Creek,PEI",8,B,8,,,2014,8,26,2014-08-26,22:00:00,17.61
Minilog-II-T,350546,"Nine Mile Creek,PEI",8,B,8,,,2014,8,27,2014-08-27,0:00:00,16.85
Minilog-II-T,350546,"Nine Mile Creek,PEI",8,B,8,,,2014,8,27,2014-08-27,2:00:00,17.24
Minilog-II-T,350546,"Nine Mile Creek,PEI",8,B,8,,,2014,8,27,2014-08-27,4:00:00,18.75
Minilog-II-T,350546,"Nine Mile Creek,PEI",8,B,8,,,2014,8,27,2014-08-27,6:00:00,18.99
Minilog-II-T,350546,"Nine Mile Creek,PEI",8,B,8,,,2014,8,27,2014-08-27,8:00:00,18.84
Minilog-II-T,350546,"Nine Mile Creek,PEI",8,B,8,,,2014,8,27,2014-08-27,10:00:00,18.68
Minilog-II-T,350546,"Nine Mile Creek,PEI",8,B,8,,,2014,8,27,2014-08-27,12:00:00,18.52
Minilog-II-T,350546,"Nine Mile Creek,PEI",8,B,8,,,2014,8,27,2014-08-27,14:00:00,18.52
Minilog-II-T,350546,"Nine Mile Creek,PEI",8,B,8,,,2014,8,27,2014-08-27,16:00:00,18.58
Minilog-II-T,350546,"Nine Mile Creek,PEI",8,B,8,,,2014,8,27,2014-08-27,18:00:00,18.51
Minilog-II-T,350546,"Nine Mile Creek,PEI",8,B,8,,,2014,8,27,2014-08-27,20:00:00,18.38
Minilog-II-T,350546,"Nine Mile Creek,PEI",8,B,8,,,2014,8,27,2014-08-27,22:00:00,18
Minilog-II-T,350546,"Nine Mile Creek,PEI",8,B,8,,,2014,8,28,2014-08-28,0:00:00,18.62
Minilog-II-T,350546,"Nine Mile Creek,PEI",8,B,8,,,2014,8,28,2014-08-28,2:00:00,17.5
Minilog-II-T,350546,"Nine Mile Creek,PEI",8,B,8,,,2014,8,28,2014-08-28,4:00:00,17.54
Minilog-II-T,350546,"Nine Mile Creek,PEI",8,B,8,,,2014,8,28,2014-08-28,6:00:00,18.02
Minilog-II-T,350546,"Nine Mile Creek,PEI",8,B,8,,,2014,8,28,2014-08-28,8:00:00,18.18
Minilog-II-T,350546,"Nine Mile Creek,PEI",8,B,8,,,2014,8,28,2014-08-28,10:00:00,18.24
Minilog-II-T,350546,"Nine Mile Creek,PEI",8,B,8,,,2014,8,28,2014-08-28,12:00:00,18.4
Minilog-II-T,350546,"Nine Mile Creek,PEI",8,B,8,,,2014,8,28,2014-08-28,14:00:00,17.83
Minilog-II-T,350546,"Nine Mile Creek,PEI",8,B,8,,,2014,8,28,2014-08-28,16:00:00,17.83
Minilog-II-T,350546,"Nine Mile Creek,PEI",8,B,8,,,2014,8,28,2014-08-28,18:00:00,17.83
Minilog-II-T,350546,"Nine Mile Creek,PEI",8,B,8,,,2014,8,28,2014-08-28,20:00:00,17.77
Minilog-II-T,350546,"Nine Mile Creek,PEI",8,B,8,,,2014,8,28,2014-08-28,22:00:00,17.79
Minilog-II-T,350546,"Nine Mile Creek,PEI",8,B,8,,,2014,8,29,2014-08-29,0:00:00,18.05
Minilog-II-T,350546,"Nine Mile Creek,PEI",8,B,8,,,2014,8,29,2014-08-29,2:00:00,17.81
Minilog-II-T,350546,"Nine Mile Creek,PEI",8,B,8,,,2014,8,29,2014-08-29,4:00:00,17.88
Minilog-II-T,350546,"Nine Mile Creek,PEI",8,B,8,,,2014,8,29,2014-08-29,6:00:00,17.29
Minilog-II-T,350546,"Nine Mile Creek,PEI",8,B,8,,,2014,8,29,2014-08-29,8:00:00,17.63
Minilog-II-T,350546,"Nine Mile Creek,PEI",8,B,8,,,2014,8,29,2014-08-29,10:00:00,17.35
Minilog-II-T,350546,"Nine Mile Creek,PEI",8,B,8,,,2014,8,29,2014-08-29,12:00:00,17.35
Minilog-II-T,350546,"Nine Mile Creek,PEI",8,B,8,,,2014,8,29,2014-08-29,14:00:00,17.91
Minilog-II-T,350546,"Nine Mile Creek,PEI",8,B,8,,,2014,8,29,2014-08-29,16:00:00,17.66
Minilog-II-T,350546,"Nine Mile Creek,PEI",8,B,8,,,2014,8,29,2014-08-29,18:00:00,17.27
Minilog-II-T,350546,"Nine Mile Creek,PEI",8,B,8,,,2014,8,29,2014-08-29,20:00:00,16.88
Minilog-II-T,350546,"Nine Mile Creek,PEI",8,B,8,,,2014,8,29,2014-08-29,22:00:00,16.89
Minilog-II-T,350546,"Nine Mile Creek,PEI",8,B,8,,,2014,8,30,2014-08-30,0:00:00,16.93
Minilog-II-T,350546,"Nine Mile Creek,PEI",8,B,8,,,2014,8,30,2014-08-30,2:00:00,16.95
Minilog-II-T,350546,"Nine Mile Creek,PEI",8,B,8,,,2014,8,30,2014-08-30,4:00:00,16.98
Minilog-II-T,350546,"Nine Mile Creek,PEI",8,B,8,,,2014,8,30,2014-08-30,6:00:00,17.22
Minilog-II-T,350546,"Nine Mile Creek,PEI",8,B,8,,,2014,8,30,2014-08-30,8:00:00,17.39
Minilog-II-T,350546,"Nine Mile Creek,PEI",8,B,8,,,2014,8,30,2014-08-30,10:00:00,17.67
Minilog-II-T,350546,"Nine Mile Creek,PEI",8,B,8,,,2014,8,30,2014-08-30,12:00:00,17.83
Minilog-II-T,350546,"Nine Mile Creek,PEI",8,B,8,,,2014,8,30,2014-08-30,14:00:00,17.96
Minilog-II-T,350546,"Nine Mile Creek,PEI",8,B,8,,,2014,8,30,2014-08-30,16:00:00,18.17
Minilog-II-T,350546,"Nine Mile Creek,PEI",8,B,8,,,2014,8,30,2014-08-30,18:00:00,18.05
Minilog-II-T,350546,"Nine Mile Creek,PEI",8,B,8,,,2014,8,30,2014-08-30,20:00:00,17.96
Minilog-II-T,350546,"Nine Mile Creek,PEI",8,B,8,,,2014,8,30,2014-08-30,22:00:00,18.01
Minilog-II-T,350546,"Nine Mile Creek,PEI",8,B,8,,,2014,8,31,2014-08-31,0:00:00,17.85
Minilog-II-T,350546,"Nine Mile Creek,PEI",8,B,8,,,2014,8,31,2014-08-31,2:00:00,17.83
Minilog-II-T,350546,"Nine Mile Creek,PEI",8,B,8,,,2014,8,31,2014-08-31,4:00:00,17.73
Minilog-II-T,350546,"Nine Mile Creek,PEI",8,B,8,,,2014,8,31,2014-08-31,6:00:00,17.7
Minilog-II-T,350546,"Nine Mile Creek,PEI",8,B,8,,,2014,8,31,2014-08-31,8:00:00,17.66
Minilog-II-T,350546,"Nine Mile Creek,PEI",8,B,8,,,2014,8,31,2014-08-31,10:00:00,17.64
Minilog-II-T,350546,"Nine Mile Creek,PEI",8,B,8,,,2014,8,31,2014-08-31,12:00:00,17.67
Minilog-II-T,350546,"Nine Mile Creek,PEI",8,B,8,,,2014,8,31,2014-08-31,14:00:00,17.72
Minilog-II-T,350546,"Nine Mile Creek,PEI",8,B,8,,,2014,8,31,2014-08-31,16:00:00,17.75
Minilog-II-T,350546,"Nine Mile Creek,PEI",8,B,8,,,2014,8,31,2014-08-31,18:00:00,17.73
Minilog-II-T,350546,"Nine Mile Creek,PEI",8,B,8,,,2014,8,31,2014-08-31,20:00:00,17.74
Minilog-II-T,350546,"Nine Mile Creek,PEI",8,B,8,,,2014,8,31,2014-08-31,22:00:00,17.79
Minilog-II-T,350546,"Nine Mile Creek,PEI",8,B,8,,,2014,9,1,2014-09-01,0:00:00,17.72
Minilog-II-T,350546,"Nine Mile Creek,PEI",8,B,8,,,2014,9,1,2014-09-01,2:00:00,17.66
Minilog-II-T,350546,"Nine Mile Creek,PEI",8,B,8,,,2014,9,1,2014-09-01,4:00:00,17.62
Minilog-II-T,350546,"Nine Mile Creek,PEI",8,B,8,,,2014,9,1,2014-09-01,6:00:00,17.56
Minilog-II-T,350546,"Nine Mile Creek,PEI",8,B,8,,,2014,9,1,2014-09-01,8:00:00,17.57
Minilog-II-T,350546,"Nine Mile Creek,PEI",8,B,8,,,2014,9,1,2014-09-01,10:00:00,17.7
Minilog-II-T,350546,"Nine Mile Creek,PEI",8,B,8,,,2014,9,1,2014-09-01,12:00:00,17.62
Minilog-II-T,350546,"Nine Mile Creek,PEI",8,B,8,,,2014,9,1,2014-09-01,14:00:00,17.75
Minilog-II-T,350546,"Nine Mile Creek,PEI",8,B,8,,,2014,9,1,2014-09-01,16:00:00,17.82
Minilog-II-T,350546,"Nine Mile Creek,PEI",8,B,8,,,2014,9,1,2014-09-01,18:00:00,17.4
Minilog-II-T,350546,"Nine Mile Creek,PEI",8,B,8,,,2014,9,1,2014-09-01,20:00:00,17.69
Minilog-II-T,350546,"Nine Mile Creek,PEI",8,B,8,,,2014,9,1,2014-09-01,22:00:00,17.68
Minilog-II-T,350546,"Nine Mile Creek,PEI",8,B,8,,,2014,9,2,2014-09-02,0:00:00,17.61
Minilog-II-T,350546,"Nine Mile Creek,PEI",8,B,8,,,2014,9,2,2014-09-02,2:00:00,17.64
Minilog-II-T,350546,"Nine Mile Creek,PEI",8,B,8,,,2014,9,2,2014-09-02,4:00:00,17.7
Minilog-II-T,350546,"Nine Mile Creek,PEI",8,B,8,,,2014,9,2,2014-09-02,6:00:00,17.76
Minilog-II-T,350546,"Nine Mile Creek,PEI",8,B,8,,,2014,9,2,2014-09-02,8:00:00,17.74
Minilog-II-T,350546,"Nine Mile Creek,PEI",8,B,8,,,2014,9,2,2014-09-02,10:00:00,17.73
Minilog-II-T,350546,"Nine Mile Creek,PEI",8,B,8,,,2014,9,2,2014-09-02,12:00:00,17.74
Minilog-II-T,350546,"Nine Mile Creek,PEI",8,B,8,,,2014,9,2,2014-09-02,14:00:00,17.81
Minilog-II-T,350546,"Nine Mile Creek,PEI",8,B,8,,,2014,9,2,2014-09-02,16:00:00,18.02
Minilog-II-T,350546,"Nine Mile Creek,PEI",8,B,8,,,2014,9,2,2014-09-02,18:00:00,18.02
Minilog-II-T,350546,"Nine Mile Creek,PEI",8,B,8,,,2014,9,2,2014-09-02,20:00:00,18.05
Minilog-II-T,350546,"Nine Mile Creek,PEI",8,B,8,,,2014,9,2,2014-09-02,22:00:00,18.02
Minilog-II-T,350546,"Nine Mile Creek,PEI",8,B,8,,,2014,9,3,2014-09-03,0:00:00,18.02
Minilog-II-T,350546,"Nine Mile Creek,PEI",8,B,8,,,2014,9,3,2014-09-03,2:00:00,18.01
Minilog-II-T,350546,"Nine Mile Creek,PEI",8,B,8,,,2014,9,3,2014-09-03,4:00:00,18.05
Minilog-II-T,350546,"Nine Mile Creek,PEI",8,B,8,,,2014,9,3,2014-09-03,6:00:00,18.08
Minilog-II-T,350546,"Nine Mile Creek,PEI",8,B,8,,,2014,9,3,2014-09-03,8:00:00,18.17
Minilog-II-T,350546,"Nine Mile Creek,PEI",8,B,8,,,2014,9,3,2014-09-03,10:00:00,18.38
Minilog-II-T,350546,"Nine Mile Creek,PEI",8,B,8,,,2014,9,3,2014-09-03,12:00:00,18.45
Minilog-II-T,350546,"Nine Mile Creek,PEI",8,B,8,,,2014,9,3,2014-09-03,14:00:00,18.54
Minilog-II-T,350546,"Nine Mile Creek,PEI",8,B,8,,,2014,9,3,2014-09-03,16:00:00,18.52
Minilog-II-T,350546,"Nine Mile Creek,PEI",8,B,8,,,2014,9,3,2014-09-03,18:00:00,18.38
Minilog-II-T,350546,"Nine Mile Creek,PEI",8,B,8,,,2014,9,3,2014-09-03,20:00:00,18.01
Minilog-II-T,350546,"Nine Mile Creek,PEI",8,B,8,,,2014,9,3,2014-09-03,22:00:00,18.05
Minilog-II-T,350546,"Nine Mile Creek,PEI",8,B,8,,,2014,9,4,2014-09-04,0:00:00,17.92
Minilog-II-T,350546,"Nine Mile Creek,PEI",8,B,8,,,2014,9,4,2014-09-04,2:00:00,17.71
Minilog-II-T,350546,"Nine Mile Creek,PEI",8,B,8,,,2014,9,4,2014-09-04,4:00:00,17.4
Minilog-II-T,350546,"Nine Mile Creek,PEI",8,B,8,,,2014,9,4,2014-09-04,6:00:00,17.23
Minilog-II-T,350546,"Nine Mile Creek,PEI",8,B,8,,,2014,9,4,2014-09-04,8:00:00,17.23
Minilog-II-T,350546,"Nine Mile Creek,PEI",8,B,8,,,2014,9,4,2014-09-04,10:00:00,17.23
Minilog-II-T,350546,"Nine Mile Creek,PEI",8,B,8,,,2014,9,4,2014-09-04,12:00:00,17.19
Minilog-II-T,350546,"Nine Mile Creek,PEI",8,B,8,,,2014,9,4,2014-09-04,14:00:00,17.21
Minilog-II-T,350546,"Nine Mile Creek,PEI",8,B,8,,,2014,9,4,2014-09-04,16:00:00,17.37
Minilog-II-T,350546,"Nine Mile Creek,PEI",8,B,8,,,2014,9,4,2014-09-04,18:00:00,17.27
Minilog-II-T,350546,"Nine Mile Creek,PEI",8,B,8,,,2014,9,4,2014-09-04,20:00:00,17.21
Minilog-II-T,350546,"Nine Mile Creek,PEI",8,B,8,,,2014,9,4,2014-09-04,22:00:00,17.37
Minilog-II-T,350546,"Nine Mile Creek,PEI",8,B,8,,,2014,9,5,2014-09-05,0:00:00,18.16
Minilog-II-T,350546,"Nine Mile Creek,PEI",8,B,8,,,2014,9,5,2014-09-05,2:00:00,18.43
Minilog-II-T,350546,"Nine Mile Creek,PEI",8,B,8,,,2014,9,5,2014-09-05,4:00:00,18.09
Minilog-II-T,350546,"Nine Mile Creek,PEI",8,B,8,,,2014,9,5,2014-09-05,6:00:00,17.53
Minilog-II-T,350546,"Nine Mile Creek,PEI",8,B,8,,,2014,9,5,2014-09-05,8:00:00,17.24
Minilog-II-T,350546,"Nine Mile Creek,PEI",8,B,8,,,2014,9,5,2014-09-05,10:00:00,17.05
Minilog-II-T,350546,"Nine Mile Creek,PEI",8,B,8,,,2014,9,5,2014-09-05,12:00:00,16.91
Minilog-II-T,350546,"Nine Mile Creek,PEI",8,B,8,,,2014,9,5,2014-09-05,14:00:00,16.89
Minilog-II-T,350546,"Nine Mile Creek,PEI",8,B,8,,,2014,9,5,2014-09-05,16:00:00,16.93
Minilog-II-T,350546,"Nine Mile Creek,PEI",8,B,8,,,2014,9,5,2014-09-05,18:00:00,17.05
Minilog-II-T,350546,"Nine Mile Creek,PEI",8,B,8,,,2014,9,5,2014-09-05,20:00:00,16.61
Minilog-II-T,350546,"Nine Mile Creek,PEI",8,B,8,,,2014,9,5,2014-09-05,22:00:00,16.84
Minilog-II-T,350546,"Nine Mile Creek,PEI",8,B,8,,,2014,9,6,2014-09-06,0:00:00,17.06
Minilog-II-T,350546,"Nine Mile Creek,PEI",8,B,8,,,2014,9,6,2014-09-06,2:00:00,17.02
Minilog-II-T,350546,"Nine Mile Creek,PEI",8,B,8,,,2014,9,6,2014-09-06,4:00:00,16.96
Minilog-II-T,350546,"Nine Mile Creek,PEI",8,B,8,,,2014,9,6,2014-09-06,6:00:00,17.08
Minilog-II-T,350546,"Nine Mile Creek,PEI",8,B,8,,,2014,9,6,2014-09-06,8:00:00,17.18
Minilog-II-T,350546,"Nine Mile Creek,PEI",8,B,8,,,2014,9,6,2014-09-06,10:00:00,17.42
Minilog-II-T,350546,"Nine Mile Creek,PEI",8,B,8,,,2014,9,6,2014-09-06,12:00:00,18.31
Minilog-II-T,350546,"Nine Mile Creek,PEI",8,B,8,,,2014,9,6,2014-09-06,14:00:00,18.64
Minilog-II-T,350546,"Nine Mile Creek,PEI",8,B,8,,,2014,9,6,2014-09-06,16:00:00,18.69
Minilog-II-T,350546,"Nine Mile Creek,PEI",8,B,8,,,2014,9,6,2014-09-06,18:00:00,18.75
Minilog-II-T,350546,"Nine Mile Creek,PEI",8,B,8,,,2014,9,6,2014-09-06,20:00:00,18.85
Minilog-II-T,350546,"Nine Mile Creek,PEI",8,B,8,,,2014,9,6,2014-09-06,22:00:00,16.84
Minilog-II-T,350546,"Nine Mile Creek,PEI",8,B,8,,,2014,9,7,2014-09-07,0:00:00,16.92
Minilog-II-T,350546,"Nine Mile Creek,PEI",8,B,8,,,2014,9,7,2014-09-07,2:00:00,17.32
Minilog-II-T,350546,"Nine Mile Creek,PEI",8,B,8,,,2014,9,7,2014-09-07,4:00:00,17.17
Minilog-II-T,350546,"Nine Mile Creek,PEI",8,B,8,,,2014,9,7,2014-09-07,6:00:00,17.28
Minilog-II-T,350546,"Nine Mile Creek,PEI",8,B,8,,,2014,9,7,2014-09-07,8:00:00,16.6
Minilog-II-T,350546,"Nine Mile Creek,PEI",8,B,8,,,2014,9,7,2014-09-07,10:00:00,16.57
Minilog-II-T,350546,"Nine Mile Creek,PEI",8,B,8,,,2014,9,7,2014-09-07,12:00:00,16.54
Minilog-II-T,350546,"Nine Mile Creek,PEI",8,B,8,,,2014,9,7,2014-09-07,14:00:00,17.01
Minilog-II-T,350546,"Nine Mile Creek,PEI",8,B,8,,,2014,9,7,2014-09-07,16:00:00,17.33
Minilog-II-T,350546,"Nine Mile Creek,PEI",8,B,8,,,2014,9,7,2014-09-07,18:00:00,17.9
Minilog-II-T,350546,"Nine Mile Creek,PEI",8,B,8,,,2014,9,7,2014-09-07,20:00:00,18.09
Minilog-II-T,350546,"Nine Mile Creek,PEI",8,B,8,,,2014,9,7,2014-09-07,22:00:00,17.16
Minilog-II-T,350546,"Nine Mile Creek,PEI",8,B,8,,,2014,9,8,2014-09-08,0:00:00,16.62
Minilog-II-T,350546,"Nine Mile Creek,PEI",8,B,8,,,2014,9,8,2014-09-08,2:00:00,17.3
Minilog-II-T,350546,"Nine Mile Creek,PEI",8,B,8,,,2014,9,8,2014-09-08,4:00:00,17.8
Minilog-II-T,350546,"Nine Mile Creek,PEI",8,B,8,,,2014,9,8,2014-09-08,6:00:00,17.52
Minilog-II-T,350546,"Nine Mile Creek,PEI",8,B,8,,,2014,9,8,2014-09-08,8:00:00,17.46
Minilog-II-T,350546,"Nine Mile Creek,PEI",8,B,8,,,2014,9,8,2014-09-08,10:00:00,17.49
Minilog-II-T,350546,"Nine Mile Creek,PEI",8,B,8,,,2014,9,8,2014-09-08,12:00:00,17.36
Minilog-II-T,350546,"Nine Mile Creek,PEI",8,B,8,,,2014,9,8,2014-09-08,14:00:00,17.56
Minilog-II-T,350546,"Nine Mile Creek,PEI",8,B,8,,,2014,9,8,2014-09-08,16:00:00,17.47
Minilog-II-T,350546,"Nine Mile Creek,PEI",8,B,8,,,2014,9,8,2014-09-08,18:00:00,17.59
Minilog-II-T,350546,"Nine Mile Creek,PEI",8,B,8,,,2014,9,8,2014-09-08,20:00:00,17.57
Minilog-II-T,350546,"Nine Mile Creek,PEI",8,B,8,,,2014,9,8,2014-09-08,22:00:00,17.62
Minilog-II-T,350546,"Nine Mile Creek,PEI",8,B,8,,,2014,9,9,2014-09-09,0:00:00,16.76
Minilog-II-T,350546,"Nine Mile Creek,PEI",8,B,8,,,2014,9,9,2014-09-09,2:00:00,16.78
Minilog-II-T,350546,"Nine Mile Creek,PEI",8,B,8,,,2014,9,9,2014-09-09,4:00:00,17.19
Minilog-II-T,350546,"Nine Mile Creek,PEI",8,B,8,,,2014,9,9,2014-09-09,6:00:00,17.52
Minilog-II-T,350546,"Nine Mile Creek,PEI",8,B,8,,,2014,9,9,2014-09-09,8:00:00,17.48
Minilog-II-T,350546,"Nine Mile Creek,PEI",8,B,8,,,2014,9,9,2014-09-09,10:00:00,17.66
Minilog-II-T,350546,"Nine Mile Creek,PEI",8,B,8,,,2014,9,9,2014-09-09,12:00:00,17.38
Minilog-II-T,350546,"Nine Mile Creek,PEI",8,B,8,,,2014,9,9,2014-09-09,14:00:00,17.39
Minilog-II-T,350546,"Nine Mile Creek,PEI",8,B,8,,,2014,9,9,2014-09-09,16:00:00,17.51
Minilog-II-T,350546,"Nine Mile Creek,PEI",8,B,8,,,2014,9,9,2014-09-09,18:00:00,17.73
Minilog-II-T,350546,"Nine Mile Creek,PEI",8,B,8,,,2014,9,9,2014-09-09,20:00:00,17.67
Minilog-II-T,350546,"Nine Mile Creek,PEI",8,B,8,,,2014,9,9,2014-09-09,22:00:00,17.87
Minilog-II-T,350546,"Nine Mile Creek,PEI",8,B,8,,,2014,9,10,2014-09-10,0:00:00,17.47
Minilog-II-T,350546,"Nine Mile Creek,PEI",8,B,8,,,2014,9,10,2014-09-10,2:00:00,17.41
Minilog-II-T,350546,"Nine Mile Creek,PEI",8,B,8,,,2014,9,10,2014-09-10,4:00:00,17.44
Minilog-II-T,350546,"Nine Mile Creek,PEI",8,B,8,,,2014,9,10,2014-09-10,6:00:00,17.79
Minilog-II-T,350546,"Nine Mile Creek,PEI",8,B,8,,,2014,9,10,2014-09-10,8:00:00,17.83
Minilog-II-T,350546,"Nine Mile Creek,PEI",8,B,8,,,2014,9,10,2014-09-10,10:00:00,17.79
Minilog-II-T,350546,"Nine Mile Creek,PEI",8,B,8,,,2014,9,10,2014-09-10,12:00:00,17.44
Minilog-II-T,350546,"Nine Mile Creek,PEI",8,B,8,,,2014,9,10,2014-09-10,14:00:00,17.35
Minilog-II-T,350546,"Nine Mile Creek,PEI",8,B,8,,,2014,9,10,2014-09-10,16:00:00,17.75
Minilog-II-T,350546,"Nine Mile Creek,PEI",8,B,8,,,2014,9,10,2014-09-10,18:00:00,17.91
Minilog-II-T,350546,"Nine Mile Creek,PEI",8,B,8,,,2014,9,10,2014-09-10,20:00:00,17.92
Minilog-II-T,350546,"Nine Mile Creek,PEI",8,B,8,,,2014,9,10,2014-09-10,22:00:00,17.97
Minilog-II-T,350546,"Nine Mile Creek,PEI",8,B,8,,,2014,9,11,2014-09-11,0:00:00,17.93
Minilog-II-T,350546,"Nine Mile Creek,PEI",8,B,8,,,2014,9,11,2014-09-11,2:00:00,17.3
Minilog-II-T,350546,"Nine Mile Creek,PEI",8,B,8,,,2014,9,11,2014-09-11,4:00:00,17.75
Minilog-II-T,350546,"Nine Mile Creek,PEI",8,B,8,,,2014,9,11,2014-09-11,6:00:00,17.99
Minilog-II-T,350546,"Nine Mile Creek,PEI",8,B,8,,,2014,9,11,2014-09-11,8:00:00,17.99
Minilog-II-T,350546,"Nine Mile Creek,PEI",8,B,8,,,2014,9,11,2014-09-11,10:00:00,17.96
Minilog-II-T,350546,"Nine Mile Creek,PEI",8,B,8,,,2014,9,11,2014-09-11,12:00:00,17.95
Minilog-II-T,350546,"Nine Mile Creek,PEI",8,B,8,,,2014,9,11,2014-09-11,14:00:00,17.38
Minilog-II-T,350546,"Nine Mile Creek,PEI",8,B,8,,,2014,9,11,2014-09-11,16:00:00,17.79
Minilog-II-T,350546,"Nine Mile Creek,PEI",8,B,8,,,2014,9,11,2014-09-11,18:00:00,18.24
Minilog-II-T,350546,"Nine Mile Creek,PEI",8,B,8,,,2014,9,11,2014-09-11,20:00:00,18.27
Minilog-II-T,350546,"Nine Mile Creek,PEI",8,B,8,,,2014,9,11,2014-09-11,22:00:00,18.32
Minilog-II-T,350546,"Nine Mile Creek,PEI",8,B,8,,,2014,9,12,2014-09-12,0:00:00,18.24
Minilog-II-T,350546,"Nine Mile Creek,PEI",8,B,8,,,2014,9,12,2014-09-12,2:00:00,17.91
Minilog-II-T,350546,"Nine Mile Creek,PEI",8,B,8,,,2014,9,12,2014-09-12,4:00:00,17.98
Minilog-II-T,350546,"Nine Mile Creek,PEI",8,B,8,,,2014,9,12,2014-09-12,6:00:00,18.31
Minilog-II-T,350546,"Nine Mile Creek,PEI",8,B,8,,,2014,9,12,2014-09-12,8:00:00,18.47
Minilog-II-T,350546,"Nine Mile Creek,PEI",8,B,8,,,2014,9,12,2014-09-12,10:00:00,18.43
Minilog-II-T,350546,"Nine Mile Creek,PEI",8,B,8,,,2014,9,12,2014-09-12,12:00:00,18.44
Minilog-II-T,350546,"Nine Mile Creek,PEI",8,B,8,,,2014,9,12,2014-09-12,14:00:00,17.18
Minilog-II-T,350546,"Nine Mile Creek,PEI",8,B,8,,,2014,9,12,2014-09-12,16:00:00,17.17
Minilog-II-T,350546,"Nine Mile Creek,PEI",8,B,8,,,2014,9,12,2014-09-12,18:00:00,18.63
Minilog-II-T,350546,"Nine Mile Creek,PEI",8,B,8,,,2014,9,12,2014-09-12,20:00:00,18.63
Minilog-II-T,350546,"Nine Mile Creek,PEI",8,B,8,,,2014,9,12,2014-09-12,22:00:00,18.1
Minilog-II-T,350546,"Nine Mile Creek,PEI",8,B,8,,,2014,9,13,2014-09-13,0:00:00,18.18
Minilog-II-T,350546,"Nine Mile Creek,PEI",8,B,8,,,2014,9,13,2014-09-13,2:00:00,17.68
Minilog-II-T,350546,"Nine Mile Creek,PEI",8,B,8,,,2014,9,13,2014-09-13,4:00:00,17.02
Minilog-II-T,350546,"Nine Mile Creek,PEI",8,B,8,,,2014,9,13,2014-09-13,6:00:00,17.64
Minilog-II-T,350546,"Nine Mile Creek,PEI",8,B,8,,,2014,9,13,2014-09-13,8:00:00,17.87
Minilog-II-T,350546,"Nine Mile Creek,PEI",8,B,8,,,2014,9,13,2014-09-13,10:00:00,17.8
Minilog-II-T,350546,"Nine Mile Creek,PEI",8,B,8,,,2014,9,13,2014-09-13,12:00:00,17.95
Minilog-II-T,350546,"Nine Mile Creek,PEI",8,B,8,,,2014,9,13,2014-09-13,14:00:00,17.38
Minilog-II-T,350546,"Nine Mile Creek,PEI",8,B,8,,,2014,9,13,2014-09-13,16:00:00,17.16
Minilog-II-T,350546,"Nine Mile Creek,PEI",8,B,8,,,2014,9,13,2014-09-13,18:00:00,17.46
Minilog-II-T,350546,"Nine Mile Creek,PEI",8,B,8,,,2014,9,13,2014-09-13,20:00:00,17.68
Minilog-II-T,350546,"Nine Mile Creek,PEI",8,B,8,,,2014,9,13,2014-09-13,22:00:00,17.8
Minilog-II-T,350546,"Nine Mile Creek,PEI",8,B,8,,,2014,9,14,2014-09-14,0:00:00,17.8
Minilog-II-T,350546,"Nine Mile Creek,PEI",8,B,8,,,2014,9,14,2014-09-14,2:00:00,17.54
Minilog-II-T,350546,"Nine Mile Creek,PEI",8,B,8,,,2014,9,14,2014-09-14,4:00:00,17.49
Minilog-II-T,350546,"Nine Mile Creek,PEI",8,B,8,,,2014,9,14,2014-09-14,6:00:00,17.48
Minilog-II-T,350546,"Nine Mile Creek,PEI",8,B,8,,,2014,9,14,2014-09-14,8:00:00,17.42
Minilog-II-T,350546,"Nine Mile Creek,PEI",8,B,8,,,2014,9,14,2014-09-14,10:00:00,17.39
Minilog-II-T,350546,"Nine Mile Creek,PEI",8,B,8,,,2014,9,14,2014-09-14,12:00:00,17.42
Minilog-II-T,350546,"Nine Mile Creek,PEI",8,B,8,,,2014,9,14,2014-09-14,14:00:00,17.5
Minilog-II-T,350546,"Nine Mile Creek,PEI",8,B,8,,,2014,9,14,2014-09-14,16:00:00,17.52
Minilog-II-T,350546,"Nine Mile Creek,PEI",8,B,8,,,2014,9,14,2014-09-14,18:00:00,17.52
Minilog-II-T,350546,"Nine Mile Creek,PEI",8,B,8,,,2014,9,14,2014-09-14,20:00:00,17.52
Minilog-II-T,350546,"Nine Mile Creek,PEI",8,B,8,,,2014,9,14,2014-09-14,22:00:00,17.45
Minilog-II-T,350546,"Nine Mile Creek,PEI",8,B,8,,,2014,9,15,2014-09-15,0:00:00,17.47
Minilog-II-T,350546,"Nine Mile Creek,PEI",8,B,8,,,2014,9,15,2014-09-15,2:00:00,17.38
Minilog-II-T,350546,"Nine Mile Creek,PEI",8,B,8,,,2014,9,15,2014-09-15,4:00:00,17.33
Minilog-II-T,350546,"Nine Mile Creek,PEI",8,B,8,,,2014,9,15,2014-09-15,6:00:00,17.29
Minilog-II-T,350546,"Nine Mile Creek,PEI",8,B,8,,,2014,9,15,2014-09-15,8:00:00,17.32
Minilog-II-T,350546,"Nine Mile Creek,PEI",8,B,8,,,2014,9,15,2014-09-15,10:00:00,17.39
Minilog-II-T,350546,"Nine Mile Creek,PEI",8,B,8,,,2014,9,15,2014-09-15,12:00:00,17.38
Minilog-II-T,350546,"Nine Mile Creek,PEI",8,B,8,,,2014,9,15,2014-09-15,14:00:00,17.28
Minilog-II-T,350546,"Nine Mile Creek,PEI",8,B,8,,,2014,9,15,2014-09-15,16:00:00,16.9
Minilog-II-T,350546,"Nine Mile Creek,PEI",8,B,8,,,2014,9,15,2014-09-15,18:00:00,16.72
Minilog-II-T,350546,"Nine Mile Creek,PEI",8,B,8,,,2014,9,15,2014-09-15,20:00:00,16.86
Minilog-II-T,350546,"Nine Mile Creek,PEI",8,B,8,,,2014,9,15,2014-09-15,22:00:00,17.01
Minilog-II-T,350546,"Nine Mile Creek,PEI",8,B,8,,,2014,9,16,2014-09-16,0:00:00,16.86
Minilog-II-T,350546,"Nine Mile Creek,PEI",8,B,8,,,2014,9,16,2014-09-16,2:00:00,16.95
Minilog-II-T,350546,"Nine Mile Creek,PEI",8,B,8,,,2014,9,16,2014-09-16,4:00:00,16.93
Minilog-II-T,350546,"Nine Mile Creek,PEI",8,B,8,,,2014,9,16,2014-09-16,6:00:00,16.86
Minilog-II-T,350546,"Nine Mile Creek,PEI",8,B,8,,,2014,9,16,2014-09-16,8:00:00,16.88
Minilog-II-T,350546,"Nine Mile Creek,PEI",8,B,8,,,2014,9,16,2014-09-16,10:00:00,16.74
Minilog-II-T,350546,"Nine Mile Creek,PEI",8,B,8,,,2014,9,16,2014-09-16,12:00:00,16.77
Minilog-II-T,350546,"Nine Mile Creek,PEI",8,B,8,,,2014,9,16,2014-09-16,14:00:00,16.87
Minilog-II-T,350546,"Nine Mile Creek,PEI",8,B,8,,,2014,9,16,2014-09-16,16:00:00,16.99
Minilog-II-T,350546,"Nine Mile Creek,PEI",8,B,8,,,2014,9,16,2014-09-16,18:00:00,16.62
Minilog-II-T,350546,"Nine Mile Creek,PEI",8,B,8,,,2014,9,16,2014-09-16,20:00:00,16.67
Minilog-II-T,350546,"Nine Mile Creek,PEI",8,B,8,,,2014,9,16,2014-09-16,22:00:00,16.8
Minilog-II-T,350546,"Nine Mile Creek,PEI",8,B,8,,,2014,9,17,2014-09-17,0:00:00,16.91
Minilog-II-T,350546,"Nine Mile Creek,PEI",8,B,8,,,2014,9,17,2014-09-17,2:00:00,16.91
Minilog-II-T,350546,"Nine Mile Creek,PEI",8,B,8,,,2014,9,17,2014-09-17,4:00:00,16.93
Minilog-II-T,350546,"Nine Mile Creek,PEI",8,B,8,,,2014,9,17,2014-09-17,6:00:00,16.92
Minilog-II-T,350546,"Nine Mile Creek,PEI",8,B,8,,,2014,9,17,2014-09-17,8:00:00,16.83
Minilog-II-T,350546,"Nine Mile Creek,PEI",8,B,8,,,2014,9,17,2014-09-17,10:00:00,16.87
Minilog-II-T,350546,"Nine Mile Creek,PEI",8,B,8,,,2014,9,17,2014-09-17,12:00:00,16.97
Minilog-II-T,350546,"Nine Mile Creek,PEI",8,B,8,,,2014,9,17,2014-09-17,14:00:00,17.01
Minilog-II-T,350546,"Nine Mile Creek,PEI",8,B,8,,,2014,9,17,2014-09-17,16:00:00,17.05
Minilog-II-T,350546,"Nine Mile Creek,PEI",8,B,8,,,2014,9,17,2014-09-17,18:00:00,17.04
Minilog-II-T,350546,"Nine Mile Creek,PEI",8,B,8,,,2014,9,17,2014-09-17,20:00:00,16.92
Minilog-II-T,350546,"Nine Mile Creek,PEI",8,B,8,,,2014,9,17,2014-09-17,22:00:00,16.97
Minilog-II-T,350546,"Nine Mile Creek,PEI",8,B,8,,,2014,9,18,2014-09-18,0:00:00,16.86
Minilog-II-T,350546,"Nine Mile Creek,PEI",8,B,8,,,2014,9,18,2014-09-18,2:00:00,16.68
Minilog-II-T,350546,"Nine Mile Creek,PEI",8,B,8,,,2014,9,18,2014-09-18,4:00:00,16.67
Minilog-II-T,350546,"Nine Mile Creek,PEI",8,B,8,,,2014,9,18,2014-09-18,6:00:00,16.7
Minilog-II-T,350546,"Nine Mile Creek,PEI",8,B,8,,,2014,9,18,2014-09-18,8:00:00,16.82
Minilog-II-T,350546,"Nine Mile Creek,PEI",8,B,8,,,2014,9,18,2014-09-18,10:00:00,16.75
Minilog-II-T,350546,"Nine Mile Creek,PEI",8,B,8,,,2014,9,18,2014-09-18,12:00:00,16.79
Minilog-II-T,350546,"Nine Mile Creek,PEI",8,B,8,,,2014,9,18,2014-09-18,14:00:00,16.9
Minilog-II-T,350546,"Nine Mile Creek,PEI",8,B,8,,,2014,9,18,2014-09-18,16:00:00,16.95
Minilog-II-T,350546,"Nine Mile Creek,PEI",8,B,8,,,2014,9,18,2014-09-18,18:00:00,16.95
Minilog-II-T,350546,"Nine Mile Creek,PEI",8,B,8,,,2014,9,18,2014-09-18,20:00:00,16.88
Minilog-II-T,350546,"Nine Mile Creek,PEI",8,B,8,,,2014,9,18,2014-09-18,22:00:00,16.85
Minilog-II-T,350546,"Nine Mile Creek,PEI",8,B,8,,,2014,9,19,2014-09-19,0:00:00,16.93
Minilog-II-T,350546,"Nine Mile Creek,PEI",8,B,8,,,2014,9,19,2014-09-19,2:00:00,16.52
Minilog-II-T,350546,"Nine Mile Creek,PEI",8,B,8,,,2014,9,19,2014-09-19,4:00:00,16.5
Minilog-II-T,350546,"Nine Mile Creek,PEI",8,B,8,,,2014,9,19,2014-09-19,6:00:00,16.43
Minilog-II-T,350546,"Nine Mile Creek,PEI",8,B,8,,,2014,9,19,2014-09-19,8:00:00,16.3
Minilog-II-T,350546,"Nine Mile Creek,PEI",8,B,8,,,2014,9,19,2014-09-19,10:00:00,16.23
Minilog-II-T,350546,"Nine Mile Creek,PEI",8,B,8,,,2014,9,19,2014-09-19,12:00:00,16.18
Minilog-II-T,350546,"Nine Mile Creek,PEI",8,B,8,,,2014,9,19,2014-09-19,14:00:00,16.05
Minilog-II-T,350546,"Nine Mile Creek,PEI",8,B,8,,,2014,9,19,2014-09-19,16:00:00,15.96
Minilog-II-T,350546,"Nine Mile Creek,PEI",8,B,8,,,2014,9,19,2014-09-19,18:00:00,15.93
Minilog-II-T,350546,"Nine Mile Creek,PEI",8,B,8,,,2014,9,19,2014-09-19,20:00:00,15.88
Minilog-II-T,350546,"Nine Mile Creek,PEI",8,B,8,,,2014,9,19,2014-09-19,22:00:00,15.84
Minilog-II-T,350546,"Nine Mile Creek,PEI",8,B,8,,,2014,9,20,2014-09-20,0:00:00,15.75
Minilog-II-T,350546,"Nine Mile Creek,PEI",8,B,8,,,2014,9,20,2014-09-20,2:00:00,15.69
Minilog-II-T,350546,"Nine Mile Creek,PEI",8,B,8,,,2014,9,20,2014-09-20,4:00:00,15.53
Minilog-II-T,350546,"Nine Mile Creek,PEI",8,B,8,,,2014,9,20,2014-09-20,6:00:00,15.32
Minilog-II-T,350546,"Nine Mile Creek,PEI",8,B,8,,,2014,9,20,2014-09-20,8:00:00,15.16
Minilog-II-T,350546,"Nine Mile Creek,PEI",8,B,8,,,2014,9,20,2014-09-20,10:00:00,15.18
Minilog-II-T,350546,"Nine Mile Creek,PEI",8,B,8,,,2014,9,20,2014-09-20,12:00:00,15.22
Minilog-II-T,350546,"Nine Mile Creek,PEI",8,B,8,,,2014,9,20,2014-09-20,14:00:00,15.14
Minilog-II-T,350546,"Nine Mile Creek,PEI",8,B,8,,,2014,9,20,2014-09-20,16:00:00,15.29
Minilog-II-T,350546,"Nine Mile Creek,PEI",8,B,8,,,2014,9,20,2014-09-20,18:00:00,15.39
Minilog-II-T,350546,"Nine Mile Creek,PEI",8,B,8,,,2014,9,20,2014-09-20,20:00:00,15.43
Minilog-II-T,350546,"Nine Mile Creek,PEI",8,B,8,,,2014,9,20,2014-09-20,22:00:00,15.49
Minilog-II-T,350546,"Nine Mile Creek,PEI",8,B,8,,,2014,9,21,2014-09-21,0:00:00,15.51
Minilog-II-T,350546,"Nine Mile Creek,PEI",8,B,8,,,2014,9,21,2014-09-21,2:00:00,15.04
Minilog-II-T,350546,"Nine Mile Creek,PEI",8,B,8,,,2014,9,21,2014-09-21,4:00:00,15.14
Minilog-II-T,350546,"Nine Mile Creek,PEI",8,B,8,,,2014,9,21,2014-09-21,6:00:00,15.35
Minilog-II-T,350546,"Nine Mile Creek,PEI",8,B,8,,,2014,9,21,2014-09-21,8:00:00,15.47
Minilog-II-T,350546,"Nine Mile Creek,PEI",8,B,8,,,2014,9,21,2014-09-21,10:00:00,15.58
Minilog-II-T,350546,"Nine Mile Creek,PEI",8,B,8,,,2014,9,21,2014-09-21,12:00:00,15.69
Minilog-II-T,350546,"Nine Mile Creek,PEI",8,B,8,,,2014,9,21,2014-09-21,14:00:00,15.76
Minilog-II-T,350546,"Nine Mile Creek,PEI",8,B,8,,,2014,9,21,2014-09-21,16:00:00,15.74
Minilog-II-T,350546,"Nine Mile Creek,PEI",8,B,8,,,2014,9,21,2014-09-21,18:00:00,15.72
Minilog-II-T,350546,"Nine Mile Creek,PEI",8,B,8,,,2014,9,21,2014-09-21,20:00:00,15.87
Minilog-II-T,350546,"Nine Mile Creek,PEI",8,B,8,,,2014,9,21,2014-09-21,22:00:00,15.88
Minilog-II-T,350546,"Nine Mile Creek,PEI",8,B,8,,,2014,9,22,2014-09-22,0:00:00,15.78
Minilog-II-T,350546,"Nine Mile Creek,PEI",8,B,8,,,2014,9,22,2014-09-22,2:00:00,15.77
Minilog-II-T,350546,"Nine Mile Creek,PEI",8,B,8,,,2014,9,22,2014-09-22,4:00:00,15.74
Minilog-II-T,350546,"Nine Mile Creek,PEI",8,B,8,,,2014,9,22,2014-09-22,6:00:00,15.76
Minilog-II-T,350546,"Nine Mile Creek,PEI",8,B,8,,,2014,9,22,2014-09-22,8:00:00,15.84
Minilog-II-T,350546,"Nine Mile Creek,PEI",8,B,8,,,2014,9,22,2014-09-22,10:00:00,15.91
Minilog-II-T,350546,"Nine Mile Creek,PEI",8,B,8,,,2014,9,22,2014-09-22,12:00:00,15.93
Minilog-II-T,350546,"Nine Mile Creek,PEI",8,B,8,,,2014,9,22,2014-09-22,14:00:00,15.94
Minilog-II-T,350546,"Nine Mile Creek,PEI",8,B,8,,,2014,9,22,2014-09-22,16:00:00,15.92
Minilog-II-T,350546,"Nine Mile Creek,PEI",8,B,8,,,2014,9,22,2014-09-22,18:00:00,15.92
Minilog-II-T,350546,"Nine Mile Creek,PEI",8,B,8,,,2014,9,22,2014-09-22,20:00:00,16.09
Minilog-II-T,350546,"Nine Mile Creek,PEI",8,B,8,,,2014,9,22,2014-09-22,22:00:00,16.63
Minilog-II-T,350546,"Nine Mile Creek,PEI",8,B,8,,,2014,9,23,2014-09-23,0:00:00,16.43
Minilog-II-T,350546,"Nine Mile Creek,PEI",8,B,8,,,2014,9,23,2014-09-23,2:00:00,16.35
Minilog-II-T,350546,"Nine Mile Creek,PEI",8,B,8,,,2014,9,23,2014-09-23,4:00:00,16.23
Minilog-II-T,350546,"Nine Mile Creek,PEI",8,B,8,,,2014,9,23,2014-09-23,6:00:00,15.99
Minilog-II-T,350546,"Nine Mile Creek,PEI",8,B,8,,,2014,9,23,2014-09-23,8:00:00,15.87
Minilog-II-T,350546,"Nine Mile Creek,PEI",8,B,8,,,2014,9,23,2014-09-23,10:00:00,15.81
Minilog-II-T,350546,"Nine Mile Creek,PEI",8,B,8,,,2014,9,23,2014-09-23,12:00:00,15.82
Minilog-II-T,350546,"Nine Mile Creek,PEI",8,B,8,,,2014,9,23,2014-09-23,14:00:00,15.9
Minilog-II-T,350546,"Nine Mile Creek,PEI",8,B,8,,,2014,9,23,2014-09-23,16:00:00,16.05
Minilog-II-T,350546,"Nine Mile Creek,PEI",8,B,8,,,2014,9,23,2014-09-23,18:00:00,16.07
Minilog-II-T,350546,"Nine Mile Creek,PEI",8,B,8,,,2014,9,23,2014-09-23,20:00:00,16.03
Minilog-II-T,350546,"Nine Mile Creek,PEI",8,B,8,,,2014,9,23,2014-09-23,22:00:00,16.02
Minilog-II-T,350546,"Nine Mile Creek,PEI",8,B,8,,,2014,9,24,2014-09-24,0:00:00,16.05
Minilog-II-T,350546,"Nine Mile Creek,PEI",8,B,8,,,2014,9,24,2014-09-24,2:00:00,16.01
Minilog-II-T,350546,"Nine Mile Creek,PEI",8,B,8,,,2014,9,24,2014-09-24,4:00:00,15.86
Minilog-II-T,350546,"Nine Mile Creek,PEI",8,B,8,,,2014,9,24,2014-09-24,6:00:00,15.86
Minilog-II-T,350546,"Nine Mile Creek,PEI",8,B,8,,,2014,9,24,2014-09-24,8:00:00,15.82
Minilog-II-T,350546,"Nine Mile Creek,PEI",8,B,8,,,2014,9,24,2014-09-24,10:00:00,15.79
Minilog-II-T,350546,"Nine Mile Creek,PEI",8,B,8,,,2014,9,24,2014-09-24,12:00:00,15.76
Minilog-II-T,350546,"Nine Mile Creek,PEI",8,B,8,,,2014,9,24,2014-09-24,14:00:00,15.72
Minilog-II-T,350546,"Nine Mile Creek,PEI",8,B,8,,,2014,9,24,2014-09-24,16:00:00,15.74
Minilog-II-T,350546,"Nine Mile Creek,PEI",8,B,8,,,2014,9,24,2014-09-24,18:00:00,15.9
Minilog-II-T,350546,"Nine Mile Creek,PEI",8,B,8,,,2014,9,24,2014-09-24,20:00:00,15.92
Minilog-II-T,350546,"Nine Mile Creek,PEI",8,B,8,,,2014,9,24,2014-09-24,22:00:00,15.84
Minilog-II-T,350546,"Nine Mile Creek,PEI",8,B,8,,,2014,9,25,2014-09-25,0:00:00,15.58
Minilog-II-T,350546,"Nine Mile Creek,PEI",8,B,8,,,2014,9,25,2014-09-25,2:00:00,15.59
Minilog-II-T,350546,"Nine Mile Creek,PEI",8,B,8,,,2014,9,25,2014-09-25,4:00:00,15.7
Minilog-II-T,350546,"Nine Mile Creek,PEI",8,B,8,,,2014,9,25,2014-09-25,6:00:00,15.63
Minilog-II-T,350546,"Nine Mile Creek,PEI",8,B,8,,,2014,9,25,2014-09-25,8:00:00,15.61
Minilog-II-T,350546,"Nine Mile Creek,PEI",8,B,8,,,2014,9,25,2014-09-25,10:00:00,15.63
Minilog-II-T,350546,"Nine Mile Creek,PEI",8,B,8,,,2014,9,25,2014-09-25,12:00:00,15.7
Minilog-II-T,350546,"Nine Mile Creek,PEI",8,B,8,,,2014,9,25,2014-09-25,14:00:00,15.82
Minilog-II-T,350546,"Nine Mile Creek,PEI",8,B,8,,,2014,9,25,2014-09-25,16:00:00,15.92
Minilog-II-T,350546,"Nine Mile Creek,PEI",8,B,8,,,2014,9,25,2014-09-25,18:00:00,15.84
Minilog-II-T,350546,"Nine Mile Creek,PEI",8,B,8,,,2014,9,25,2014-09-25,20:00:00,15.88
Minilog-II-T,350546,"Nine Mile Creek,PEI",8,B,8,,,2014,9,25,2014-09-25,22:00:00,15.77
Minilog-II-T,350546,"Nine Mile Creek,PEI",8,B,8,,,2014,9,26,2014-09-26,0:00:00,15.69
Minilog-II-T,350546,"Nine Mile Creek,PEI",8,B,8,,,2014,9,26,2014-09-26,2:00:00,15.67
Minilog-II-T,350546,"Nine Mile Creek,PEI",8,B,8,,,2014,9,26,2014-09-26,4:00:00,15.73
Minilog-II-T,350546,"Nine Mile Creek,PEI",8,B,8,,,2014,9,26,2014-09-26,6:00:00,15.69
Minilog-II-T,350546,"Nine Mile Creek,PEI",8,B,8,,,2014,9,26,2014-09-26,8:00:00,15.58
Minilog-II-T,350546,"Nine Mile Creek,PEI",8,B,8,,,2014,9,26,2014-09-26,10:00:00,15.59
Minilog-II-T,350546,"Nine Mile Creek,PEI",8,B,8,,,2014,9,26,2014-09-26,12:00:00,15.64
Minilog-II-T,350546,"Nine Mile Creek,PEI",8,B,8,,,2014,9,26,2014-09-26,14:00:00,15.76
Minilog-II-T,350546,"Nine Mile Creek,PEI",8,B,8,,,2014,9,26,2014-09-26,16:00:00,15.73
Minilog-II-T,350546,"Nine Mile Creek,PEI",8,B,8,,,2014,9,26,2014-09-26,18:00:00,15.67
Minilog-II-T,350546,"Nine Mile Creek,PEI",8,B,8,,,2014,9,26,2014-09-26,20:00:00,15.78
Minilog-II-T,350546,"Nine Mile Creek,PEI",8,B,8,,,2014,9,26,2014-09-26,22:00:00,15.78
Minilog-II-T,350546,"Nine Mile Creek,PEI",8,B,8,,,2014,9,27,2014-09-27,0:00:00,15.83
Minilog-II-T,350546,"Nine Mile Creek,PEI",8,B,8,,,2014,9,27,2014-09-27,2:00:00,15.88
Minilog-II-T,350546,"Nine Mile Creek,PEI",8,B,8,,,2014,9,27,2014-09-27,4:00:00,15.88
Minilog-II-T,350546,"Nine Mile Creek,PEI",8,B,8,,,2014,9,27,2014-09-27,6:00:00,15.73
Minilog-II-T,350546,"Nine Mile Creek,PEI",8,B,8,,,2014,9,27,2014-09-27,8:00:00,15.7
Minilog-II-T,350546,"Nine Mile Creek,PEI",8,B,8,,,2014,9,27,2014-09-27,10:00:00,15.72
Minilog-II-T,350546,"Nine Mile Creek,PEI",8,B,8,,,2014,9,27,2014-09-27,12:00:00,15.79
Minilog-II-T,350546,"Nine Mile Creek,PEI",8,B,8,,,2014,9,27,2014-09-27,14:00:00,15.96
Minilog-II-T,350546,"Nine Mile Creek,PEI",8,B,8,,,2014,9,27,2014-09-27,16:00:00,16.03
Minilog-II-T,350546,"Nine Mile Creek,PEI",8,B,8,,,2014,9,27,2014-09-27,18:00:00,15.96
Minilog-II-T,350546,"Nine Mile Creek,PEI",8,B,8,,,2014,9,27,2014-09-27,20:00:00,15.93
Minilog-II-T,350546,"Nine Mile Creek,PEI",8,B,8,,,2014,9,27,2014-09-27,22:00:00,15.88
Minilog-II-T,350546,"Nine Mile Creek,PEI",8,B,8,,,2014,9,28,2014-09-28,0:00:00,15.86
Minilog-II-T,350546,"Nine Mile Creek,PEI",8,B,8,,,2014,9,28,2014-09-28,2:00:00,15.91
Minilog-II-T,350546,"Nine Mile Creek,PEI",8,B,8,,,2014,9,28,2014-09-28,4:00:00,15.91
Minilog-II-T,350546,"Nine Mile Creek,PEI",8,B,8,,,2014,9,28,2014-09-28,6:00:00,15.82
Minilog-II-T,350546,"Nine Mile Creek,PEI",8,B,8,,,2014,9,28,2014-09-28,8:00:00,15.82
Minilog-II-T,350546,"Nine Mile Creek,PEI",8,B,8,,,2014,9,28,2014-09-28,10:00:00,15.74
Minilog-II-T,350546,"Nine Mile Creek,PEI",8,B,8,,,2014,9,28,2014-09-28,12:00:00,15.86
Minilog-II-T,350546,"Nine Mile Creek,PEI",8,B,8,,,2014,9,28,2014-09-28,14:00:00,15.94
Minilog-II-T,350546,"Nine Mile Creek,PEI",8,B,8,,,2014,9,28,2014-09-28,16:00:00,15.98
Minilog-II-T,350546,"Nine Mile Creek,PEI",8,B,8,,,2014,9,28,2014-09-28,18:00:00,16.03
Minilog-II-T,350546,"Nine Mile Creek,PEI",8,B,8,,,2014,9,28,2014-09-28,20:00:00,16.07
Minilog-II-T,350546,"Nine Mile Creek,PEI",8,B,8,,,2014,9,28,2014-09-28,22:00:00,16
Minilog-II-T,350546,"Nine Mile Creek,PEI",8,B,8,,,2014,9,29,2014-09-29,0:00:00,15.99
Minilog-II-T,350546,"Nine Mile Creek,PEI",8,B,8,,,2014,9,29,2014-09-29,2:00:00,16.04
Minilog-II-T,350546,"Nine Mile Creek,PEI",8,B,8,,,2014,9,29,2014-09-29,4:00:00,16.03
Minilog-II-T,350546,"Nine Mile Creek,PEI",8,B,8,,,2014,9,29,2014-09-29,6:00:00,15.96
Minilog-II-T,350546,"Nine Mile Creek,PEI",8,B,8,,,2014,9,29,2014-09-29,8:00:00,15.89
Minilog-II-T,350546,"Nine Mile Creek,PEI",8,B,8,,,2014,9,29,2014-09-29,10:00:00,15.8
Minilog-II-T,350546,"Nine Mile Creek,PEI",8,B,8,,,2014,9,29,2014-09-29,12:00:00,15.85
Minilog-II-T,350546,"Nine Mile Creek,PEI",8,B,8,,,2014,9,29,2014-09-29,14:00:00,15.87
Minilog-II-T,350546,"Nine Mile Creek,PEI",8,B,8,,,2014,9,29,2014-09-29,16:00:00,15.82
Minilog-II-T,350546,"Nine Mile Creek,PEI",8,B,8,,,2014,9,29,2014-09-29,18:00:00,15.86
Minilog-II-T,350546,"Nine Mile Creek,PEI",8,B,8,,,2014,9,29,2014-09-29,20:00:00,15.69
Minilog-II-T,350546,"Nine Mile Creek,PEI",8,B,8,,,2014,9,29,2014-09-29,22:00:00,15.52
Minilog-II-T,350546,"Nine Mile Creek,PEI",8,B,8,,,2014,9,30,2014-09-30,0:00:00,15.26
Minilog-II-T,350546,"Nine Mile Creek,PEI",8,B,8,,,2014,9,30,2014-09-30,2:00:00,15.42
Minilog-II-T,350546,"Nine Mile Creek,PEI",8,B,8,,,2014,9,30,2014-09-30,4:00:00,15.49
Minilog-II-T,350546,"Nine Mile Creek,PEI",8,B,8,,,2014,9,30,2014-09-30,6:00:00,15.25
Minilog-II-T,350546,"Nine Mile Creek,PEI",8,B,8,,,2014,9,30,2014-09-30,8:00:00,15.02
Minilog-II-T,350546,"Nine Mile Creek,PEI",8,B,8,,,2014,9,30,2014-09-30,10:00:00,14.95
Minilog-II-T,350546,"Nine Mile Creek,PEI",8,B,8,,,2014,9,30,2014-09-30,12:00:00,15.04
Minilog-II-T,350546,"Nine Mile Creek,PEI",8,B,8,,,2014,9,30,2014-09-30,14:00:00,15.33
Minilog-II-T,350546,"Nine Mile Creek,PEI",8,B,8,,,2014,9,30,2014-09-30,16:00:00,15.41
Minilog-II-T,350546,"Nine Mile Creek,PEI",8,B,8,,,2014,9,30,2014-09-30,18:00:00,15.43
Minilog-II-T,350546,"Nine Mile Creek,PEI",8,B,8,,,2014,9,30,2014-09-30,20:00:00,15.39
Minilog-II-T,350546,"Nine Mile Creek,PEI",8,B,8,,,2014,9,30,2014-09-30,22:00:00,15.25
Minilog-II-T,350546,"Nine Mile Creek,PEI",8,B,8,,,2014,10,1,2014-10-01,0:00:00,15.15
Minilog-II-T,350546,"Nine Mile Creek,PEI",8,B,8,,,2014,10,1,2014-10-01,2:00:00,15.17
Minilog-II-T,350546,"Nine Mile Creek,PEI",8,B,8,,,2014,10,1,2014-10-01,4:00:00,15.11
Minilog-II-T,350546,"Nine Mile Creek,PEI",8,B,8,,,2014,10,1,2014-10-01,6:00:00,15
Minilog-II-T,350546,"Nine Mile Creek,PEI",8,B,8,,,2014,10,1,2014-10-01,8:00:00,14.87
Minilog-II-T,350546,"Nine Mile Creek,PEI",8,B,8,,,2014,10,1,2014-10-01,10:00:00,15.05
Minilog-II-T,350546,"Nine Mile Creek,PEI",8,B,8,,,2014,10,1,2014-10-01,12:00:00,14.96
Minilog-II-T,350546,"Nine Mile Creek,PEI",8,B,8,,,2014,10,1,2014-10-01,14:00:00,14.7
Minilog-II-T,350546,"Nine Mile Creek,PEI",8,B,8,,,2014,10,1,2014-10-01,16:00:00,15.21
Minilog-II-T,350546,"Nine Mile Creek,PEI",8,B,8,,,2014,10,1,2014-10-01,18:00:00,15.29
Minilog-II-T,350546,"Nine Mile Creek,PEI",8,B,8,,,2014,10,1,2014-10-01,20:00:00,15.17
Minilog-II-T,350546,"Nine Mile Creek,PEI",8,B,8,,,2014,10,1,2014-10-01,22:00:00,14.6
Minilog-II-T,350546,"Nine Mile Creek,PEI",8,B,8,,,2014,10,2,2014-10-02,0:00:00,14.65
Minilog-II-T,350546,"Nine Mile Creek,PEI",8,B,8,,,2014,10,2,2014-10-02,2:00:00,14.54
Minilog-II-T,350546,"Nine Mile Creek,PEI",8,B,8,,,2014,10,2,2014-10-02,4:00:00,14.41
Minilog-II-T,350546,"Nine Mile Creek,PEI",8,B,8,,,2014,10,2,2014-10-02,6:00:00,14.1
Minilog-II-T,350546,"Nine Mile Creek,PEI",8,B,8,,,2014,10,2,2014-10-02,8:00:00,14.3
Minilog-II-T,350546,"Nine Mile Creek,PEI",8,B,8,,,2014,10,2,2014-10-02,10:00:00,14.81
Minilog-II-T,350546,"Nine Mile Creek,PEI",8,B,8,,,2014,10,2,2014-10-02,12:00:00,14.92
Minilog-II-T,350546,"Nine Mile Creek,PEI",8,B,8,,,2014,10,2,2014-10-02,14:00:00,14.33
Minilog-II-T,350546,"Nine Mile Creek,PEI",8,B,8,,,2014,10,2,2014-10-02,16:00:00,14.33
Minilog-II-T,350546,"Nine Mile Creek,PEI",8,B,8,,,2014,10,2,2014-10-02,18:00:00,14.97
Minilog-II-T,350546,"Nine Mile Creek,PEI",8,B,8,,,2014,10,2,2014-10-02,20:00:00,15.01
Minilog-II-T,350546,"Nine Mile Creek,PEI",8,B,8,,,2014,10,2,2014-10-02,22:00:00,14.81
