FK_Project_Code,Site_Name,R_Year,Collector_id,FK_Site_ID,Coll_no,Ret_Comments,Cond_ret
Coll08,Bedeque,2008,3,50,1,Biodiversity sample,1
Coll08,Bedeque,2008,4,50,2,Biodiversity sample,1
Coll08,Bedeque,2008,5,50,3,Biodiversity sample; collecteur monté du coté,1
Coll08,Bedeque,2008,6,50,4,,1
Coll08,Bedeque,2008,7,50,5,oeufs de poissons,1
Coll08,Bedeque,2008,8,50,6,oeufs de poissons,1
Coll08,Bedeque,2008,9,50,7,oeufs de poissons,1
Coll08,Bedeque,2008,10,50,8,,1
Coll08,Bedeque,2008,11,50,9,oeufs de poissons,1
Coll08,Bedeque,2008,12,50,10,,1
Coll08,Bedeque,2008,13,50,11,,1
Coll08,Bedeque,2008,14,50,12,,1
Coll08,Bedeque,2008,15,50,13,,1
Coll08,Bedeque,2008,16,50,14,,1
Coll08,Bedeque,2008,17,50,15,,1
Coll08,Bedeque,2008,18,50,16,oeufs de poissons,1
Coll08,Bedeque,2008,19,50,17,paquet d'oeuf avec yeux dedans,1
Coll08,Bedeque,2008,20,50,18,,1
Coll08,Bedeque,2008,21,50,19,,1
Coll08,Bedeque,2008,22,50,20,,1
Coll08,Bedeque,2008,23,50,21,,1
Coll08,Bedeque,2008,24,50,22,,1
Coll08,Bedeque,2008,25,50,23,,1
Coll08,Bedeque,2008,26,50,24,,1
Coll08,Bedeque,2008,27,50,25,,1
Coll08,Bedeque,2008,28,50,26,Biodiversity sample,1
Coll08,Bedeque,2008,29,50,27,Biodiversity sample,1
Coll08,Bedeque,2008,30,50,28,,1
Coll08,Bedeque,2008,31,50,29,Biodiversity sample,1
Coll08,Bedeque,2008,32,50,30,,1
Coll08,Neguac,2008,33,51,1,,1
Coll08,Neguac,2008,34,51,2,,1
Coll08,Neguac,2008,35,51,3,,1
Coll08,Neguac,2008,36,51,4,,1
Coll08,Neguac,2008,37,51,5,,1
Coll08,Neguac,2008,38,51,6,,1
Coll08,Neguac,2008,39,51,7,,1
Coll08,Neguac,2008,40,51,8,,1
Coll08,Neguac,2008,41,51,9,,1
Coll08,Neguac,2008,42,51,10,,1
Coll08,Neguac,2008,43,51,11,,1
Coll08,Neguac,2008,44,51,12,,1
Coll08,Neguac,2008,45,51,13,,1
Coll08,Neguac,2008,46,51,14,,1
Coll08,Neguac,2008,47,51,15,,1
Coll08,Neguac,2008,48,51,16,,1
Coll08,Neguac,2008,49,51,17,,1
Coll08,Neguac,2008,50,51,18,,1
Coll08,Neguac,2008,51,51,19,,1
Coll08,Neguac,2008,52,51,20,,1
Coll08,Neguac,2008,53,51,21,Barnacles are 3 times bigger than in other collectors,1
Coll08,Neguac,2008,54,51,22,Biodiversity sample,1
Coll08,Neguac,2008,55,51,23,Biodiversity sample,1
Coll08,Neguac,2008,56,51,24,Biodiversity sample,1
Coll08,Neguac,2008,57,51,25,,1
Coll08,Neguac,2008,58,51,26,Biodiversity sample; présence de beaucoup de bivalves,1
Coll08,Neguac,2008,59,51,27,,1
Coll08,Neguac,2008,60,51,28,Biodiversity sample,1
Coll08,Neguac,2008,61,51,29,Biodiversity sample,1
Coll08,Neguac,2008,62,51,30,,1
Coll08,Shediac,2008,63,52,1,,1
Coll08,Shediac,2008,64,52,2,,1
Coll08,Shediac,2008,65,52,3,,1
Coll08,Shediac,2008,66,52,4,,1
Coll08,Shediac,2008,67,52,5,,1
Coll08,Shediac,2008,68,52,6,,1
Coll08,Shediac,2008,69,52,7,,1
Coll08,Shediac,2008,70,52,8,,1
Coll08,Shediac,2008,71,52,9,,1
Coll08,Shediac,2008,72,52,10,,1
Coll08,Shediac,2008,73,52,11,,1
Coll08,Shediac,2008,74,52,12,,1
Coll08,Shediac,2008,75,52,13,,1
Coll08,Shediac,2008,76,52,14,"Pas de Vexar, screen en bonne condition; expérience à Bruno Comeau.",1
Coll08,Shediac,2008,77,52,15,,1
Coll08,Shediac,2008,78,52,16,Biodiversity sample,1
Coll08,Shediac,2008,79,52,17,Biodiversity sample,1
Coll08,Shediac,2008,80,52,18,,1
Coll08,Shediac,2008,81,52,19,,1
Coll08,Shediac,2008,82,52,20,Biodiversity sample,1
Coll08,Shediac,2008,83,52,21,,1
Coll08,Shediac,2008,84,52,22,,1
Coll08,Shediac,2008,85,52,23,,1
Coll08,Shediac,2008,86,52,24,,1
Coll08,Shediac,2008,87,52,25,,1
Coll08,Shediac,2008,88,52,26,Biodiversity sample,1
Coll08,Shediac,2008,89,52,27,Biodiversity sample,1
Coll08,Shediac,2008,90,52,28,,1
Coll08,Shediac,2008,91,52,29,Biodiversity sample,1
Coll08,Shediac,2008,92,52,30,,1
Coll08,Caraquet,2008,93,53,1,,1
Coll08,Caraquet,2008,94,53,2,,1
Coll08,Caraquet,2008,95,53,3,,1
Coll08,Caraquet,2008,96,53,4,,1
Coll08,Caraquet,2008,97,53,5,coll était flippé.,5
Coll08,Caraquet,2008,98,53,6,Biodiversity sample,1
Coll08,Caraquet,2008,99,53,7,,1
Coll08,Caraquet,2008,100,53,8,Biodiversity sample,1
Coll08,Caraquet,2008,101,53,9,,1
Coll08,Caraquet,2008,102,53,10,Biodiversity sample,1
Coll08,Caraquet,2008,103,53,11,,1
Coll08,Caraquet,2008,104,53,12,,1
Coll08,Caraquet,2008,105,53,13,,1
Coll08,Caraquet,2008,106,53,14,,1
Coll08,Caraquet,2008,107,53,15,,1
Coll08,Caraquet,2008,108,53,16,,1
Coll08,Caraquet,2008,109,53,17,,1
Coll08,Caraquet,2008,110,53,18,,1
Coll08,Caraquet,2008,111,53,19,,1
Coll08,Caraquet,2008,112,53,20,,1
Coll08,Caraquet,2008,113,53,21,"torn apart when hauled up, data not entered",4
Coll08,Caraquet,2008,114,53,22,,1
Coll08,Caraquet,2008,115,53,23,,1
Coll08,Caraquet,2008,116,53,24,,1
Coll08,Caraquet,2008,117,53,25,,1
Coll08,Caraquet,2008,118,53,26,Biodiversity sample,1
Coll08,Caraquet,2008,119,53,27,,1
Coll08,Caraquet,2008,120,53,28,Biodiversity sample,1
Coll08,Caraquet,2008,121,53,29,Biodiversity sample,1
Coll08,Caraquet,2008,122,53,30,,1
Coll08,Covehead,2008,123,54,1,"problem, mix-up: bag # 1,  some of #4 and #5 were together",1
Coll08,Covehead,2008,124,54,2,,1
Coll08,Covehead,2008,125,54,3,,1
Coll08,Covehead,2008,126,54,4,"problem, mix-up: bag # 1,  some of #4 and #5 were together",1
Coll08,Covehead,2008,127,54,5,"problem, mix-up: bag # 1,  some of #4 and #5 were together",1
Coll08,Covehead,2008,128,54,6,Biodiversity sample,1
Coll08,Covehead,2008,129,54,7,,1
Coll08,Covehead,2008,130,54,8,Biodiversity sample,1
Coll08,Covehead,2008,131,54,9,,1
Coll08,Covehead,2008,132,54,10,Biodiversity sample,1
Coll08,Covehead,2008,133,54,11,,1
Coll08,Covehead,2008,134,54,12,,1
Coll08,Covehead,2008,135,54,13,,1
Coll08,Covehead,2008,136,54,14,,1
Coll08,Covehead,2008,137,54,15,,1
Coll08,Covehead,2008,138,54,16,,1
Coll08,Covehead,2008,139,54,17,,1
Coll08,Covehead,2008,140,54,18,,1
Coll08,Covehead,2008,141,54,19,,1
Coll08,Covehead,2008,142,54,20,,1
Coll08,Covehead,2008,143,54,21,,1
Coll08,Covehead,2008,144,54,22,"Was flipped over, no data entered.",5
Coll08,Covehead,2008,145,54,23,,1
Coll08,Covehead,2008,146,54,24,,1
Coll08,Covehead,2008,147,54,25,,1
Coll08,Covehead,2008,148,54,26,Biodiversity sample,1
Coll08,Covehead,2008,149,54,27,Biodiversity sample,1
Coll08,Covehead,2008,150,54,28,,1
Coll08,Covehead,2008,151,54,29,,1
Coll08,Covehead,2008,152,54,30,Biodiversity sample,1
Coll08,Arisaig,2008,153,55,1,,1
Coll08,Arisaig,2008,154,55,2,,1
Coll08,Arisaig,2008,155,55,3,,1
Coll08,Arisaig,2008,156,55,4,,1
Coll08,Arisaig,2008,157,55,5,,1
Coll08,Arisaig,2008,158,55,6,collector was flipped over,5
Coll08,Arisaig,2008,159,55,7,,1
Coll08,Arisaig,2008,160,55,8,,1
Coll08,Arisaig,2008,161,55,9,,1
Coll08,Arisaig,2008,162,55,10,,1
Coll08,Arisaig,2008,163,55,11,Collector dragged on bottom,1
Coll08,Arisaig,2008,164,55,12,,1
Coll08,Arisaig,2008,165,55,13,,1
Coll08,Arisaig,2008,166,55,14,,1
Coll08,Arisaig,2008,167,55,15,,1
Coll08,Arisaig,2008,168,55,16,,1
Coll08,Arisaig,2008,169,55,17,,1
Coll08,Arisaig,2008,170,55,18,,1
Coll08,Arisaig,2008,171,55,19,,1
Coll08,Arisaig,2008,172,55,20,,1
Coll08,Arisaig,2008,173,55,21,,1
Coll08,Arisaig,2008,174,55,22,,1
Coll08,Arisaig,2008,175,55,23,Biodiversity sample,1
Coll08,Arisaig,2008,176,55,24,Biodiversity sample,1
Coll08,Arisaig,2008,177,55,25,Biodiversity sample,1
Coll08,Arisaig,2008,178,55,26,,1
Coll08,Arisaig,2008,179,55,27,Biodiversity sample,1
Coll08,Arisaig,2008,180,55,28,Biodiversity sample,1
Coll08,Arisaig,2008,181,55,29,,1
Coll08,Arisaig,2008,182,55,30,Biodiversity sample,1
coll09,Alberton,2009,183,58,661,No gravel.,1
coll09,Alberton,2009,184,58,662,,1
coll09,Alberton,2009,185,58,663,Came up and down several times in the hauler because of a tangled buoy line,1
coll09,Alberton,2009,186,58,664,,1
coll09,Alberton,2009,187,58,665,,1
coll09,Alberton,2009,188,58,666,,1
coll09,Alberton,2009,189,58,667,No gravel.,1
coll09,Alberton,2009,190,58,668,No gravel.,1
coll09,Alberton,2009,191,58,669,,1
coll09,Alberton,2009,192,58,670,,1
coll09,Alberton,2009,193,58,671,No gravel.,1
coll09,Alberton,2009,194,58,672,,3
coll09,Alberton,2009,195,58,673,,1
coll09,Alberton,2009,196,58,674,,3
coll09,Alberton,2009,197,58,675,,1
coll09,Alberton,2009,198,58,676,,1
coll09,Alberton,2009,199,58,677,,3
coll09,Alberton,2009,200,58,678,,1
coll09,Alberton,2009,201,58,679,No gravel in coll.,1
coll09,Alberton,2009,202,58,680,,1
coll09,Alberton,2009,203,58,681,,1
coll09,Alberton,2009,204,58,682,,1
coll09,Alberton,2009,205,58,683,,1
coll09,Alberton,2009,206,58,684,,3
coll09,Alberton,2009,207,58,685,,1
coll09,Alberton,2009,208,58,686,,1
coll09,Alberton,2009,209,58,687,,1
coll09,Alberton,2009,210,58,688,,1
coll09,Alberton,2009,211,58,689,,1
coll09,Alberton,2009,212,58,690,,1
coll09,Covehead,2009,213,57,601,,1
coll09,Covehead,2009,214,57,602,came up on side; no gravel,1
coll09,Covehead,2009,215,57,603,,1
coll09,Covehead,2009,216,57,604,,1
coll09,Covehead,2009,217,57,605,,1
coll09,Covehead,2009,218,57,606,,1
coll09,Covehead,2009,219,57,607,No fish;,1
coll09,Covehead,2009,220,57,608,,1
coll09,Covehead,2009,221,57,609,,1
coll09,Covehead,2009,222,57,610,no gravel,1
coll09,Covehead,2009,223,57,611,no gravel,1
coll09,Covehead,2009,224,57,612,,1
coll09,Covehead,2009,225,57,613,almost no gravel,1
coll09,Covehead,2009,226,57,614,,1
coll09,Covehead,2009,227,57,615,no gravel,1
coll09,Covehead,2009,228,57,616,50% less rocks than expected in coll; no gravel.,1
coll09,Covehead,2009,229,57,617,no gravel,1
coll09,Covehead,2009,230,57,618,,1
coll09,Covehead,2009,231,57,619,,1
coll09,Covehead,2009,232,57,620,no gravel; collector came up sideways as the bridal was hooked under one corner of the collector.,1
coll09,Covehead,2009,233,57,621,,1
coll09,Covehead,2009,234,57,622,No gravel,1
coll09,Covehead,2009,235,57,623,,1
coll09,Covehead,2009,236,57,624,,1
coll09,Covehead,2009,237,57,625,,1
coll09,Covehead,2009,238,57,626,,1
coll09,Covehead,2009,239,57,627,75% amount of rocks in collector; less rocks than should.,1
coll09,Covehead,2009,240,57,628,,1
coll09,Covehead,2009,241,57,629,,1
coll09,Covehead,2009,242,57,630,,1
coll09,Skinner's Pond,2009,244,61,777,,1
coll09,Skinner's Pond,2009,245,61,778,,1
coll09,Skinner's Pond,2009,246,61,779,,1
coll09,Skinner's Pond,2009,247,61,780,,1
coll09,Skinner's Pond,2009,249,61,772,,1
coll09,Skinner's Pond,2009,250,61,773,,1
coll09,Skinner's Pond,2009,251,61,774,,1
coll09,Skinner's Pond,2009,252,61,775,,1
coll09,Skinner's Pond,2009,253,61,766,,1
coll09,Skinner's Pond,2009,254,61,767,,1
coll09,Skinner's Pond,2009,255,61,768,,1
coll09,Skinner's Pond,2009,256,61,769,,1
coll09,Skinner's Pond,2009,258,61,756,,1
coll09,Skinner's Pond,2009,259,61,757,,1
coll09,Skinner's Pond,2009,260,61,758,,1
coll09,Skinner's Pond,2009,261,61,759,,1
coll09,Skinner's Pond,2009,263,61,751,,1
coll09,Skinner's Pond,2009,264,61,752,,1
coll09,Skinner's Pond,2009,265,61,753,,1
coll09,Skinner's Pond,2009,266,61,754,,1
coll09,Skinner's Pond,2009,268,61,761,,1
coll09,Skinner's Pond,2009,269,61,762,,1
coll09,Skinner's Pond,2009,270,61,763,Temp probe on this coll.,1
coll09,Skinner's Pond,2009,271,61,764,,1
coll09,Skinner's Pond,2009,272,61,765,,1
coll09,Nine Mile Creek,2009,273,62,746,no rock crab in this collector,1
coll09,Nine Mile Creek,2009,274,62,747,no rock crab in this collector,1
coll09,Nine Mile Creek,2009,275,62,748,no rock crab in this collector,1
coll09,Nine Mile Creek,2009,276,62,749,,1
coll09,Nine Mile Creek,2009,277,62,750,,1
coll09,Nine Mile Creek,2009,278,62,743,no rock crab in this collector,1
coll09,Nine Mile Creek,2009,279,62,741,no rock crab in this collector,1
coll09,Nine Mile Creek,2009,280,62,742,no rock crab in this collector,1
coll09,Nine Mile Creek,2009,281,62,744,no rock crab in this collector,1
coll09,Nine Mile Creek,2009,282,62,745,,1
coll09,Nine Mile Creek,2009,283,62,740,no rock crab in this collector,1
coll09,Nine Mile Creek,2009,284,62,739,no rock crab in this collector,1
coll09,Nine Mile Creek,2009,285,62,738,no rock crab in this collector,1
coll09,Nine Mile Creek,2009,286,62,737,,1
coll09,Nine Mile Creek,2009,287,62,736,,1
coll09,Nine Mile Creek,2009,288,62,735,,1
coll09,Nine Mile Creek,2009,289,62,734,,1
coll09,Nine Mile Creek,2009,290,62,733,,1
coll09,Nine Mile Creek,2009,291,62,732,,1
coll09,Nine Mile Creek,2009,292,62,731,,1
coll09,Nine Mile Creek,2009,293,62,727,,1
coll09,Nine Mile Creek,2009,294,62,729,,1
coll09,Nine Mile Creek,2009,295,62,730,no rock crab in this collector,1
coll09,Nine Mile Creek,2009,296,62,726,no rock crab in this collector,1
coll09,Nine Mile Creek,2009,297,62,728,,1
coll09,Nine Mile Creek,2009,298,62,725,,1
coll09,Nine Mile Creek,2009,299,62,724,no rock crab in this collector,1
coll09,Nine Mile Creek,2009,300,62,723,no rock crab in this collector,1
coll09,Nine Mile Creek,2009,301,62,722,,1
coll09,Nine Mile Creek,2009,302,62,721,no rock crab in this collector,1
coll09,Murray Harbour,2009,303,59,716,1/4 amount of rocks,1
coll09,Murray Harbour,2009,304,59,717,No gravel,1
coll09,Murray Harbour,2009,305,59,718,,1
coll09,Murray Harbour,2009,306,59,719,,1
coll09,Murray Harbour,2009,307,59,720,,1
coll09,Murray Harbour,2009,308,59,691,,1
coll09,Murray Harbour,2009,309,59,692,,1
coll09,Murray Harbour,2009,310,59,693,,1
coll09,Murray Harbour,2009,311,59,694,"No gravel, considered upsdide down",5
coll09,Murray Harbour,2009,312,59,695,,1
coll09,Murray Harbour,2009,313,59,696,No gravel,1
coll09,Murray Harbour,2009,314,59,697,No gravel,1
coll09,Murray Harbour,2009,315,59,698,Considered upside down,5
coll09,Murray Harbour,2009,316,59,699,,1
coll09,Murray Harbour,2009,317,59,700,,1
coll09,Murray Harbour,2009,318,59,701,,1
coll09,Murray Harbour,2009,319,59,702,No gravel; considered upside down,5
coll09,Murray Harbour,2009,320,59,703,,1
coll09,Murray Harbour,2009,321,59,704,,1
coll09,Murray Harbour,2009,322,59,705,No gravel,1
coll09,Murray Harbour,2009,323,59,706,No gravel,1
coll09,Murray Harbour,2009,324,59,707,,1
coll09,Murray Harbour,2009,325,59,708,,1
coll09,Murray Harbour,2009,326,59,709,No gravel,1
coll09,Murray Harbour,2009,327,59,710,No gravel,1
coll09,Murray Harbour,2009,328,59,711,"No gravel; clean rocks, clean trap, considered as upside down.",5
coll09,Murray Harbour,2009,329,59,712,One runner attacked by worms,1
coll09,Murray Harbour,2009,330,59,713,No gravel,1
coll09,Murray Harbour,2009,331,59,714,No gravel,1
coll09,Murray Harbour,2009,332,59,715,"No gravel; clean, considered upside down.",5
coll09,Fortune,2009,333,63,640,,1
coll09,Fortune,2009,334,63,639,,1
coll09,Fortune,2009,335,63,638,,1
coll09,Fortune,2009,336,63,637,,1
coll09,Fortune,2009,337,63,636,,1
coll09,Fortune,2009,338,63,635,,1
coll09,Fortune,2009,339,63,634,,1
coll09,Fortune,2009,340,63,633,no rock crab in this collector,1
coll09,Fortune,2009,341,63,632,,1
coll09,Fortune,2009,342,63,631,,1
coll09,Fortune,2009,343,63,645,,1
coll09,Fortune,2009,344,63,644,,1
coll09,Fortune,2009,345,63,643,no rock crab in this collector,1
coll09,Fortune,2009,346,63,642,,1
coll09,Fortune,2009,347,63,641,no rock crab in this collector,1
coll09,Fortune,2009,348,63,650,no rock crab in this collector,1
coll09,Fortune,2009,349,63,649,,1
coll09,Fortune,2009,350,63,648,,1
coll09,Fortune,2009,352,63,646,No gravel,1
coll09,Fortune,2009,353,63,655,,1
coll09,Fortune,2009,354,63,654,,1
coll09,Fortune,2009,355,63,653,,1
coll09,Fortune,2009,356,63,652,,1
coll09,Fortune,2009,357,63,651,,1
coll09,Fortune,2009,358,63,660,came up and dropped out of hauler back into the water and then picked up again.,1
coll09,Fortune,2009,359,63,659,,1
coll09,Fortune,2009,360,63,658,No gravel,1
coll09,Fortune,2009,361,63,657,"No gravel,",1
coll09,Fortune,2009,362,63,656,,1
coll09,Arisaig,2009,364,60,193,empty,1
coll09,Arisaig,2009,365,60,192,,1
coll09,Arisaig,2009,366,60,785,,1
coll09,Arisaig,2009,367,60,182,,1
coll09,Arisaig,2009,368,60,476,,1
coll09,Arisaig,2009,369,60,194,,1
coll09,Arisaig,2009,370,60,793,had 3 crabs but were discarded by mistake,1
coll09,Arisaig,2009,371,60,481,,1
coll09,Arisaig,2009,372,60,787,,1
coll09,Arisaig,2009,373,60,196,,1
coll09,Arisaig,2009,374,60,495,,1
coll09,Arisaig,2009,375,60,195,,1
coll09,Arisaig,2009,376,60,791,,1
coll09,Arisaig,2009,377,60,463,,1
coll09,Arisaig,2009,378,60,800,,1
coll09,Arisaig,2009,379,60,798,,1
coll09,Arisaig,2009,380,60,781,,1
coll09,Arisaig,2009,381,60,486,,1
coll09,Arisaig,2009,382,60,783,,1
coll09,Arisaig,2009,383,60,786,,1
coll09,Arisaig,2009,384,60,782,,1
coll09,Arisaig,2009,385,60,470,,1
coll09,Arisaig,2009,386,60,479,,1
coll09,Arisaig,2009,387,60,474,,1
coll09,Arisaig,2009,388,60,465,,1
coll2010,Fortune,2010,401,71,1795,,1
coll2010,Fortune,2010,402,71,1789,,1
coll2010,Fortune,2010,403,71,1794,no gravel,1
coll2010,Fortune,2010,404,71,1784,no lining,1
coll2010,Fortune,2010,405,71,1790,,1
coll2010,Fortune,2010,406,71,1798,,1
coll2010,Fortune,2010,407,71,1797,10% du gravier dans le collecteur,1
coll2010,Fortune,2010,408,71,1796,,1
coll2010,Fortune,2010,409,71,1785,,1
coll2010,Fortune,2010,410,71,1792,,1
coll2010,Fortune,2010,411,71,1787,,1
coll2010,Fortune,2010,412,71,1779,,1
coll2010,Fortune,2010,413,71,1782,,1
coll2010,Fortune,2010,414,71,1793,,1
coll2010,Fortune,2010,415,71,1800,,1
coll2010,Fortune,2010,416,71,1799,,1
coll2010,Fortune,2010,417,71,1788,,1
coll2010,Fortune,2010,418,71,1786,,1
coll2010,Fortune,2010,419,71,1802,,1
coll2010,Fortune,2010,420,71,1778,,1
coll2010,Fortune,2010,421,71,1783,2 fois plus de gravier,1
coll2010,Fortune,2010,422,71,1780,5% de gravier,1
coll2010,Fortune,2010,423,71,1805,,1
coll2010,Fortune,2010,424,71,1804,Pas de gravier,1
coll2010,Fortune,2010,430,71,1803,"sampled on sept 22, ramassé au grapin - 5% de gravier",1
coll2010,Fortune,2010,431,71,1777,"sampled on sept 22, ramassé au grapin",1
coll2010,Fortune,2010,432,71,1706,sampled on oct 15,1
coll2010,Fortune,2010,433,71,1801,"retrieved on oct 14, sampled on oct 15",1
coll2010,Fortune,2010,434,71,1791,"retrieved on oct 14, sampled on oct 15",1
coll2010,Covehead,2010,435,72,1738,,1
coll2010,Covehead,2010,436,72,1745,5% of gravel,1
coll2010,Covehead,2010,437,72,1744,,1
coll2010,Covehead,2010,438,72,1743,,1
coll2010,Covehead,2010,439,72,1742,5% of gravel,1
coll2010,Covehead,2010,440,72,1733,5% of gravel,1
coll2010,Covehead,2010,441,72,1718,,1
coll2010,Covehead,2010,442,72,1729,,1
coll2010,Covehead,2010,443,72,1728,,1
coll2010,Covehead,2010,444,72,1727,,1
coll2010,Covehead,2010,445,72,1736,5% of gravel,1
coll2010,Covehead,2010,446,72,1721,,1
coll2010,Covehead,2010,447,72,1726,,1
coll2010,Covehead,2010,448,72,1725,,1
coll2010,Covehead,2010,449,72,1724,,1
coll2010,Covehead,2010,450,72,1720,,1
coll2010,Covehead,2010,451,72,1723,,1
coll2010,Covehead,2010,452,72,1719,,1
coll2010,Covehead,2010,453,72,1722,no gravel,1
coll2010,Covehead,2010,454,72,1732,,1
coll2010,Covehead,2010,455,72,1735,,1
coll2010,Covehead,2010,456,72,1739,5% of gravel,1
coll2010,Covehead,2010,457,72,1731,no gravel,1
coll2010,Covehead,2010,458,72,1730,,1
coll2010,Covehead,2010,459,72,1734,no gravel,1
coll2010,Covehead,2010,460,72,1737,,1
coll2010,Covehead,2010,461,72,1746,,1
coll2010,Alberton,2010,462,73,1836,,1
coll2010,Alberton,2010,463,73,1837,,1
coll2010,Alberton,2010,464,73,1833,,1
coll2010,Alberton,2010,465,73,1829,,1
coll2010,Alberton,2010,466,73,1840,,1
coll2010,Alberton,2010,467,73,1822,,1
coll2010,Alberton,2010,468,73,1824,,1
coll2010,Alberton,2010,469,73,1839,,3
coll2010,Alberton,2010,470,73,1838,,1
coll2010,Alberton,2010,471,73,1835,,1
coll2010,Alberton,2010,472,73,1834,,1
coll2010,Alberton,2010,473,73,1821,,1
coll2010,Alberton,2010,474,73,1831,,1
coll2010,Alberton,2010,475,73,1823,,1
coll2010,Alberton,2010,476,73,1818,,1
coll2010,Alberton,2010,477,73,1825,,1
coll2010,Alberton,2010,478,73,1827,,1
coll2010,Alberton,2010,479,73,1828,,1
coll2010,Alberton,2010,480,73,1826,,1
coll2010,Alberton,2010,481,73,1820,,1
coll2010,Alberton,2010,482,73,1832,,1
coll2010,Alberton,2010,483,73,1819,no liner in collector,1
coll2010,Alberton,2010,484,73,1815,,1
coll2010,Alberton,2010,485,73,1814,,1
coll2010,Alberton,2010,486,73,1817,,1
coll2010,Alberton,2010,487,73,1830,,1
coll2010,Alberton,2010,488,73,1813,plein de sable,3
coll2010,Alberton,2010,489,73,1812,,2
coll2010,Alberton,2010,490,73,1816,,1
coll2010,Alberton,2010,491,73,1811,,1
coll2010,Murray Harbour,2010,492,74,1760,,1
coll2010,Murray Harbour,2010,493,74,1759,,1
coll2010,Murray Harbour,2010,494,74,1747,,1
coll2010,Murray Harbour,2010,495,74,1761,,1
coll2010,Murray Harbour,2010,496,74,1764,,1
coll2010,Murray Harbour,2010,497,74,1758,,1
coll2010,Murray Harbour,2010,498,74,1763,,1
coll2010,Murray Harbour,2010,499,74,1750,,1
coll2010,Murray Harbour,2010,500,74,1753,,1
coll2010,Murray Harbour,2010,501,74,1749,,1
coll2010,Murray Harbour,2010,502,74,1754,5% of gravel,1
coll2010,Murray Harbour,2010,503,74,1769,no gravel,1
coll2010,Murray Harbour,2010,504,74,1765,,1
coll2010,Murray Harbour,2010,505,74,1766,5% of gravel,1
coll2010,Murray Harbour,2010,506,74,1775,,1
coll2010,Murray Harbour,2010,507,74,1773,,1
coll2010,Murray Harbour,2010,508,74,1770,,1
coll2010,Murray Harbour,2010,509,74,1755,,1
coll2010,Murray Harbour,2010,510,74,1772,,1
coll2010,Murray Harbour,2010,511,74,1768,,1
coll2010,Murray Harbour,2010,512,74,1757,,1
coll2010,Murray Harbour,2010,513,74,1748,5% of gravel,1
coll2010,Murray Harbour,2010,514,74,1776,,1
coll2010,Murray Harbour,2010,515,74,1756,,1
coll2010,Murray Harbour,2010,516,74,1751,,1
coll2010,Murray Harbour,2010,517,74,1774,,1
coll2010,Murray Harbour,2010,518,74,1771,,1
coll2010,Murray Harbour,2010,519,74,1767,,1
coll2010,Murray Harbour,2010,520,74,1762,,1
coll2010,Murray Harbour,2010,521,74,1752,,1
coll2010,Nine Mile Creek,2010,522,75,1845,,1
coll2010,Nine Mile Creek,2010,523,75,1844,,1
coll2010,Nine Mile Creek,2010,524,75,1855,,1
coll2010,Nine Mile Creek,2010,525,75,1849,,1
coll2010,Nine Mile Creek,2010,526,75,1843,,1
coll2010,Nine Mile Creek,2010,527,75,1848,,1
coll2010,Nine Mile Creek,2010,528,75,1842,5% de gravel,1
coll2010,Nine Mile Creek,2010,529,75,1841,,1
coll2010,Nine Mile Creek,2010,530,75,1854,,1
coll2010,Nine Mile Creek,2010,531,75,1847,,1
coll2010,Nine Mile Creek,2010,532,75,1853,,1
coll2010,Nine Mile Creek,2010,533,75,1846,,1
coll2010,Nine Mile Creek,2010,534,75,1850,,1
coll2010,Nine Mile Creek,2010,535,75,1858,,1
coll2010,Nine Mile Creek,2010,536,75,1852,,1
coll2010,Nine Mile Creek,2010,537,75,1857,,1
coll2010,Nine Mile Creek,2010,538,75,1863,,1
coll2010,Nine Mile Creek,2010,539,75,1869,,1
coll2010,Nine Mile Creek,2010,540,75,1851,,1
coll2010,Nine Mile Creek,2010,541,75,1860,,1
coll2010,Nine Mile Creek,2010,542,75,1856,,1
coll2010,Nine Mile Creek,2010,543,75,1862,,1
coll2010,Nine Mile Creek,2010,544,75,1868,,1
coll2010,Nine Mile Creek,2010,545,75,1865,,1
coll2010,Nine Mile Creek,2010,546,75,1861,,1
coll2010,Nine Mile Creek,2010,547,75,1867,pas de gravel,1
coll2010,Nine Mile Creek,2010,548,75,1859,,1
coll2010,Nine Mile Creek,2010,549,75,1870,,1
coll2010,Nine Mile Creek,2010,550,75,1864,,1
coll2010,Nine Mile Creek,2010,551,75,1866,,1
coll2010,Skinner's Pond,2010,552,76,1894,,1
coll2010,Skinner's Pond,2010,553,76,1886,,1
coll2010,Skinner's Pond,2010,554,76,1888,,1
coll2010,Skinner's Pond,2010,555,76,1883,,1
coll2010,Skinner's Pond,2010,556,76,1900,,1
coll2010,Skinner's Pond,2010,557,76,1895,,1
coll2010,Skinner's Pond,2010,558,76,1889,,1
coll2010,Skinner's Pond,2010,559,76,1884,,1
coll2010,Skinner's Pond,2010,560,76,1899,,1
coll2010,Skinner's Pond,2010,561,76,1873,,1
coll2010,Skinner's Pond,2010,562,76,1885,,1
coll2010,Skinner's Pond,2010,563,76,1896,,1
coll2010,Skinner's Pond,2010,564,76,1872,,1
coll2010,Skinner's Pond,2010,565,76,1882,,1
coll2010,Skinner's Pond,2010,566,76,1898,,1
coll2010,Skinner's Pond,2010,567,76,1887,,1
coll2010,Skinner's Pond,2010,568,76,1890,,1
coll2010,Skinner's Pond,2010,569,76,1897,,1
coll2010,Skinner's Pond,2010,570,76,1875,,1
coll2010,Skinner's Pond,2010,571,76,1878,,1
coll2010,Skinner's Pond,2010,572,76,1891,,1
coll2010,Skinner's Pond,2010,573,76,1876,,1
coll2010,Skinner's Pond,2010,574,76,1879,5% of gravel,1
coll2010,Skinner's Pond,2010,575,76,1871,,1
coll2010,Skinner's Pond,2010,576,76,1874,,1
coll2010,Skinner's Pond,2010,577,76,1892,,1
coll2010,Skinner's Pond,2010,578,76,1877,,1
coll2010,Skinner's Pond,2010,579,76,1893,,1
coll2010,Skinner's Pond,2010,580,76,1880,,1
coll2010,Skinner's Pond,2010,581,76,1881,,1
coll2010,Arisaig,2010,582,77,2060,,1
coll2010,Arisaig,2010,583,77,2054,,1
coll2010,Arisaig,2010,584,77,2049,,1
coll2010,Arisaig,2010,585,77,2036,,1
coll2010,Arisaig,2010,586,77,2059,,1
coll2010,Arisaig,2010,587,77,2035,,1
coll2010,Arisaig,2010,588,77,2039,,1
coll2010,Arisaig,2010,589,77,2034,,1
coll2010,Arisaig,2010,590,77,2062,,1
coll2010,Arisaig,2010,591,77,2058,,1
coll2010,Arisaig,2010,592,77,2041,no gravel,1
coll2010,Arisaig,2010,593,77,2056,,1
coll2010,Arisaig,2010,594,77,2037,,1
coll2010,Arisaig,2010,595,77,2051,,1
coll2010,Arisaig,2010,596,77,2047,,1
coll2010,Arisaig,2010,597,77,2048,,1
coll2010,Arisaig,2010,598,77,2043,,1
coll2010,Arisaig,2010,599,77,2053,,1
coll2010,Arisaig,2010,600,77,2061,,1
coll2010,Arisaig,2010,601,77,2046,,1
coll2010,Arisaig,2010,602,77,2038,,1
coll2010,Arisaig,2010,603,77,2055,,1
coll2010,Arisaig,2010,604,77,2040,,1
coll2010,Arisaig,2010,605,77,2063,2% of gravel,1
coll2010,Arisaig,2010,606,77,2052,3% of gravel,1
coll2010,Arisaig,2010,607,77,2057,,1
coll2010,Arisaig,2010,608,77,2045,,1
coll2010,Arisaig,2010,609,77,2042,6% of gravel,1
coll2010,Arisaig,2010,610,77,2044,,1
coll2010,Arisaig,2010,611,77,2050,,1
coll2011,Arisaig,2011,794,173,2034,,1
coll2011,Skinner's Pond,2011,795,174,1871,,1
coll2011,Nine Mile Creek,2011,796,175,589,,1
coll2011,Skinner's Pond,2011,797,174,1872,,1
coll2011,Murray Harbour,2011,798,176,59,,1
coll2011,Skinner's Pond,2011,799,174,1873,,1
coll2011,Alberton,2011,802,178,559,,1
coll2011,Fortune,2011,803,179,553,,1
coll2011,Skinner's Pond,2011,804,174,1874,,1
coll2011,Skinner's Pond,2011,805,174,1875,,1
coll2011,Skinner's Pond,2011,806,174,1877,,1
coll2011,Arisaig,2011,807,173,2035,,1
coll2011,Covehead,2011,808,177,554,,1
coll2011,Arisaig,2011,809,173,2038,,1
coll2011,Skinner's Pond,2011,810,174,1878,,1
coll2011,Skinner's Pond,2011,811,174,1879,,1
coll2011,Skinner's Pond,2011,812,174,1880,,1
coll2011,Arisaig,2011,813,173,2039,,1
coll2011,Covehead,2011,814,177,555,,1
coll2011,Skinner's Pond,2011,815,174,1881,,1
coll2011,Covehead,2011,816,177,556,,1
coll2011,Arisaig,2011,817,173,2040,,1
coll2011,Skinner's Pond,2011,818,174,1882,,1
coll2011,Arisaig,2011,819,173,2041,,1
coll2011,Covehead,2011,820,177,557,,1
coll2011,Skinner's Pond,2011,821,174,1883,,1
coll2011,Skinner's Pond,2011,822,174,1884,,1
coll2011,Covehead,2011,823,177,558,,1
coll2011,Skinner's Pond,2011,824,174,1885,,1
coll2011,Skinner's Pond,2011,825,174,1886,,1
coll2011,Covehead,2011,826,177,1718,,1
coll2011,Covehead,2011,827,177,1720,,1
coll2011,Skinner's Pond,2011,828,174,1887,,1
coll2011,Arisaig,2011,829,173,2042,,1
coll2011,Skinner's Pond,2011,830,174,1888,,1
coll2011,Skinner's Pond,2011,831,174,1889,,1
coll2011,Skinner's Pond,2011,832,174,1891,,1
coll2011,Arisaig,2011,833,173,2043,,1
coll2011,Arisaig,2011,834,173,2044,,1
coll2011,Skinner's Pond,2011,835,174,1892,,1
coll2011,Arisaig,2011,836,173,2046,,1
coll2011,Skinner's Pond,2011,837,174,1893,,1
coll2011,Arisaig,2011,838,173,2050,,1
coll2011,Skinner's Pond,2011,839,174,1894,,1
coll2011,Covehead,2011,840,177,1721,,1
coll2011,Skinner's Pond,2011,841,174,1895,,1
coll2011,Arisaig,2011,842,173,2051,,1
coll2011,Arisaig,2011,843,173,2052,,1
coll2011,Arisaig,2011,844,173,2053,,1
coll2011,Covehead,2011,845,177,1722,,1
coll2011,Arisaig,2011,846,173,2055,,1
coll2011,Covehead,2011,847,177,1723,,1
coll2011,Arisaig,2011,848,173,2056,,1
coll2011,Skinner's Pond,2011,849,174,1896,,1
coll2011,Skinner's Pond,2011,850,174,1897,,1
coll2011,Arisaig,2011,851,173,2057,,1
coll2011,Skinner's Pond,2011,852,174,1898,,1
coll2011,Arisaig,2011,853,173,2058,,1
coll2011,Covehead,2011,854,177,1724,,1
coll2011,Skinner's Pond,2011,855,174,1899,,1
coll2011,Skinner's Pond,2011,856,174,1900,,1
coll2011,Arisaig,2011,857,173,2059,,1
coll2011,Covehead,2011,858,177,1725,,1
coll2011,Arisaig,2011,859,173,2060,,1
coll2011,Arisaig,2011,860,173,2061,,1
coll2011,Nine Mile Creek,2011,861,175,1841,,1
coll2011,Nine Mile Creek,2011,862,175,1842,,1
coll2011,Nine Mile Creek,2011,863,175,1843,,1
coll2011,Covehead,2011,864,177,1726,,1
coll2011,Nine Mile Creek,2011,865,175,1844,,1
coll2011,Nine Mile Creek,2011,866,175,1845,,1
coll2011,Covehead,2011,867,177,1727,,1
coll2011,Nine Mile Creek,2011,868,175,1846,,1
coll2011,Murray Harbour,2011,869,176,1747,,1
coll2011,Murray Harbour,2011,870,176,1750,,1
coll2011,Nine Mile Creek,2011,871,175,1847,,1
coll2011,Murray Harbour,2011,872,176,1752,,1
coll2011,Covehead,2011,873,177,1728,,1
coll2011,Murray Harbour,2011,874,176,1753,,1
coll2011,Murray Harbour,2011,875,176,1754,,1
coll2011,Murray Harbour,2011,876,176,1755,,1
coll2011,Murray Harbour,2011,877,176,1756,,1
coll2011,Nine Mile Creek,2011,878,175,1849,,1
coll2011,Murray Harbour,2011,879,176,1758,,1
coll2011,Nine Mile Creek,2011,880,175,1850,,1
coll2011,Murray Harbour,2011,881,176,1760,,1
coll2011,Nine Mile Creek,2011,882,175,1852,,1
coll2011,Murray Harbour,2011,883,176,1761,,1
coll2011,Covehead,2011,884,177,1729,,1
coll2011,Nine Mile Creek,2011,885,175,1853,,1
coll2011,Murray Harbour,2011,886,176,1762,,1
coll2011,Murray Harbour,2011,887,176,1763,,1
coll2011,Nine Mile Creek,2011,888,175,1854,,1
coll2011,Murray Harbour,2011,889,176,1764,,1
coll2011,Nine Mile Creek,2011,890,175,1855,,1
coll2011,Murray Harbour,2011,891,176,1765,,1
coll2011,Covehead,2011,892,177,1730,,1
coll2011,Murray Harbour,2011,893,176,1767,,1
coll2011,Nine Mile Creek,2011,894,175,1856,,1
coll2011,Nine Mile Creek,2011,895,175,1857,,1
coll2011,Covehead,2011,896,177,1731,,1
coll2011,Murray Harbour,2011,897,176,1768,,1
coll2011,Nine Mile Creek,2011,898,175,1858,,1
coll2011,Murray Harbour,2011,899,176,1769,,1
coll2011,Nine Mile Creek,2011,900,175,1859,,1
coll2011,Murray Harbour,2011,901,176,1770,,1
coll2011,Nine Mile Creek,2011,902,175,1860,,1
coll2011,Covehead,2011,903,177,1732,,1
coll2011,Nine Mile Creek,2011,904,175,1861,,1
coll2011,Murray Harbour,2011,905,176,1771,,1
coll2011,Nine Mile Creek,2011,906,175,1862,,1
coll2011,Murray Harbour,2011,907,176,1772,,1
coll2011,Murray Harbour,2011,908,176,1773,,1
coll2011,Nine Mile Creek,2011,909,175,1863,,1
coll2011,Murray Harbour,2011,910,176,1774,,1
coll2011,Nine Mile Creek,2011,911,175,1865,,1
coll2011,Nine Mile Creek,2011,912,175,1866,,1
coll2011,Murray Harbour,2011,913,176,1775,,1
coll2011,Nine Mile Creek,2011,914,175,1868,,1
coll2011,Nine Mile Creek,2011,915,175,1869,,1
coll2011,Covehead,2011,916,177,1733,,1
coll2011,Nine Mile Creek,2011,917,175,1870,,1
coll2011,Alberton,2011,918,178,560,,1
coll2011,Alberton,2011,919,178,561,,1
coll2011,Covehead,2011,920,177,1734,,1
coll2011,Alberton,2011,921,178,562,,1
coll2011,Covehead,2011,922,177,1735,,1
coll2011,Covehead,2011,923,177,1736,,1
coll2011,Fortune,2011,924,179,1706,,1
coll2011,Fortune,2011,926,179,1778,,1
coll2011,Alberton,2011,927,178,563,,1
coll2011,Fortune,2011,928,179,1779,,1
coll2011,Fortune,2011,930,179,1782,,1
coll2011,Covehead,2011,931,177,1737,,1
coll2011,Fortune,2011,932,179,1783,,1
coll2011,Fortune,2011,933,179,1784,,1
coll2011,Alberton,2011,934,178,564,,1
coll2011,Fortune,2011,935,179,1785,,1
coll2011,Covehead,2011,936,177,1738,,1
coll2011,Fortune,2011,937,179,1786,,1
coll2011,Fortune,2011,938,179,1787,,1
coll2011,Fortune,2011,939,179,1788,,1
coll2011,Fortune,2011,941,179,1790,,1
coll2011,Alberton,2011,942,178,565,,1
coll2011,Covehead,2011,943,177,1742,,1
coll2011,Fortune,2011,944,179,1791,,1
coll2011,Fortune,2011,945,179,1792,,1
coll2011,Fortune,2011,946,179,1793,,1
coll2011,Fortune,2011,947,179,1794,,1
coll2011,Fortune,2011,948,179,1795,,1
coll2011,Fortune,2011,949,179,1796,,1
coll2011,Alberton,2011,950,178,566,,1
coll2011,Fortune,2011,951,179,1797,,1
coll2011,Covehead,2011,952,177,1743,,1
coll2011,Fortune,2011,953,179,1798,,1
coll2011,Fortune,2011,954,179,1799,,1
coll2011,Fortune,2011,955,179,1800,,1
coll2011,Alberton,2011,956,178,567,,1
coll2011,Fortune,2011,957,179,1801,,1
coll2011,Fortune,2011,958,179,1802,,1
coll2011,Covehead,2011,960,177,1744,,1
coll2011,Fortune,2011,961,179,1804,,1
coll2011,Fortune,2011,963,179,1806,,1
coll2011,Fortune,2011,964,179,1807,,1
coll2011,Fortune,2011,965,179,1808,,1
coll2011,Alberton,2011,966,178,568,,1
coll2011,Fortune,2011,967,179,1809,,1
coll2011,Covehead,2011,968,177,1745,,1
coll2011,Fortune,2011,969,179,1810,,1
coll2011,Alberton,2011,970,178,569,,1
coll2011,Covehead,2011,971,177,1746,,1
coll2011,Alberton,2011,972,178,570,,1
coll2011,Alberton,2011,973,178,571,,1
coll2011,Alberton,2011,974,178,572,,1
coll2011,Alberton,2011,975,178,573,,1
coll2011,Alberton,2011,976,178,574,,1
coll2011,Alberton,2011,977,178,575,,1
coll2011,Alberton,2011,978,178,576,,1
coll2011,Alberton,2011,979,178,577,,1
coll2011,Alberton,2011,980,178,578,,1
coll2011,Alberton,2011,981,178,579,,1
coll2011,Alberton,2011,982,178,580,,1
coll2011,Alberton,2011,983,178,581,Lobster leg in sample size ~35mm,1
coll2011,Alberton,2011,984,178,582,,1
coll2011,Alberton,2011,985,178,583,,1
coll2011,Alberton,2011,986,178,584,Lobster leg in sample size ~ 45mm,1
coll2011,Alberton,2011,987,178,585,,1
coll2011,Alberton,2011,988,178,586,,1
coll2011,Alberton,2011,989,178,587,,1
coll2011,Alberton,2011,990,178,588,,1
coll2012,Nine Mile Creek,2012,2648,713,1021,,1
coll2012,Nine Mile Creek,2012,2649,713,1022,,1
coll2012,Nine Mile Creek,2012,2650,713,1023,,1
coll2012,Nine Mile Creek,2012,2651,713,1024,,1
coll2012,Nine Mile Creek,2012,2652,713,1025,,1
coll2012,Nine Mile Creek,2012,2653,713,1026,,1
coll2012,Nine Mile Creek,2012,2654,713,1027,,1
coll2012,Nine Mile Creek,2012,2655,713,1028,,1
coll2012,Nine Mile Creek,2012,2656,713,1029,,1
coll2012,Nine Mile Creek,2012,2658,713,1031,,1
coll2012,Nine Mile Creek,2012,2659,713,1032,,1
coll2012,Nine Mile Creek,2012,2660,713,1033,,1
coll2012,Nine Mile Creek,2012,2661,713,1034,,1
coll2012,Nine Mile Creek,2012,2662,713,1035,,1
coll2012,Nine Mile Creek,2012,2663,713,1036,,1
coll2012,Nine Mile Creek,2012,2664,713,1037,,1
coll2012,Nine Mile Creek,2012,2665,713,1038,,1
coll2012,Nine Mile Creek,2012,2666,713,1039,,1
coll2012,Nine Mile Creek,2012,2667,713,1040,,1
coll2012,Nine Mile Creek,2012,2668,713,1041,,1
coll2012,Nine Mile Creek,2012,2669,713,1042,,1
coll2012,Nine Mile Creek,2012,2670,713,1043,,1
coll2012,Nine Mile Creek,2012,2671,713,1044,,1
coll2012,Nine Mile Creek,2012,2672,713,1045,,1
coll2012,Nine Mile Creek,2012,2673,713,1046,,1
coll2012,Nine Mile Creek,2012,2674,713,1047,,1
coll2012,Nine Mile Creek,2012,2675,713,1048,,1
coll2012,Nine Mile Creek,2012,2676,713,1049,,1
coll2012,Nine Mile Creek,2012,2677,713,1050,,1
coll2012,Covehead,2012,2678,714,1051,,2
coll2012,Covehead,2012,2679,714,1052,,1
coll2012,Covehead,2012,2680,714,1053,,1
coll2012,Covehead,2012,2681,714,1054,,1
coll2012,Covehead,2012,2682,714,1055,,1
coll2012,Covehead,2012,2683,714,1056,,1
coll2012,Covehead,2012,2684,714,1057,,1
coll2012,Covehead,2012,2685,714,1058,,1
coll2012,Covehead,2012,2686,714,1059,,1
coll2012,Covehead,2012,2687,714,1060,,1
coll2012,Covehead,2012,2688,714,1061,,1
coll2012,Covehead,2012,2689,714,1062,,1
coll2012,Covehead,2012,2690,714,1063,,1
coll2012,Covehead,2012,2691,714,1064,,1
coll2012,Covehead,2012,2692,714,1065,,1
coll2012,Covehead,2012,2693,714,1066,,1
coll2012,Covehead,2012,2694,714,1067,,1
coll2012,Covehead,2012,2695,714,1068,,1
coll2012,Covehead,2012,2696,714,1069,,1
coll2012,Covehead,2012,2697,714,1070,,1
coll2012,Covehead,2012,2698,714,1071,,1
coll2012,Covehead,2012,2699,714,1072,,2
coll2012,Covehead,2012,2700,714,1073,,1
coll2012,Covehead,2012,2701,714,1074,,1
coll2012,Covehead,2012,2702,714,1075,,1
coll2012,Covehead,2012,2703,714,1076,,1
coll2012,Covehead,2012,2705,714,1078,,1
coll2012,Covehead,2012,2706,714,1079,,1
coll2012,Covehead,2012,2707,714,1080,,1
coll2012,Skinner's Pond,2012,2708,715,1081,,1
coll2012,Skinner's Pond,2012,2709,715,1082,,1
coll2012,Skinner's Pond,2012,2710,715,1083,,1
coll2012,Skinner's Pond,2012,2712,715,1085,,1
coll2012,Skinner's Pond,2012,2713,715,1086,,1
coll2012,Skinner's Pond,2012,2715,715,1088,,1
coll2012,Skinner's Pond,2012,2716,715,1089,,1
coll2012,Skinner's Pond,2012,2717,715,1090,,1
coll2012,Skinner's Pond,2012,2718,715,1091,,1
coll2012,Skinner's Pond,2012,2719,715,1092,,1
coll2012,Skinner's Pond,2012,2720,715,1093,,1
coll2012,Skinner's Pond,2012,2721,715,1094,,1
coll2012,Skinner's Pond,2012,2722,715,1095,,1
coll2012,Skinner's Pond,2012,2723,715,1096,,1
coll2012,Skinner's Pond,2012,2724,715,1097,,1
coll2012,Skinner's Pond,2012,2725,715,1098,,1
coll2012,Skinner's Pond,2012,2726,715,1099,,1
coll2012,Skinner's Pond,2012,2727,715,1100,,1
coll2012,Skinner's Pond,2012,2728,715,1101,,1
coll2012,Skinner's Pond,2012,2729,715,1102,,1
coll2012,Skinner's Pond,2012,2730,715,1103,,1
coll2012,Skinner's Pond,2012,2731,715,1104,,1
coll2012,Skinner's Pond,2012,2732,715,1105,,1
coll2012,Skinner's Pond,2012,2733,715,1106,,1
coll2012,Skinner's Pond,2012,2734,715,1107,,1
coll2012,Skinner's Pond,2012,2735,715,1108,,1
coll2012,Skinner's Pond,2012,2736,715,1109,,1
coll2012,Skinner's Pond,2012,2737,715,1110,,1
coll2012,Murray Harbour,2012,2738,716,1111,,3
coll2012,Murray Harbour,2012,2739,716,1112,,3
coll2012,Murray Harbour,2012,2740,716,1113,,1
coll2012,Murray Harbour,2012,2741,716,1114,,1
coll2012,Murray Harbour,2012,2742,716,1115,,1
coll2012,Murray Harbour,2012,2743,716,1116,Buried in sediment,3
coll2012,Murray Harbour,2012,2744,716,1117,Buried in sediment,3
coll2012,Murray Harbour,2012,2745,716,1118,,3
coll2012,Murray Harbour,2012,2746,716,1119,,3
coll2012,Murray Harbour,2012,2747,716,1120,,1
coll2012,Murray Harbour,2012,2748,716,1121,Buried in sediment,3
coll2012,Murray Harbour,2012,2749,716,1122,,3
coll2012,Murray Harbour,2012,2750,716,1123,,1
coll2012,Murray Harbour,2012,2751,716,1124,,3
coll2012,Murray Harbour,2012,2752,716,1125,,1
coll2012,Murray Harbour,2012,2753,716,1126,Buried in sediment,3
coll2012,Murray Harbour,2012,2754,716,1127,Buried in sediment,3
coll2012,Murray Harbour,2012,2755,716,1128,Buried in sediment,3
coll2012,Murray Harbour,2012,2756,716,1129,Buried in sediment,3
coll2012,Murray Harbour,2012,2757,716,1130,,3
coll2012,Murray Harbour,2012,2758,716,1131,,1
coll2012,Murray Harbour,2012,2759,716,1132,,3
coll2012,Murray Harbour,2012,2760,716,1133,,1
coll2012,Murray Harbour,2012,2761,716,1134,,1
coll2012,Murray Harbour,2012,2762,716,1135,,1
coll2012,Murray Harbour,2012,2763,716,1136,,3
coll2012,Murray Harbour,2012,2764,716,1137,,3
coll2012,Murray Harbour,2012,2765,716,1138,Buried in sediment,3
coll2012,Murray Harbour,2012,2766,716,1139,,3
coll2012,Murray Harbour,2012,2767,716,1140,,1
coll2012,Fortune,2012,2768,717,1141,,1
coll2012,Fortune,2012,2769,717,1142,,1
coll2012,Fortune,2012,2770,717,1143,,1
coll2012,Fortune,2012,2771,717,1144,,1
coll2012,Fortune,2012,2772,717,1145,,1
coll2012,Fortune,2012,2773,717,1146,,1
coll2012,Fortune,2012,2775,717,1148,,1
coll2012,Fortune,2012,2776,717,1149,,1
coll2012,Fortune,2012,2777,717,1150,,1
coll2012,Fortune,2012,2778,717,1151,,1
coll2012,Fortune,2012,2779,717,1152,,1
coll2012,Fortune,2012,2780,717,1153,,1
coll2012,Fortune,2012,2781,717,1154,,1
coll2012,Fortune,2012,2782,717,1155,,1
coll2012,Fortune,2012,2783,717,1156,,1
coll2012,Fortune,2012,2784,717,1157,,1
coll2012,Fortune,2012,2785,717,1158,,1
coll2012,Fortune,2012,2786,717,1159,,1
coll2012,Fortune,2012,2787,717,1160,,1
coll2012,Fortune,2012,2788,717,1161,,1
coll2012,Fortune,2012,2789,717,1162,,1
coll2012,Fortune,2012,2790,717,1163,,1
coll2012,Fortune,2012,2791,717,1164,,1
coll2012,Fortune,2012,2792,717,1165,,1
coll2012,Fortune,2012,2793,717,1166,,1
coll2012,Fortune,2012,2794,717,1167,,1
coll2012,Fortune,2012,2795,717,1168,,1
coll2012,Fortune,2012,2796,717,1169,,1
coll2012,Fortune,2012,2797,717,1170,,1
coll2012,Alberton,2012,2804,718,1171,,1
coll2012,Alberton,2012,2805,718,1172,,1
coll2012,Alberton,2012,2806,718,1173,,1
coll2012,Alberton,2012,2807,718,1174,,1
coll2012,Alberton,2012,2808,718,1175,,3
coll2012,Alberton,2012,2809,718,1176,,1
coll2012,Alberton,2012,2810,718,1177,,1
coll2012,Alberton,2012,2811,718,1178,,2
coll2012,Alberton,2012,2812,718,1179,,1
coll2012,Alberton,2012,2813,718,1180,,1
coll2012,Alberton,2012,2814,718,1181,,1
coll2012,Alberton,2012,2815,718,1182,,1
coll2012,Alberton,2012,2816,718,1183,,1
coll2012,Alberton,2012,2817,718,1184,,1
coll2012,Alberton,2012,2818,718,1185,,1
coll2012,Alberton,2012,2819,718,1186,,1
coll2012,Alberton,2012,2820,718,1187,,1
coll2012,Alberton,2012,2821,718,1188,,1
coll2012,Alberton,2012,2822,718,1189,,3
coll2012,Alberton,2012,2823,718,1190,,1
coll2012,Alberton,2012,2824,718,1191,,1
coll2012,Alberton,2012,2826,718,1193,,1
coll2012,Alberton,2012,2827,718,1194,,1
coll2012,Alberton,2012,2828,718,1195,,1
coll2012,Alberton,2012,2829,718,1196,,1
coll2012,Alberton,2012,2830,718,1197,,3
coll2012,Alberton,2012,2831,718,1198,,3
coll2012,Alberton,2012,2832,718,1199,,1
coll2012,Alberton,2012,2833,718,1200,,1
coll2012,Arisaig,2012,2834,719,1001,,1
coll2012,Arisaig,2012,2835,719,1002,,1
coll2012,Arisaig,2012,2836,719,1003,,1
coll2012,Arisaig,2012,2837,719,1004,,1
coll2012,Arisaig,2012,2838,719,1005,,1
coll2012,Arisaig,2012,2839,719,1006,,1
coll2012,Arisaig,2012,2840,719,1007,,1
coll2012,Arisaig,2012,2841,719,1008,,1
coll2012,Arisaig,2012,2842,719,1009,,1
coll2012,Arisaig,2012,2843,719,1010,,1
coll2012,Arisaig,2012,2844,719,1011,,1
coll2012,Arisaig,2012,2845,719,1012,,1
coll2012,Arisaig,2012,2846,719,1013,,1
coll2012,Arisaig,2012,2847,719,1014,,1
coll2012,Arisaig,2012,2848,719,1015,,1
coll2012,Arisaig,2012,2849,719,1016,,1
coll2012,Arisaig,2012,2850,719,1017,,1
coll2012,Arisaig,2012,2851,719,1018,,1
coll2012,Arisaig,2012,2852,719,1019,,1
coll2012,Arisaig,2012,2853,719,1020,,1
coll2012,Arisaig,2012,2854,719,1301,,1
coll2012,Arisaig,2012,2855,719,1302,,1
coll2012,Arisaig,2012,2856,719,1303,,1
coll2012,Arisaig,2012,2857,719,1304,,1
coll2012,Arisaig,2012,2858,719,1305,,1
coll2012,Arisaig,2012,2859,719,1306,,1
coll2012,Arisaig,2012,2860,719,1307,,1
coll2012,Arisaig,2012,2861,719,1308,,1
coll2012,Arisaig,2012,2862,719,1309,,1
coll2012,Arisaig,2012,2863,719,1310,,1
coll2013,Arisaig,2013,2866,720,0,,1
coll2013,Fortune,2013,2872,723,1006,,1
coll2013,Fortune,2013,2873,723,1007,,1
coll2013,Fortune,2013,2874,723,1008,,1
coll2013,Fortune,2013,2875,723,1009,,1
coll2013,Fortune,2013,2876,723,1010,,1
coll2013,Fortune,2013,2877,723,1012,,1
coll2013,Fortune,2013,2878,723,1013,,1
coll2013,Fortune,2013,2879,723,1014,,1
coll2013,Fortune,2013,2880,723,1015,,1
coll2013,Fortune,2013,2881,723,1016,considered as being upside down.,5
coll2013,Fortune,2013,2882,723,1017,,1
coll2013,Fortune,2013,2883,723,1018,not much gravel,1
coll2013,Fortune,2013,2884,723,1019,,1
coll2013,Fortune,2013,2885,723,1020,,1
coll2013,Fortune,2013,2886,723,1021,,1
coll2013,Fortune,2013,2887,723,1022,,1
coll2013,Fortune,2013,2888,723,1023,,1
coll2013,Fortune,2013,2889,723,1024,,1
coll2013,Fortune,2013,2890,723,1025,,1
coll2013,Fortune,2013,2891,723,1026,,1
coll2013,Fortune,2013,2892,723,1027,,1
coll2013,Fortune,2013,2893,723,1028,,1
coll2013,Fortune,2013,2894,723,1029,,1
coll2013,Fortune,2013,2895,723,1030,,1
coll2013,Fortune,2013,2896,723,1031,,1
coll2013,Fortune,2013,2897,723,1032,,1
coll2013,Fortune,2013,2898,723,1033,,1
coll2013,Fortune,2013,2899,723,1034,,1
coll2013,Fortune,2013,2900,723,1035,,1
coll2013,Murray Harbour,2013,2901,724,1036,,4
coll2013,Murray Harbour,2013,2902,724,1037,,4
coll2013,Murray Harbour,2013,2903,724,1038,,4
coll2013,Murray Harbour,2013,2904,724,1039,,4
coll2013,Murray Harbour,2013,2905,724,1040,,4
coll2013,Murray Harbour,2013,2906,724,1041,,4
coll2013,Murray Harbour,2013,2907,724,1042,,4
coll2013,Murray Harbour,2013,2908,724,1043,,4
coll2013,Murray Harbour,2013,2909,724,1044,,4
coll2013,Murray Harbour,2013,2910,724,1045,,4
coll2013,Murray Harbour,2013,2911,724,1046,,4
coll2013,Murray Harbour,2013,2912,724,1047,,4
coll2013,Murray Harbour,2013,2913,724,1048,,4
coll2013,Murray Harbour,2013,2914,724,1049,,4
coll2013,Murray Harbour,2013,2915,724,1050,,4
coll2013,Murray Harbour,2013,2916,724,1051,,4
coll2013,Murray Harbour,2013,2917,724,1052,,4
coll2013,Murray Harbour,2013,2918,724,1053,,4
coll2013,Murray Harbour,2013,2919,724,1054,,4
coll2013,Murray Harbour,2013,2920,724,1055,,4
coll2013,Murray Harbour,2013,2921,724,1057,,4
coll2013,Murray Harbour,2013,2922,724,1058,,4
coll2013,Murray Harbour,2013,2924,724,1059,,4
coll2013,Murray Harbour,2013,2925,724,1060,,4
coll2013,Murray Harbour,2013,2926,724,1062,,4
coll2013,Murray Harbour,2013,2927,724,1063,,4
coll2013,Murray Harbour,2013,2928,724,1064,,4
coll2013,Murray Harbour,2013,2929,724,1065,,4
coll2013,Skinner's Pond,2013,2930,726,960,,1
coll2013,Skinner's Pond,2013,2931,726,961,small gravel,1
coll2013,Skinner's Pond,2013,2932,726,963,,1
coll2013,Skinner's Pond,2013,2933,726,964,,1
coll2013,Skinner's Pond,2013,2934,726,965,,1
coll2013,Skinner's Pond,2013,2935,726,966,,1
coll2013,Skinner's Pond,2013,2936,726,967,,1
coll2013,Skinner's Pond,2013,2937,726,968,,1
coll2013,Skinner's Pond,2013,2938,726,969,,1
coll2013,Skinner's Pond,2013,2939,726,970,,1
coll2013,Skinner's Pond,2013,2940,726,971,,1
coll2013,Skinner's Pond,2013,2941,726,972,,1
coll2013,Skinner's Pond,2013,2942,726,973,,1
coll2013,Skinner's Pond,2013,2943,726,974,,1
coll2013,Skinner's Pond,2013,2944,726,975,,1
coll2013,Skinner's Pond,2013,2945,726,976,,1
coll2013,Skinner's Pond,2013,2946,726,977,,1
coll2013,Skinner's Pond,2013,2947,726,979,,1
coll2013,Skinner's Pond,2013,2948,726,980,,1
coll2013,Skinner's Pond,2013,2949,726,981,,1
coll2013,Skinner's Pond,2013,2950,726,982,,1
coll2013,Skinner's Pond,2013,2951,726,983,,1
coll2013,Skinner's Pond,2013,2952,726,984,,1
coll2013,Skinner's Pond,2013,2953,726,985,,1
coll2013,Skinner's Pond,2013,2954,726,986,,1
coll2013,Skinner's Pond,2013,2955,726,987,,1
coll2013,Skinner's Pond,2013,2956,726,989,,1
coll2013,Nine Mile Creek,2013,2957,721,931,,1
coll2013,Nine Mile Creek,2013,2958,721,930,,1
coll2013,Nine Mile Creek,2013,2959,721,933,,1
coll2013,Nine Mile Creek,2013,2960,721,935,,1
coll2013,Nine Mile Creek,2013,2961,721,936,,1
coll2013,Nine Mile Creek,2013,2962,721,937,,1
coll2013,Nine Mile Creek,2013,2963,721,938,,1
coll2013,Nine Mile Creek,2013,2964,721,939,,1
coll2013,Nine Mile Creek,2013,2965,721,940,,1
coll2013,Nine Mile Creek,2013,2966,721,941,,1
coll2013,Nine Mile Creek,2013,2967,721,942,,1
coll2013,Nine Mile Creek,2013,2968,721,943,,1
coll2013,Nine Mile Creek,2013,2969,721,944,,1
coll2013,Nine Mile Creek,2013,2970,721,945,,1
coll2013,Nine Mile Creek,2013,2971,721,947,,1
coll2013,Nine Mile Creek,2013,2972,721,948,,1
coll2013,Nine Mile Creek,2013,2973,721,949,,1
coll2013,Nine Mile Creek,2013,2974,721,950,,1
coll2013,Nine Mile Creek,2013,2975,721,951,,1
coll2013,Nine Mile Creek,2013,2976,721,953,,1
coll2013,Nine Mile Creek,2013,2977,721,954,,1
coll2013,Nine Mile Creek,2013,2978,721,955,,1
coll2013,Nine Mile Creek,2013,2979,721,956,,1
coll2013,Nine Mile Creek,2013,2980,721,957,,1
coll2013,Nine Mile Creek,2013,2981,721,958,,1
coll2013,Nine Mile Creek,2013,2982,721,959,,1
coll2013,Alberton,2013,2983,725,991,,1
coll2013,Alberton,2013,2984,725,992,,1
coll2013,Alberton,2013,2985,725,993,no gravel,1
coll2013,Alberton,2013,2986,725,994,no gravel,1
coll2013,Alberton,2013,2987,725,995,,1
coll2013,Alberton,2013,2988,725,996,,1
coll2013,Alberton,2013,2989,725,997,,1
coll2013,Alberton,2013,2990,725,998,,1
coll2013,Alberton,2013,2991,725,1000,,1
coll2013,Alberton,2013,2992,725,1066,full of sand,3
coll2013,Alberton,2013,2993,725,1067,full of sand,3
coll2013,Alberton,2013,2994,725,1068,packed with sand,3
coll2013,Alberton,2013,2995,725,1069,,1
coll2013,Alberton,2013,2996,725,1070,3/4 full of sand,3
coll2013,Alberton,2013,2997,725,1071,,1
coll2013,Alberton,2013,2998,725,1072,,1
coll2013,Alberton,2013,2999,725,1073,,1
coll2013,Alberton,2013,3000,725,1074,,1
coll2013,Alberton,2013,3001,725,1075,,1
coll2013,Alberton,2013,3002,725,1076,,1
coll2013,Alberton,2013,3003,725,1077,,1
coll2013,Alberton,2013,3004,725,1078,,1
coll2013,Alberton,2013,3005,725,1079,,1
coll2013,Alberton,2013,3006,725,1080,,1
coll2013,Alberton,2013,3007,725,1081,full of sand,3
coll2013,Alberton,2013,3008,725,1082,,1
coll2013,Alberton,2013,3009,725,1083,,1
coll2013,Alberton,2013,3010,725,1084,,1
coll2013,Alberton,2013,3011,725,1085,,1
coll2013,Covehead,2013,3012,722,901,no gravel / possibly upside down,1
coll2013,Covehead,2013,3013,722,902,,1
coll2013,Covehead,2013,3014,722,903,,1
coll2013,Covehead,2013,3015,722,904,,1
coll2013,Covehead,2013,3016,722,905,,1
coll2013,Covehead,2013,3017,722,906,,1
coll2013,Covehead,2013,3018,722,907,,1
coll2013,Covehead,2013,3019,722,908,5% gravel / possibly upside down,1
coll2013,Covehead,2013,3020,722,909,,1
coll2013,Covehead,2013,3021,722,910,,1
coll2013,Covehead,2013,3022,722,911,,1
coll2013,Covehead,2013,3023,722,912,,1
coll2013,Covehead,2013,3024,722,913,,1
coll2013,Covehead,2013,3025,722,914,,1
coll2013,Covehead,2013,3026,722,915,5% gravel / upside down,5
coll2013,Covehead,2013,3027,722,916,,1
coll2013,Covehead,2013,3028,722,917,,1
coll2013,Covehead,2013,3029,722,918,,1
coll2013,Covehead,2013,3030,722,919,,1
coll2013,Covehead,2013,3031,722,920,,1
coll2013,Covehead,2013,3032,722,921,,1
coll2013,Covehead,2013,3033,722,922,no gravel / upside down,5
coll2013,Covehead,2013,3034,722,923,,1
coll2013,Covehead,2013,3035,722,924,,1
coll2013,Covehead,2013,3036,722,925,,1
coll2013,Covehead,2013,3037,722,926,,1
coll2013,Covehead,2013,3038,722,927,,1
coll2013,Covehead,2013,3039,722,928,,1
coll2013,Covehead,2013,3040,722,929,25% gravel,1
coll2013,Arisaig,2013,3041,720,1,,1
coll2013,Arisaig,2013,3042,720,1100,,1
coll2013,Arisaig,2013,3043,720,1101,,1
coll2013,Arisaig,2013,3044,720,1102,,1
coll2013,Arisaig,2013,3045,720,1103,,1
coll2013,Arisaig,2013,3046,720,1104,,1
coll2013,Arisaig,2013,3047,720,1105,,1
coll2013,Arisaig,2013,3048,720,1106,,1
coll2013,Arisaig,2013,3049,720,1107,,1
coll2013,Arisaig,2013,3050,720,1108,,1
coll2013,Arisaig,2013,3051,720,1109,,1
coll2013,Arisaig,2013,3052,720,1110,,1
coll2013,Arisaig,2013,3053,720,1111,,1
coll2013,Arisaig,2013,3054,720,1112,,1
coll2013,Arisaig,2013,3055,720,1113,,1
coll2013,Arisaig,2013,3056,720,1114,,1
coll2013,Arisaig,2013,3057,720,1115,,1
coll2013,Arisaig,2013,3058,720,1086,,1
coll2013,Arisaig,2013,3059,720,1087,,1
coll2013,Arisaig,2013,3060,720,1088,,1
coll2013,Arisaig,2013,3061,720,1089,,1
coll2013,Arisaig,2013,3062,720,1090,,1
coll2013,Arisaig,2013,3063,720,1091,,1
coll2013,Arisaig,2013,3064,720,1092,,1
coll2013,Arisaig,2013,3065,720,1093,,1
coll2013,Arisaig,2013,3066,720,1094,,1
coll2013,Arisaig,2013,3067,720,1095,,1
coll2013,Arisaig,2013,3068,720,1096,,1
coll2013,Arisaig,2013,3069,720,1097,,1
coll2013,Arisaig,2013,3070,720,1098,,1
coll2013,Arisaig,2013,3071,720,1099,,1
coll2011,Arisaig,2011,3072,173,2026,empty,1
coll2011,Arisaig,2011,3073,173,2062,empty,1
coll2011,Arisaig,2011,3074,173,2036,empty,1
coll2011,Arisaig,2011,3075,173,2037,empty,1
coll2011,Arisaig,2011,3076,173,2049,empty,1
coll2011,Arisaig,2011,3077,173,2048,empty,1
coll2011,Arisaig,2011,3078,173,2054,empty,1
coll2011,Murray Harbour,2011,3079,176,1776,empty,1
coll2011,Murray Harbour,2011,3080,176,1766,,1
coll2013,Nine Mile Creek,2013,3081,721,952,empty of species,1
coll2013,Nine Mile Creek,2013,3082,721,946,empty of species,1
coll2013,Nine Mile Creek,2013,3083,721,934,empty of species,1
coll2013,Nine Mile Creek,2013,3084,721,932,empty of species,1
coll2014,Nine Mile Creek,2014,3100,733,921,,1
coll2014,Nine Mile Creek,2014,3101,733,922,,1
coll2014,Nine Mile Creek,2014,3102,733,923,,1
coll2014,Nine Mile Creek,2014,3103,733,924,,1
coll2014,Nine Mile Creek,2014,3104,733,925,,1
coll2014,Nine Mile Creek,2014,3105,733,931,,1
coll2014,Nine Mile Creek,2014,3106,733,932,,1
coll2014,Nine Mile Creek,2014,3107,733,933,,1
coll2014,Nine Mile Creek,2014,3108,733,934,,1
coll2014,Nine Mile Creek,2014,3109,733,936,,1
coll2014,Nine Mile Creek,2014,3110,733,937,,1
coll2014,Nine Mile Creek,2014,3111,733,938,,1
coll2014,Nine Mile Creek,2014,3112,733,939,,1
coll2014,Nine Mile Creek,2014,3113,733,940,,1
coll2014,Nine Mile Creek,2014,3114,733,941,,1
coll2014,Nine Mile Creek,2014,3115,733,942,,1
coll2014,Nine Mile Creek,2014,3116,733,943,,1
coll2014,Nine Mile Creek,2014,3117,733,944,,1
coll2014,Nine Mile Creek,2014,3118,733,945,,1
coll2014,Nine Mile Creek,2014,3119,733,946,,1
coll2014,Nine Mile Creek,2014,3120,733,947,,1
coll2014,Nine Mile Creek,2014,3121,733,948,,1
coll2014,Nine Mile Creek,2014,3122,733,949,,1
coll2014,Nine Mile Creek,2014,3123,733,950,,1
coll2014,Nine Mile Creek,2014,3124,733,951,,1
coll2014,Nine Mile Creek,2014,3125,733,952,,1
coll2014,Nine Mile Creek,2014,3126,733,953,,1
coll2014,Nine Mile Creek,2014,3127,733,954,,1
coll2014,Nine Mile Creek,2014,3128,733,955,,1
coll2014,Nine Mile Creek,2014,3129,733,965,,1
coll2014,Fortune,2014,3138,751,1028,,1
coll2014,Covehead,2014,3139,752,1080,,1
coll2014,Covehead,2014,3140,752,1070,,1
coll2014,Covehead,2014,3141,752,1079,,1
coll2014,Covehead,2014,3142,752,1069,upside down,5
coll2014,Covehead,2014,3143,752,1076,,1
coll2014,Covehead,2014,3144,752,1075,,1
coll2014,Covehead,2014,3145,752,1074,,1
coll2014,Covehead,2014,3146,752,1073,,1
coll2014,Covehead,2014,3147,752,1078,,1
coll2014,Covehead,2014,3148,752,1068,,1
coll2014,Covehead,2014,3149,752,1077,,1
coll2014,Covehead,2014,3150,752,1067,,1
coll2014,Covehead,2014,3151,752,992,,1
coll2014,Covehead,2014,3152,752,996,upside down,5
coll2014,Covehead,2014,3153,752,997,upside down,5
coll2014,Covehead,2014,3154,752,993,,1
coll2014,Covehead,2014,3155,752,1072,,1
coll2014,Covehead,2014,3156,752,1071,,1
coll2014,Covehead,2014,3157,752,986,upside down,5
coll2014,Covehead,2014,3158,752,991,,1
coll2014,Covehead,2014,3159,752,994,,1
coll2014,Covehead,2014,3160,752,995,,1
coll2014,Covehead,2014,3161,752,999,,1
coll2014,Covehead,2014,3162,752,1000,,1
coll2014,Covehead,2014,3163,752,990,,1
coll2014,Covehead,2014,3164,752,989,upside down,5
coll2014,Covehead,2014,3165,752,988,,1
coll2014,Covehead,2014,3166,752,987,,1
coll2014,Fortune,2014,3167,751,1003,,1
coll2014,Fortune,2014,3168,751,1002,,1
coll2014,Fortune,2014,3169,751,1001,,1
coll2014,Fortune,2014,3170,751,1026,,1
coll2014,Fortune,2014,3171,751,1000,,1
coll2014,Fortune,2014,3172,751,1015,,1
coll2014,Fortune,2014,3173,751,1009,,1
coll2014,Fortune,2014,3174,751,1020,,1
coll2014,Fortune,2014,3175,751,1005,,1
coll2014,Fortune,2014,3176,751,1008,,1
coll2014,Fortune,2014,3177,751,1011,,1
coll2014,Fortune,2014,3178,751,1018,,1
coll2014,Fortune,2014,3179,751,1024,,1
coll2014,Fortune,2014,3180,751,1019,,1
coll2014,Fortune,2014,3181,751,1017,,1
coll2014,Fortune,2014,3182,751,1025,,1
coll2014,Fortune,2014,3183,751,1007,,1
coll2014,Fortune,2014,3184,751,1006,,1
coll2014,Fortune,2014,3185,751,1013,,1
coll2014,Fortune,2014,3186,751,1010,,1
coll2014,Fortune,2014,3187,751,1014,,1
coll2014,Fortune,2014,3188,751,1012,,1
coll2014,Fortune,2014,3189,751,1004,,1
coll2014,Fortune,2014,3190,751,1016,,1
coll2014,Fortune,2014,3191,751,1027,,1
coll2014,Fortune,2014,3192,751,1021,,1
coll2014,Fortune,2014,3193,751,1023,,1
coll2014,Fortune,2014,3194,751,1022,,1
coll2014,Alberton,2014,3195,753,1051,full of sediment,3
coll2014,Alberton,2014,3196,753,1060,full of sediment,3
coll2014,Alberton,2014,3197,753,1063,,1
coll2014,Alberton,2014,3198,753,1058,full of sediment,3
coll2014,Alberton,2014,3199,753,1062,,1
coll2014,Alberton,2014,3200,753,1055,,3
coll2014,Alberton,2014,3201,753,1054,,1
coll2014,Alberton,2014,3202,753,1059,,1
coll2014,Alberton,2014,3203,753,1064,,1
coll2014,Alberton,2014,3204,753,1047,full of sediment,3
coll2014,Alberton,2014,3205,753,1052,3/4 full of sediment,3
coll2014,Alberton,2014,3206,753,1038,full of sediment / temperature probe (8m),3
coll2014,Alberton,2014,3207,753,1065,,1
coll2014,Alberton,2014,3208,753,1048,full of sediment,3
coll2014,Alberton,2014,3209,753,1050,,1
coll2014,Alberton,2014,3210,753,1049,full of sediment,3
coll2014,Alberton,2014,3211,753,1040,3/4 full of sediment,3
coll2014,Alberton,2014,3212,753,1036,full of sediment,3
coll2014,Alberton,2014,3213,753,1057,,1
coll2014,Alberton,2014,3214,753,1061,,1
coll2014,Alberton,2014,3215,753,1053,,1
coll2014,Alberton,2014,3216,753,1056,full of sediment,3
coll2014,Alberton,2014,3217,753,1043,,2
coll2014,Alberton,2014,3218,753,1046,full of sediment,3
coll2014,Alberton,2014,3219,753,1042,,2
coll2014,Alberton,2014,3220,753,1037,,2
coll2014,Alberton,2014,3221,753,1045,,1
coll2014,Alberton,2014,3227,753,1039,full of sediment,3
coll2014,Alberton,2014,3228,753,1044,,2
coll2014,Cape Egmont,2014,3229,754,951,,1
coll2014,Cape Egmont,2014,3230,754,949,,1
coll2014,Cape Egmont,2014,3231,754,950,,1
coll2014,Cape Egmont,2014,3232,754,946,,1
coll2014,Cape Egmont,2014,3233,754,974,,1
coll2014,Cape Egmont,2014,3234,754,973,,1
coll2014,Cape Egmont,2014,3235,754,948,,1
coll2014,Cape Egmont,2014,3236,754,947,,1
coll2014,Cape Egmont,2014,3237,754,965,,1
coll2014,Cape Egmont,2014,3238,754,953,,1
coll2014,Cape Egmont,2014,3239,754,959,,1
coll2014,Cape Egmont,2014,3240,754,957,,1
coll2014,Cape Egmont,2014,3241,754,964,,1
coll2014,Cape Egmont,2014,3242,754,952,,1
coll2014,Cape Egmont,2014,3243,754,958,,1
coll2014,Cape Egmont,2014,3244,754,956,,1
coll2014,Cape Egmont,2014,3245,754,955,,1
coll2014,Cape Egmont,2014,3246,754,945,,1
coll2014,Cape Egmont,2014,3247,754,963,,1
coll2014,Cape Egmont,2014,3248,754,961,,1
coll2014,Cape Egmont,2014,3249,754,954,,1
coll2014,Cape Egmont,2014,3250,754,972,,1
coll2014,Cape Egmont,2014,3251,754,962,,1
coll2014,Cape Egmont,2014,3252,754,960,,1
coll2014,Cape Egmont,2014,3253,754,971,,1
coll2014,Cape Egmont,2014,3254,754,969,,1
coll2014,Cape Egmont,2014,3255,754,967,,1
coll2014,Cape Egmont,2014,3256,754,970,,1
coll2014,Cape Egmont,2014,3257,754,968,,1
coll2014,Cape Egmont,2014,3258,754,966,,1
coll2014,Skinner's Pond,2014,3259,755,942,,1
coll2014,Skinner's Pond,2014,3260,755,943,,1
coll2014,Skinner's Pond,2014,3261,755,944,,1
coll2014,Skinner's Pond,2014,3262,755,941,,1
coll2014,Skinner's Pond,2014,3263,755,903,,1
coll2014,Skinner's Pond,2014,3264,755,904,,1
coll2014,Skinner's Pond,2014,3265,755,905,,1
coll2014,Skinner's Pond,2014,3266,755,940,,1
coll2014,Skinner's Pond,2014,3267,755,909,,1
coll2014,Skinner's Pond,2014,3268,755,910,,1
coll2014,Skinner's Pond,2014,3269,755,901,,1
coll2014,Skinner's Pond,2014,3270,755,902,,1
coll2014,Skinner's Pond,2014,3271,755,915,,1
coll2014,Skinner's Pond,2014,3272,755,906,,1
coll2014,Skinner's Pond,2014,3273,755,907,,1
coll2014,Skinner's Pond,2014,3274,755,908,,1
coll2014,Skinner's Pond,2014,3275,755,911,,1
coll2014,Skinner's Pond,2014,3276,755,917,,1
coll2014,Skinner's Pond,2014,3277,755,918,,1
coll2014,Skinner's Pond,2014,3278,755,919,,1
coll2014,Skinner's Pond,2014,3279,755,920,,1
coll2014,Skinner's Pond,2014,3280,755,926,,1
coll2014,Skinner's Pond,2014,3281,755,927,,1
coll2014,Skinner's Pond,2014,3282,755,928,,1
coll2014,Skinner's Pond,2014,3283,755,929,,1
coll2014,Skinner's Pond,2014,3284,755,930,,1
coll2014,Skinner's Pond,2014,3285,755,916,,1
coll2014,Skinner's Pond,2014,3286,755,912,,1
coll2014,Skinner's Pond,2014,3287,755,913,,1
coll2014,Skinner's Pond,2014,3288,755,914,,1
coll2014,Murray Harbour,2014,3289,756,969,no gravel; upside down,5
coll2014,Murray Harbour,2014,3290,756,968,,1
coll2014,Murray Harbour,2014,3291,756,967,,1
coll2014,Murray Harbour,2014,3292,756,966,,1
coll2014,Murray Harbour,2014,3293,756,971,,1
coll2014,Murray Harbour,2014,3294,756,972,,1
coll2014,Murray Harbour,2014,3295,756,973,,1
coll2014,Murray Harbour,2014,3296,756,974,,1
coll2014,Murray Harbour,2014,3297,756,975,,1
coll2014,Murray Harbour,2014,3298,756,970,,1
coll2014,Murray Harbour,2014,3299,756,961,,1
coll2014,Murray Harbour,2014,3300,756,962,,1
coll2014,Murray Harbour,2014,3301,756,963,,1
coll2014,Murray Harbour,2014,3302,756,964,,1
coll2014,Murray Harbour,2014,3303,756,965,,1
coll2014,Murray Harbour,2014,3304,756,959,,1
coll2014,Murray Harbour,2014,3305,756,958,,1
coll2014,Murray Harbour,2014,3306,756,957,,1
coll2014,Murray Harbour,2014,3307,756,956,,1
coll2014,Murray Harbour,2014,3308,756,976,,1
coll2014,Murray Harbour,2014,3309,756,977,,1
coll2014,Murray Harbour,2014,3310,756,978,,1
coll2014,Murray Harbour,2014,3311,756,979,,1
coll2014,Murray Harbour,2014,3312,756,960,,1
coll2014,Murray Harbour,2014,3313,756,980,,1
coll2014,Murray Harbour,2014,3314,756,985,,1
coll2014,Murray Harbour,2014,3315,756,984,,2
coll2014,Murray Harbour,2014,3316,756,983,,1
coll2014,Murray Harbour,2014,3317,756,982,,1
coll2014,Murray Harbour,2014,3318,756,981,,1
coll2015,Fortune,2015,3319,757,621,,1
coll2015,Fortune,2015,3320,757,625,,1
coll2015,Fortune,2015,3321,757,632,,1
coll2015,Fortune,2015,3322,757,633,,1
coll2015,Fortune,2015,3323,757,634,,1
coll2015,Fortune,2015,3324,757,635,,1
coll2015,Fortune,2015,3325,757,630,,1
coll2015,Fortune,2015,3326,757,636,,1
coll2015,Fortune,2015,3327,757,639,,1
coll2015,Fortune,2015,3328,757,643,,1
coll2015,Fortune,2015,3329,757,627,,1
coll2015,Fortune,2015,3330,757,644,,1
coll2015,Fortune,2015,3331,757,645,,1
coll2015,Fortune,2015,3332,757,646,,1
coll2015,Fortune,2015,3333,757,647,,1
coll2015,Fortune,2015,3334,757,628,,1
coll2015,Fortune,2015,3335,757,648,,1
coll2015,Fortune,2015,3336,757,649,,1
coll2015,Fortune,2015,3337,757,650,,1
coll2015,Fortune,2015,3338,757,629,,1
coll2015,Fortune,2015,3344,757,641,,1
coll2015,Fortune,2015,3345,757,642,,1
coll2015,Fortune,2015,3346,757,624,,1
coll2015,Fortune,2015,3347,757,631,,1
coll2015,Fortune,2015,3348,757,623,,1
coll2015,Fortune,2015,3349,757,622,,1
coll2015,Fortune,2015,3350,757,640,,1
coll2015,Fortune,2015,3351,757,637,,1
coll2015,Fortune,2015,3352,757,638,,1
coll2015,Fortune,2015,3353,757,626,,1
coll2015,Covehead,2015,3354,758,788,,1
coll2015,Covehead,2015,3355,758,794,5% gravel,1
coll2015,Covehead,2015,3356,758,790,,1
coll2015,Covehead,2015,3357,758,781,,1
coll2015,Covehead,2015,3358,758,783,,1
coll2015,Covehead,2015,3359,758,784,,1
coll2015,Covehead,2015,3360,758,785,,1
coll2015,Covehead,2015,3361,758,776,,1
coll2015,Covehead,2015,3362,758,777,25% gravel,1
coll2015,Covehead,2015,3363,758,778,,1
coll2015,Covehead,2015,3364,758,779,no gravel,1
coll2015,Covehead,2015,3365,758,780,,1
coll2015,Covehead,2015,3366,758,793,3% gravel,1
coll2015,Covehead,2015,3367,758,789,,1
coll2015,Covehead,2015,3368,758,786,,1
coll2015,Covehead,2015,3369,758,800,,1
coll2015,Covehead,2015,3370,758,796,,1
coll2015,Covehead,2015,3371,758,795,,1
coll2015,Covehead,2015,3372,758,802,no gravel,1
coll2015,Covehead,2015,3373,758,798,,1
coll2015,Covehead,2015,3374,758,791,upside down,5
coll2015,Covehead,2015,3375,758,799,,1
coll2015,Covehead,2015,3376,758,792,upside down,5
coll2015,Covehead,2015,3377,758,787,,1
coll2015,Covehead,2015,3378,758,803,upside down,5
coll2015,Covehead,2015,3379,758,804,,1
coll2015,Covehead,2015,3380,758,805,,1
coll2015,Murray Harbour,2015,3381,759,660,,2
coll2015,Murray Harbour,2015,3382,759,659,full of sediment,3
coll2015,Murray Harbour,2015,3383,759,664,,1
coll2015,Murray Harbour,2015,3384,759,665,,2
coll2015,Murray Harbour,2015,3385,759,658,,2
coll2015,Murray Harbour,2015,3386,759,657,9 periwinkles,1
coll2015,Murray Harbour,2015,3387,759,666,lost 1 crab,1
coll2015,Murray Harbour,2015,3388,759,656,7 periwinkles,1
coll2015,Murray Harbour,2015,3389,759,661,,1
coll2015,Murray Harbour,2015,3390,759,662,,1
coll2015,Murray Harbour,2015,3391,759,663,1 periwinkle,1
coll2015,Murray Harbour,2015,3392,759,667,,1
coll2015,Murray Harbour,2015,3393,759,668,,1
coll2015,Murray Harbour,2015,3394,759,669,upside down / missing lots of gravel,5
coll2015,Murray Harbour,2015,3395,759,670,,1
coll2015,Murray Harbour,2015,3396,759,671,,1
coll2015,Murray Harbour,2015,3397,759,672,,1
coll2015,Murray Harbour,2015,3398,759,673,,1
coll2015,Murray Harbour,2015,3399,759,674,,1
coll2015,Murray Harbour,2015,3400,759,675,,1
coll2015,Murray Harbour,2015,3401,759,676,,1
coll2015,Murray Harbour,2015,3402,759,677,,1
coll2015,Murray Harbour,2015,3403,759,678,,1
coll2015,Murray Harbour,2015,3404,759,679,,1
coll2015,Murray Harbour,2015,3405,759,680,,1
coll2015,Murray Harbour,2015,3406,759,685,,1
coll2015,Murray Harbour,2015,3407,759,683,,1
coll2015,Murray Harbour,2015,3408,759,682,,1
coll2015,Nine Mile Creek,2015,3409,760,762,2% gravel,1
coll2015,Nine Mile Creek,2015,3410,760,761,,1
coll2015,Nine Mile Creek,2015,3411,760,767,"damage, will not use data",4
coll2015,Nine Mile Creek,2015,3412,760,763,,1
coll2015,Nine Mile Creek,2015,3413,760,760,,1
coll2015,Nine Mile Creek,2015,3414,760,755,,1
coll2015,Nine Mile Creek,2015,3415,760,764,,1
coll2015,Nine Mile Creek,2015,3416,760,759,,1
coll2015,Nine Mile Creek,2015,3417,760,754,,1
coll2015,Nine Mile Creek,2015,3418,760,775,,1
coll2015,Nine Mile Creek,2015,3419,760,770,,1
coll2015,Nine Mile Creek,2015,3420,760,772,,1
coll2015,Nine Mile Creek,2015,3421,760,758,,1
coll2015,Nine Mile Creek,2015,3422,760,747,,1
coll2015,Nine Mile Creek,2015,3423,760,757,,1
coll2015,Nine Mile Creek,2015,3424,760,752,,1
coll2015,Nine Mile Creek,2015,3425,760,746,,1
coll2015,Nine Mile Creek,2015,3426,760,748,,1
coll2015,Nine Mile Creek,2015,3427,760,774,20% gravel,1
coll2015,Nine Mile Creek,2015,3428,760,751,,1
coll2015,Nine Mile Creek,2015,3429,760,768,,1
coll2015,Nine Mile Creek,2015,3430,760,773,,1
coll2015,Nine Mile Creek,2015,3431,760,769,,1
coll2015,Nine Mile Creek,2015,3432,760,765,50% gravel,1
coll2015,Nine Mile Creek,2015,3433,760,750,10% gravel,1
coll2015,Nine Mile Creek,2015,3434,760,756,,1
coll2015,Nine Mile Creek,2015,3435,760,766,,1
coll2015,Nine Mile Creek,2015,3436,760,771,,1
coll2015,Nine Mile Creek,2015,3437,760,749,,1
coll2015,Alberton,2015,3438,761,701,full of sediment,3
coll2015,Alberton,2015,3439,761,688,full of sediment,3
coll2015,Alberton,2015,3440,761,690,,1
coll2015,Alberton,2015,3441,761,693,,1
coll2015,Alberton,2015,3442,761,686,,1
coll2015,Alberton,2015,3443,761,694,,1
coll2015,Alberton,2015,3444,761,698,,1
coll2015,Alberton,2015,3445,761,699,,1
coll2015,Alberton,2015,3446,761,696,,3
coll2015,Alberton,2015,3447,761,695,,1
coll2015,Alberton,2015,3448,761,700,,2
coll2015,Alberton,2015,3449,761,707,,1
coll2015,Alberton,2015,3450,761,689,,3
coll2015,Alberton,2015,3451,761,697,,3
coll2015,Alberton,2015,3452,761,708,,1
coll2015,Alberton,2015,3453,761,702,,3
coll2015,Alberton,2015,3454,761,703,,3
coll2015,Alberton,2015,3455,761,709,,2
coll2015,Alberton,2015,3456,761,715,,3
coll2015,Alberton,2015,3457,761,714,,2
coll2015,Alberton,2015,3458,761,713,,3
coll2015,Alberton,2015,3459,761,712,,1
coll2015,Alberton,2015,3460,761,706,,1
coll2015,Alberton,2015,3461,761,705,,1
coll2015,Alberton,2015,3462,761,692,,1
coll2015,Alberton,2015,3463,761,691,,1
coll2015,Alberton,2015,3464,761,704,,1
coll2015,Alberton,2015,3465,761,710,,1
coll2015,Skinner's Pond,2015,3466,762,722,,1
coll2015,Skinner's Pond,2015,3467,762,717,,1
coll2015,Skinner's Pond,2015,3468,762,723,,1
coll2015,Skinner's Pond,2015,3469,762,742,,1
coll2015,Skinner's Pond,2015,3470,762,729,,1
coll2015,Skinner's Pond,2015,3471,762,724,,1
coll2015,Skinner's Pond,2015,3472,762,738,,1
coll2015,Skinner's Pond,2015,3473,762,739,,1
coll2015,Skinner's Pond,2015,3474,762,719,,1
coll2015,Skinner's Pond,2015,3475,762,728,,1
coll2015,Skinner's Pond,2015,3476,762,743,,1
coll2015,Skinner's Pond,2015,3477,762,734,,1
coll2015,Skinner's Pond,2015,3478,762,733,,1
coll2015,Skinner's Pond,2015,3479,762,737,,1
coll2015,Skinner's Pond,2015,3480,762,718,,1
coll2015,Skinner's Pond,2015,3481,762,727,,1
coll2015,Skinner's Pond,2015,3482,762,744,,1
coll2015,Skinner's Pond,2015,3483,762,726,,1
coll2015,Skinner's Pond,2015,3484,762,731,,1
coll2015,Skinner's Pond,2015,3485,762,732,,1
coll2015,Skinner's Pond,2015,3486,762,736,,1
coll2015,Skinner's Pond,2015,3487,762,720,,1
coll2015,Skinner's Pond,2015,3488,762,725,,1
coll2015,Skinner's Pond,2015,3489,762,745,,1
coll2015,Skinner's Pond,2015,3490,762,740,,1
coll2015,Skinner's Pond,2015,3491,762,716,,1
coll2015,Skinner's Pond,2015,3492,762,741,,1
coll2015,Skinner's Pond,2015,3493,762,730,,1
coll2015,Skinner's Pond,2015,3494,762,735,,1
coll2015,Skinner's Pond,2015,3495,762,721,,1
coll2015,Cape Egmont,2015,3496,763,816,,1
coll2015,Cape Egmont,2015,3497,763,821,,1
coll2015,Cape Egmont,2015,3498,763,817,,1
coll2015,Cape Egmont,2015,3499,763,826,,1
coll2015,Cape Egmont,2015,3500,763,818,,1
coll2015,Cape Egmont,2015,3501,763,822,,1
coll2015,Cape Egmont,2015,3502,763,836,,1
coll2015,Cape Egmont,2015,3503,763,838,,1
coll2015,Cape Egmont,2015,3504,763,823,,1
coll2015,Cape Egmont,2015,3505,763,827,,1
coll2015,Cape Egmont,2015,3506,763,806,,1
coll2015,Cape Egmont,2015,3507,763,811,,1
coll2015,Cape Egmont,2015,3508,763,807,,1
coll2015,Cape Egmont,2015,3509,763,812,,1
coll2015,Cape Egmont,2015,3510,763,809,,1
coll2015,Cape Egmont,2015,3511,763,828,,1
coll2015,Cape Egmont,2015,3512,763,837,,1
coll2015,Cape Egmont,2015,3513,763,820,,1
coll2015,Cape Egmont,2015,3514,763,839,,1
coll2015,Cape Egmont,2015,3515,763,813,,1
coll2015,Cape Egmont,2015,3516,763,825,,1
coll2015,Cape Egmont,2015,3517,763,808,,1
coll2015,Cape Egmont,2015,3518,763,830,,1
coll2015,Cape Egmont,2015,3519,763,810,,1
coll2015,Cape Egmont,2015,3520,763,840,,1
coll2015,Cape Egmont,2015,3521,763,824,,1
coll2015,Cape Egmont,2015,3522,763,815,,1
coll2015,Cape Egmont,2015,3523,763,819,,1
coll2015,Cape Egmont,2015,3524,763,829,,1
coll2015,Cape Egmont,2015,3525,763,814,,1
coll2016,Fortune,2016,3526,764,626,,1
coll2016,Fortune,2016,3527,764,628,,1
coll2016,Fortune,2016,3528,764,604,,1
coll2016,Fortune,2016,3529,764,612,,1
coll2016,Fortune,2016,3530,764,619,,1
coll2016,Fortune,2016,3531,764,613,,1
coll2016,Fortune,2016,3532,764,606,,1
coll2016,Fortune,2016,3533,764,614,,1
coll2016,Fortune,2016,3534,764,627,,1
coll2016,Fortune,2016,3535,764,617,,1
coll2016,Fortune,2016,3536,764,603,,1
coll2016,Fortune,2016,3537,764,620,,1
coll2016,Fortune,2016,3538,764,622,,1
coll2016,Fortune,2016,3539,764,621,,1
coll2016,Fortune,2016,3540,764,609,,1
coll2016,Fortune,2016,3541,764,607,,1
coll2016,Fortune,2016,3542,764,630,,1
coll2016,Fortune,2016,3543,764,615,,1
coll2016,Fortune,2016,3544,764,602,,1
coll2016,Fortune,2016,3545,764,605,,1
coll2016,Fortune,2016,3546,764,608,,1
coll2016,Fortune,2016,3547,764,610,,1
coll2016,Fortune,2016,3548,764,611,,1
coll2016,Fortune,2016,3549,764,616,,1
coll2016,Fortune,2016,3550,764,618,,1
coll2016,Fortune,2016,3551,764,629,,1
coll2016,Fortune,2016,3552,764,623,,1
coll2016,Fortune,2016,3553,764,624,,1
coll2016,Fortune,2016,3554,764,625,,1
coll2016,Fortune,2016,3557,764,601,,1
coll2016,Nine Mile Creek,2016,3561,768,873,,1
coll2016,Nine Mile Creek,2016,3562,768,889,,1
coll2016,Nine Mile Creek,2016,3563,768,880,,1
coll2016,Nine Mile Creek,2016,3564,768,875,,1
coll2016,Nine Mile Creek,2016,3565,768,893,,1
coll2016,Nine Mile Creek,2016,3566,768,896,,1
coll2016,Nine Mile Creek,2016,3567,768,891,,1
coll2016,Nine Mile Creek,2016,3568,768,894,,1
coll2016,Nine Mile Creek,2016,3569,768,892,,1
coll2016,Nine Mile Creek,2016,3570,768,881,,1
coll2016,Nine Mile Creek,2016,3571,768,888,,1
coll2016,Nine Mile Creek,2016,3572,768,871,,1
coll2016,Nine Mile Creek,2016,3573,768,884,,1
coll2016,Nine Mile Creek,2016,3574,768,874,,1
coll2016,Nine Mile Creek,2016,3575,768,877,,1
coll2016,Nine Mile Creek,2016,3576,768,872,,1
coll2016,Nine Mile Creek,2016,3577,768,897,,1
coll2016,Nine Mile Creek,2016,3578,768,900,,1
coll2016,Nine Mile Creek,2016,3579,768,899,,1
coll2016,Nine Mile Creek,2016,3580,768,898,,1
coll2016,Nine Mile Creek,2016,3581,768,878,,1
coll2016,Nine Mile Creek,2016,3582,768,876,,1
coll2016,Nine Mile Creek,2016,3583,768,882,,1
coll2016,Nine Mile Creek,2016,3584,768,879,,1
coll2016,Nine Mile Creek,2016,3585,768,886,,1
coll2016,Nine Mile Creek,2016,3586,768,887,,1
coll2016,Nine Mile Creek,2016,3587,768,890,,1
coll2016,Nine Mile Creek,2016,3588,768,895,,1
coll2016,Nine Mile Creek,2016,3589,768,883,,1
coll2016,Murray Harbour,2016,3590,767,681,,1
coll2016,Murray Harbour,2016,3591,767,668,,1
coll2016,Murray Harbour,2016,3592,767,675,,1
coll2016,Murray Harbour,2016,3593,767,839,,1
coll2016,Murray Harbour,2016,3594,767,837,,1
coll2016,Murray Harbour,2016,3595,767,838,,1
coll2016,Murray Harbour,2016,3596,767,686,,1
coll2016,Murray Harbour,2016,3597,767,683,,1
coll2016,Murray Harbour,2016,3598,767,684,,1
coll2016,Murray Harbour,2016,3599,767,666,,1
coll2016,Murray Harbour,2016,3600,767,669,,1
coll2016,Murray Harbour,2016,3601,767,840,,1
coll2016,Murray Harbour,2016,3602,767,690,,1
coll2016,Murray Harbour,2016,3603,767,676,,1
coll2016,Murray Harbour,2016,3604,767,673,,1
coll2016,Murray Harbour,2016,3605,767,680,,1
coll2016,Murray Harbour,2016,3606,767,678,,1
coll2016,Murray Harbour,2016,3607,767,682,,1
coll2016,Murray Harbour,2016,3608,767,685,,1
coll2016,Murray Harbour,2016,3609,767,687,,1
coll2016,Murray Harbour,2016,3610,767,671,,1
coll2016,Murray Harbour,2016,3611,767,670,,1
coll2016,Murray Harbour,2016,3612,767,689,,1
coll2016,Murray Harbour,2016,3613,767,688,,1
coll2016,Murray Harbour,2016,3614,767,836,,1
coll2016,Murray Harbour,2016,3615,767,677,,1
coll2016,Murray Harbour,2016,3616,767,672,,1
coll2016,Murray Harbour,2016,3617,767,667,,1
coll2016,Murray Harbour,2016,3618,767,674,,1
coll2016,Covehead,2016,3619,765,741,,1
coll2016,Covehead,2016,3620,765,735,,1
coll2016,Covehead,2016,3621,765,748,,5
coll2016,Covehead,2016,3622,765,733,,5
coll2016,Covehead,2016,3623,765,739,,1
coll2016,Covehead,2016,3624,765,745,,1
coll2016,Covehead,2016,3625,765,743,,1
coll2016,Covehead,2016,3626,765,759,,5
coll2016,Covehead,2016,3627,765,758,,1
coll2016,Covehead,2016,3628,765,731,,1
coll2016,Covehead,2016,3629,765,752,,1
coll2016,Covehead,2016,3630,765,749,,1
coll2016,Covehead,2016,3631,765,742,,1
coll2016,Covehead,2016,3632,765,744,,1
coll2016,Covehead,2016,3633,765,751,,1
coll2016,Covehead,2016,3634,765,753,,5
coll2016,Covehead,2016,3635,765,746,,1
coll2016,Covehead,2016,3636,765,754,,5
coll2016,Covehead,2016,3637,765,736,,5
coll2016,Covehead,2016,3638,765,732,,1
coll2016,Covehead,2016,3639,765,738,,1
coll2016,Covehead,2016,3640,765,756,,1
coll2016,Covehead,2016,3641,765,757,,5
coll2016,Covehead,2016,3642,765,737,,5
coll2016,Covehead,2016,3643,765,740,,1
coll2016,Covehead,2016,3644,765,734,,5
coll2016,Cape Egmont,2016,3645,770,654,,1
coll2016,Cape Egmont,2016,3646,770,648,,1
coll2016,Cape Egmont,2016,3647,770,638,,1
coll2016,Cape Egmont,2016,3648,770,658,,1
coll2016,Cape Egmont,2016,3649,770,659,,1
coll2016,Cape Egmont,2016,3650,770,653,,1
coll2016,Cape Egmont,2016,3651,770,663,,1
coll2016,Cape Egmont,2016,3652,770,639,,1
coll2016,Cape Egmont,2016,3653,770,665,,1
coll2016,Cape Egmont,2016,3654,770,652,,1
coll2016,Cape Egmont,2016,3655,770,643,,1
coll2016,Cape Egmont,2016,3656,770,662,,1
coll2016,Cape Egmont,2016,3657,770,664,,1
coll2016,Cape Egmont,2016,3658,770,637,,1
coll2016,Cape Egmont,2016,3659,770,645,,1
coll2016,Cape Egmont,2016,3660,770,636,,1
coll2016,Cape Egmont,2016,3661,770,640,,1
coll2016,Cape Egmont,2016,3662,770,649,,1
coll2016,Cape Egmont,2016,3663,770,661,,1
coll2016,Cape Egmont,2016,3664,770,642,,1
coll2016,Cape Egmont,2016,3665,770,655,,1
coll2016,Cape Egmont,2016,3666,770,656,,1
coll2016,Cape Egmont,2016,3667,770,641,,1
coll2016,Cape Egmont,2016,3668,770,660,,1
coll2016,Cape Egmont,2016,3669,770,657,,1
coll2016,Nine Mile Creek,2016,3671,768,885,,1
coll2016,Cape Egmont,2016,3672,770,644,,1
coll2016,Cape Egmont,2016,3673,770,651,,1
coll2016,Cape Egmont,2016,3674,770,647,,1
coll2016,Cape Egmont,2016,3675,770,646,,1
coll2016,Cape Egmont,2016,3676,770,650,,1
coll2016,Alberton,2016,3677,766,701,,1
coll2016,Alberton,2016,3678,766,712,,1
coll2016,Alberton,2016,3679,766,705,,1
coll2016,Alberton,2016,3680,766,707,,1
coll2016,Skinner's Pond,2016,3681,769,845,,1
coll2016,Skinner's Pond,2016,3682,769,846,,1
coll2016,Skinner's Pond,2016,3683,769,848,,1
coll2016,Skinner's Pond,2016,3684,769,852,,1
coll2016,Skinner's Pond,2016,3685,769,856,,1
coll2016,Skinner's Pond,2016,3686,769,853,,1
coll2016,Skinner's Pond,2016,3687,769,855,,1
coll2016,Skinner's Pond,2016,3688,769,844,5% of gravel,1
coll2016,Skinner's Pond,2016,3689,769,847,,1
coll2016,Alberton,2016,3690,766,702,,1
coll2016,Alberton,2016,3691,766,714,,1
coll2016,Alberton,2016,3692,766,730,,1
coll2016,Alberton,2016,3693,766,713,,1
coll2016,Alberton,2016,3694,766,703,,1
coll2016,Alberton,2016,3695,766,719,,1
coll2016,Skinner's Pond,2016,3696,769,849,,1
coll2016,Skinner's Pond,2016,3697,769,850,,1
coll2016,Skinner's Pond,2016,3698,769,842,,1
coll2016,Skinner's Pond,2016,3699,769,870,,1
coll2016,Skinner's Pond,2016,3700,769,843,,1
coll2016,Skinner's Pond,2016,3701,769,867,,1
coll2016,Skinner's Pond,2016,3702,769,854,,1
coll2016,Skinner's Pond,2016,3703,769,860,,1
coll2016,Skinner's Pond,2016,3704,769,864,,1
coll2016,Skinner's Pond,2016,3705,769,865,,1
coll2017,Fortune,2017,3706,771,664,,1
coll2017,Cape Egmont,2017,3707,777,789,,1
coll2017,Skinner's Pond,2017,3708,776,604,,1
coll2017,Skinner's Pond,2017,3709,776,605,,1
coll2017,Skinner's Pond,2017,3710,776,606,,1
coll2017,Skinner's Pond,2017,3711,776,607,,1
coll2017,Skinner's Pond,2017,3712,776,608,,1
coll2017,Skinner's Pond,2017,3713,776,609,,1
coll2017,Skinner's Pond,2017,3714,776,610,,1
coll2017,Skinner's Pond,2017,3715,776,611,,1
coll2017,Skinner's Pond,2017,3716,776,612,,1
coll2017,Skinner's Pond,2017,3717,776,613,,1
coll2017,Skinner's Pond,2017,3718,776,614,,1
coll2017,Cape Egmont,2017,3719,777,790,,1
coll2017,Skinner's Pond,2017,3720,776,615,,1
coll2017,Skinner's Pond,2017,3721,776,616,,1
coll2017,Skinner's Pond,2017,3722,776,617,,1
coll2017,Skinner's Pond,2017,3723,776,618,,1
coll2017,Skinner's Pond,2017,3724,776,619,,1
coll2017,Skinner's Pond,2017,3725,776,620,,1
coll2017,Skinner's Pond,2017,3726,776,621,,1
coll2017,Skinner's Pond,2017,3727,776,622,,1
coll2017,Skinner's Pond,2017,3728,776,623,,1
coll2017,Skinner's Pond,2017,3729,776,624,,1
coll2017,Skinner's Pond,2017,3730,776,625,,1
coll2017,Skinner's Pond,2017,3731,776,626,,1
coll2017,Skinner's Pond,2017,3732,776,627,,1
coll2017,Skinner's Pond,2017,3733,776,628,,1
coll2017,Skinner's Pond,2017,3734,776,629,,1
coll2017,Skinner's Pond,2017,3735,776,630,,1
coll2017,Cape Egmont,2017,3736,777,791,,1
coll2017,Skinner's Pond,2017,3737,776,631,,1
coll2017,Skinner's Pond,2017,3738,776,632,,1
coll2017,Skinner's Pond,2017,3739,776,633,,1
coll2017,Fortune,2017,3740,771,665,,1
coll2017,Fortune,2017,3741,771,666,,1
coll2017,Fortune,2017,3742,771,667,,1
coll2017,Fortune,2017,3743,771,668,,1
coll2017,Fortune,2017,3744,771,669,,1
coll2017,Fortune,2017,3745,771,670,,1
coll2017,Fortune,2017,3746,771,671,,1
coll2017,Fortune,2017,3747,771,672,,1
coll2017,Fortune,2017,3748,771,673,,1
coll2017,Cape Egmont,2017,3749,777,792,,1
coll2017,Fortune,2017,3750,771,674,,1
coll2017,Fortune,2017,3751,771,675,,1
coll2017,Fortune,2017,3752,771,676,,1
coll2017,Fortune,2017,3753,771,677,,1
coll2017,Fortune,2017,3754,771,678,,1
coll2017,Fortune,2017,3755,771,679,,1
coll2017,Fortune,2017,3756,771,680,,1
coll2017,Fortune,2017,3757,771,681,,1
coll2017,Fortune,2017,3758,771,682,,1
coll2017,Fortune,2017,3759,771,683,,1
coll2017,Fortune,2017,3760,771,684,,1
coll2017,Fortune,2017,3761,771,685,,1
coll2017,Cape Egmont,2017,3762,777,793,,1
coll2017,Fortune,2017,3763,771,686,,1
coll2017,Fortune,2017,3764,771,687,,1
coll2017,Fortune,2017,3765,771,688,,1
coll2017,Fortune,2017,3766,771,689,,1
coll2017,Fortune,2017,3767,771,690,,1
coll2017,Fortune,2017,3768,771,691,,1
coll2017,Fortune,2017,3769,771,692,,1
coll2017,Fortune,2017,3770,771,693,,1
coll2017,Fortune,2017,3771,771,695,,1
coll2017,Fortune,2017,3772,771,696,,1
coll2017,Fortune,2017,3773,771,697,,1
coll2017,Fortune,2017,3774,771,698,,1
coll2017,Nine Mile Creek,2017,3775,774,729,,1
coll2017,Nine Mile Creek,2017,3776,774,730,,1
coll2017,Nine Mile Creek,2017,3777,774,731,,1
coll2017,Nine Mile Creek,2017,3778,774,732,,1
coll2017,Nine Mile Creek,2017,3779,774,733,,1
coll2017,Nine Mile Creek,2017,3780,774,734,,1
coll2017,Nine Mile Creek,2017,3781,774,735,,1
coll2017,Nine Mile Creek,2017,3782,774,736,,1
coll2017,Cape Egmont,2017,3783,777,794,,1
coll2017,Nine Mile Creek,2017,3784,774,737,,1
coll2017,Nine Mile Creek,2017,3785,774,738,,1
coll2017,Nine Mile Creek,2017,3786,774,739,,1
coll2017,Nine Mile Creek,2017,3787,774,740,,1
coll2017,Nine Mile Creek,2017,3788,774,741,,1
coll2017,Nine Mile Creek,2017,3789,774,742,,1
coll2017,Nine Mile Creek,2017,3790,774,743,,1
coll2017,Nine Mile Creek,2017,3791,774,744,,1
coll2017,Nine Mile Creek,2017,3792,774,745,,1
coll2017,Nine Mile Creek,2017,3793,774,746,,1
coll2017,Cape Egmont,2017,3794,777,795,,1
coll2017,Nine Mile Creek,2017,3795,774,747,,1
coll2017,Nine Mile Creek,2017,3796,774,748,,1
coll2017,Cape Egmont,2017,3797,777,796,,1
coll2017,Nine Mile Creek,2017,3798,774,749,,1
coll2017,Nine Mile Creek,2017,3799,774,750,,1
coll2017,Nine Mile Creek,2017,3800,774,751,,1
coll2017,Nine Mile Creek,2017,3801,774,752,,1
coll2017,Nine Mile Creek,2017,3802,774,753,,1
coll2017,Nine Mile Creek,2017,3803,774,754,,1
coll2017,Nine Mile Creek,2017,3804,774,755,,1
coll2017,Nine Mile Creek,2017,3805,774,756,,1
coll2017,Nine Mile Creek,2017,3806,774,757,,1
coll2017,Nine Mile Creek,2017,3807,774,758,,1
coll2017,Covehead,2017,3808,772,663,,1
coll2017,Covehead,2017,3809,772,662,,1
coll2017,Covehead,2017,3810,772,661,,1
coll2017,Covehead,2017,3811,772,660,,1
coll2017,Covehead,2017,3812,772,659,,1
coll2017,Covehead,2017,3813,772,658,,2
coll2017,Covehead,2017,3814,772,657,,2
coll2017,Covehead,2017,3815,772,656,,1
coll2017,Covehead,2017,3816,772,655,,1
coll2017,Covehead,2017,3817,772,654,,1
coll2017,Covehead,2017,3818,772,653,,2
coll2017,Covehead,2017,3819,772,652,,2
coll2017,Covehead,2017,3820,772,651,,1
coll2017,Covehead,2017,3821,772,650,,1
coll2017,Covehead,2017,3822,772,649,,1
coll2017,Cape Egmont,2017,3823,777,797,,1
coll2017,Covehead,2017,3824,772,648,,1
coll2017,Covehead,2017,3825,772,647,,1
coll2017,Covehead,2017,3826,772,646,,1
coll2017,Covehead,2017,3827,772,645,,1
coll2017,Covehead,2017,3828,772,644,,1
coll2017,Covehead,2017,3829,772,643,,1
coll2017,Covehead,2017,3830,772,642,,1
coll2017,Cape Egmont,2017,3831,777,798,,1
coll2017,Covehead,2017,3832,772,641,,1
coll2017,Covehead,2017,3833,772,640,,1
coll2017,Covehead,2017,3834,772,639,,1
coll2017,Covehead,2017,3835,772,638,,1
coll2017,Covehead,2017,3836,772,637,,1
coll2017,Covehead,2017,3837,772,636,,1
coll2017,Covehead,2017,3838,772,635,,1
coll2017,Covehead,2017,3839,772,634,,1
coll2017,Cape Egmont,2017,3840,777,799,,1
coll2017,Alberton,2017,3841,775,699,,1
coll2017,Cape Egmont,2017,3842,777,800,,1
coll2017,Alberton,2017,3843,775,700,,1
coll2017,Alberton,2017,3844,775,701,,1
coll2017,Alberton,2017,3845,775,702,,1
coll2017,Alberton,2017,3846,775,703,,1
coll2017,Alberton,2017,3847,775,704,,1
coll2017,Alberton,2017,3848,775,705,,1
coll2017,Alberton,2017,3849,775,706,,1
coll2017,Alberton,2017,3850,775,707,,1
coll2017,Alberton,2017,3851,775,708,,1
coll2017,Alberton,2017,3852,775,709,,1
coll2017,Alberton,2017,3853,775,710,,1
coll2017,Alberton,2017,3854,775,711,,1
coll2017,Alberton,2017,3855,775,712,,1
coll2017,Alberton,2017,3856,775,713,,1
coll2017,Alberton,2017,3857,775,714,,1
coll2017,Alberton,2017,3858,775,715,,1
coll2017,Alberton,2017,3859,775,716,,1
coll2017,Alberton,2017,3860,775,717,,1
coll2017,Alberton,2017,3861,775,718,,1
coll2017,Alberton,2017,3862,775,719,,1
coll2017,Alberton,2017,3863,775,720,,1
coll2017,Alberton,2017,3864,775,721,,1
coll2017,Alberton,2017,3865,775,722,,1
coll2017,Alberton,2017,3866,775,723,,1
coll2017,Alberton,2017,3867,775,724,,1
coll2017,Alberton,2017,3868,775,725,,1
coll2017,Alberton,2017,3869,775,726,,1
coll2017,Alberton,2017,3870,775,727,,1
coll2017,Alberton,2017,3871,775,728,,1
coll2017,Murray Harbour,2017,3872,773,759,,1
coll2017,Murray Harbour,2017,3873,773,760,,1
coll2017,Murray Harbour,2017,3874,773,761,,1
coll2017,Murray Harbour,2017,3875,773,762,,1
coll2017,Murray Harbour,2017,3876,773,763,,1
coll2017,Murray Harbour,2017,3877,773,764,,1
coll2017,Murray Harbour,2017,3878,773,765,,1
coll2017,Murray Harbour,2017,3879,773,766,,2
coll2017,Murray Harbour,2017,3880,773,767,,1
coll2017,Murray Harbour,2017,3881,773,768,,1
coll2017,Murray Harbour,2017,3882,773,769,,1
coll2017,Murray Harbour,2017,3883,773,770,,1
coll2017,Murray Harbour,2017,3884,773,771,,1
coll2017,Murray Harbour,2017,3885,773,772,,1
coll2017,Murray Harbour,2017,3886,773,773,,1
coll2017,Murray Harbour,2017,3887,773,774,,1
coll2017,Murray Harbour,2017,3888,773,775,,1
coll2017,Murray Harbour,2017,3889,773,776,,1
coll2017,Murray Harbour,2017,3890,773,777,,1
coll2017,Murray Harbour,2017,3891,773,778,,1
coll2017,Murray Harbour,2017,3892,773,779,,1
coll2017,Murray Harbour,2017,3893,773,780,,1
coll2017,Murray Harbour,2017,3894,773,781,,1
coll2017,Murray Harbour,2017,3895,773,782,,1
coll2017,Murray Harbour,2017,3896,773,783,,1
coll2017,Murray Harbour,2017,3897,773,784,,1
coll2017,Murray Harbour,2017,3898,773,785,,1
coll2017,Murray Harbour,2017,3899,773,786,,1
coll2017,Murray Harbour,2017,3900,773,787,,1
coll2017,Murray Harbour,2017,3901,773,788,,1
coll2017,Wallace,2017,3902,778,1161,,1
coll2017,Wallace,2017,3903,778,1162,,1
coll2017,Wallace,2017,3904,778,1164,,1
coll2017,Wallace,2017,3905,778,1165,,1
coll2017,Wallace,2017,3906,778,1166,,1
coll2017,Wallace,2017,3907,778,1167,,1
coll2017,Wallace,2017,3908,778,1168,,1
coll2017,Wallace,2017,3909,778,1169,,1
coll2017,Wallace,2017,3910,778,1170,,1
coll2017,Cape Egmont,2017,3911,777,801,,1
coll2017,Wallace,2017,3912,778,1171,,1
coll2017,Wallace,2017,3913,778,1172,,1
coll2017,Cape Egmont,2017,3914,777,802,,1
coll2017,Wallace,2017,3915,778,1173,,1
coll2017,Wallace,2017,3916,778,1174,,1
coll2017,Wallace,2017,3917,778,1175,,1
coll2017,Wallace,2017,3918,778,1176,,1
coll2017,Wallace,2017,3919,778,1177,,1
coll2017,Wallace,2017,3920,778,1178,,1
coll2017,Wallace,2017,3921,778,1179,,1
coll2017,Wallace,2017,3922,778,1180,,1
coll2017,Wallace,2017,3923,778,1181,,1
coll2017,Wallace,2017,3924,778,1182,,1
coll2017,Wallace,2017,3925,778,1183,,1
coll2017,Wallace,2017,3926,778,1184,,1
coll2017,Wallace,2017,3927,778,1185,,1
coll2017,Wallace,2017,3928,778,1186,,1
coll2017,Wallace,2017,3929,778,1187,,1
coll2017,Wallace,2017,3930,778,1188,,1
coll2017,Cape Egmont,2017,3931,777,803,,1
coll2017,Wallace,2017,3932,778,1189,,1
coll2017,Wallace,2017,3933,778,1190,,1
coll2017,Cape Egmont,2017,3934,777,804,,1
coll2017,Cape Egmont,2017,3935,777,805,,1
coll2017,Cape Egmont,2017,3936,777,806,,1
coll2017,Cape Egmont,2017,3937,777,807,,1
coll2017,Cape Egmont,2017,3938,777,808,,1
coll2017,Cape Egmont,2017,3939,777,809,,1
coll2017,Cape Egmont,2017,3940,777,810,,1
coll2017,Cape Egmont,2017,3941,777,811,,1
coll2017,Cape Egmont,2017,3942,777,812,,1
coll2017,Cape Egmont,2017,3943,777,813,,1
coll2017,Cape Egmont,2017,3944,777,814,,1
coll2017,Cape Egmont,2017,3945,777,815,,1
coll2017,Cape Egmont,2017,3946,777,816,,1
coll2017,Cape Egmont,2017,3947,777,817,,1
coll2017,Cape Egmont,2017,3948,777,818,,1
coll2017,Fortune,2017,3949,771,694,,1
coll2018,Covehead,2018,3950,780,2373,,1
coll2018,Wallace,2018,3951,786,2051,,1
coll2018,Wallace,2018,3952,786,9999,,1
coll2018,Wallace,2018,3953,786,2045,,1
coll2018,Wallace,2018,3954,786,2129,,1
coll2018,Wallace,2018,3955,786,2128,,1
coll2018,Wallace,2018,3956,786,2125,,1
coll2018,Wallace,2018,3957,786,2124,,1
coll2018,Alberton,2018,3958,783,2343,,1
coll2018,Alberton,2018,3959,783,2344,,1
coll2018,Wallace,2018,3960,786,2123,,1
coll2018,Covehead,2018,3961,780,2374,,1
coll2018,Covehead,2018,3962,780,2375,,1
coll2018,Wallace,2018,3963,786,2122,,1
coll2018,Covehead,2018,3964,780,2376,,1
coll2018,Covehead,2018,3966,780,2377,,5
coll2018,Wallace,2018,3965,786,2121,,1
coll2018,Alberton,2018,3967,783,2345,,1
coll2018,Covehead,2018,3968,780,2378,,1
coll2018,Covehead,2018,3969,780,2379,,1
coll2018,Alberton,2018,3970,783,2346,,1
coll2018,Wallace,2018,3971,786,2120,,1
coll2018,Covehead,2018,3972,780,2380,,1
coll2018,Wallace,2018,3973,786,2119,,1
coll2018,Covehead,2018,3975,780,2381,,1
coll2018,Fortune,2018,4172,779,180,,1
coll2018,Alberton,2018,3974,783,2347,,1
coll2018,Covehead,2018,3976,780,2382,,1
coll2018,Alberton,2018,3977,783,2348,,1
coll2018,Wallace,2018,3978,786,2118,,1
coll2018,Covehead,2018,3979,780,2383,,1
coll2018,Covehead,2018,3980,780,2384,,1
coll2018,Alberton,2018,3981,783,2349,,2
coll2018,Covehead,2018,3982,780,2385,,1
coll2018,Wallace,2018,3983,786,2117,,1
coll2018,Covehead,2018,3984,780,2386,,1
coll2018,Covehead,2018,3985,780,2387,,5
coll2018,Alberton,2018,3986,783,2350,,1
coll2018,Covehead,2018,3987,780,2388,,1
coll2018,Wallace,2018,3989,786,2116,,1
coll2018,Covehead,2018,3988,780,2389,,1
coll2018,Alberton,2018,3990,783,2351,,1
coll2018,Covehead,2018,3991,780,2390,,1
coll2018,Wallace,2018,3992,786,2115,,1
coll2018,Alberton,2018,3993,783,2352,,3
coll2018,Covehead,2018,3994,780,2391,,1
coll2018,Covehead,2018,3995,780,2392,,1
coll2018,Covehead,2018,3996,780,2393,,1
coll2018,Fortune,2018,4173,779,181,,1
coll2018,Alberton,2018,3997,783,2353,,1
coll2018,Covehead,2018,3998,780,2394,,1
coll2018,Wallace,2018,3999,786,2114,,1
coll2018,Covehead,2018,4000,780,2395,,1
coll2018,Covehead,2018,4001,780,2396,,5
coll2018,Covehead,2018,4002,780,2397,,1
coll2018,Covehead,2018,4003,780,2398,,1
coll2018,Wallace,2018,4004,786,2113,,1
coll2018,Covehead,2018,4005,780,2399,,1
coll2018,Covehead,2018,4006,780,2400,,5
coll2018,Covehead,2018,4007,780,2501,,1
coll2018,Covehead,2018,4008,780,2502,,1
coll2018,Wallace,2018,4009,786,2057,,1
coll2018,Alberton,2018,4010,783,2354,,1
coll2018,Alberton,2018,4011,783,2355,,1
coll2018,Alberton,2018,4012,783,2356,,1
coll2018,Alberton,2018,4013,783,2357,,1
coll2018,Alberton,2018,4014,783,2358,,1
coll2018,Wallace,2018,4015,786,2056,,1
coll2018,Wallace,2018,4016,786,2055,,1
coll2018,Wallace,2018,4017,786,2054,,1
coll2018,Wallace,2018,4018,786,2053,,1
coll2018,Fortune,2018,4174,779,182,,1
coll2018,Cape Egmont,2018,4161,785,2550,,1
coll2018,Cape Egmont,2018,4162,785,2551,,1
coll2018,Cape Egmont,2018,4163,785,2552,,1
coll2018,Cape Egmont,2018,4164,785,2553,,1
coll2018,Cape Egmont,2018,4165,785,2560,,1
coll2018,Cape Egmont,2018,4166,785,2554,,1
coll2018,Cape Egmont,2018,4167,785,2556,,1
coll2018,Cape Egmont,2018,4168,785,2555,,1
coll2018,Cape Egmont,2018,4169,785,2557,,1
coll2018,Cape Egmont,2018,4170,785,2558,,1
coll2018,Cape Egmont,2018,4171,785,2561,,1
coll2018,Fortune,2018,4175,779,183,,1
coll2018,Fortune,2018,4176,779,184,,1
coll2018,Fortune,2018,4177,779,185,,1
coll2018,Fortune,2018,4178,779,191,,1
coll2018,Fortune,2018,4179,779,194,,1
coll2018,Fortune,2018,4180,779,196,,1
coll2018,Fortune,2018,4181,779,198,,1
coll2018,Fortune,2018,4182,779,200,,1
coll2018,Fortune,2018,4183,779,2302,,1
coll2018,Fortune,2018,4184,779,2303,,1
coll2018,Wallace,2018,4019,786,2052,,1
coll2018,Wallace,2018,4020,786,2048,,1
coll2018,Wallace,2018,4021,786,2049,,1
coll2018,Wallace,2018,4022,786,2050,,1
coll2018,Wallace,2018,4023,786,2046,,1
coll2018,Alberton,2018,4024,783,2359,,1
coll2018,Alberton,2018,4025,783,2360,,1
coll2018,Alberton,2018,4026,783,2361,,1
coll2018,Alberton,2018,4027,783,2362,May be flipped,1
coll2018,Alberton,2018,4028,783,2363,,1
coll2018,Alberton,2018,4029,783,2364,,1
coll2018,Alberton,2018,4030,783,2365,,1
coll2018,Alberton,2018,4031,783,2366,,1
coll2018,Alberton,2018,4032,783,2367,,1
coll2018,Alberton,2018,4033,783,2368,,1
coll2018,Alberton,2018,4034,783,2370,,1
coll2018,Alberton,2018,4035,783,2371,,1
coll2018,Alberton,2018,4036,783,2372,,1
coll2018,Skinner's Pond,2018,4037,784,2342,,1
coll2018,Murray Harbour,2018,4038,781,2563,,1
coll2018,Murray Harbour,2018,4039,781,2564,,1
coll2018,Murray Harbour,2018,4040,781,2565,,1
coll2018,Murray Harbour,2018,4041,781,2566,,1
coll2018,Murray Harbour,2018,4042,781,2567,,1
coll2018,Murray Harbour,2018,4043,781,2568,,1
coll2018,Skinner's Pond,2018,4044,784,2341,,1
coll2018,Skinner's Pond,2018,4045,784,2340,,1
coll2018,Skinner's Pond,2018,4046,784,2339,,1
coll2018,Skinner's Pond,2018,4047,784,2338,,1
coll2018,Murray Harbour,2018,4048,781,2569,,1
coll2018,Murray Harbour,2018,4049,781,2570,,1
coll2018,Murray Harbour,2018,4050,781,2571,,1
coll2018,Murray Harbour,2018,4051,781,2572,,1
coll2018,Murray Harbour,2018,4052,781,2573,,1
coll2018,Murray Harbour,2018,4053,781,2574,,1
coll2018,Murray Harbour,2018,4054,781,2575,,1
coll2018,Skinner's Pond,2018,4055,784,2337,,1
coll2018,Skinner's Pond,2018,4056,784,2336,,1
coll2018,Skinner's Pond,2018,4057,784,2335,,1
coll2018,Skinner's Pond,2018,4058,784,2334,,1
coll2018,Skinner's Pond,2018,4059,784,2333,,1
coll2018,Skinner's Pond,2018,4060,784,2332,,1
coll2018,Skinner's Pond,2018,4061,784,2331,,1
coll2018,Skinner's Pond,2018,4062,784,2330,,1
coll2018,Skinner's Pond,2018,4063,784,2329,,1
coll2018,Skinner's Pond,2018,4064,784,2328,,1
coll2018,Murray Harbour,2018,4065,781,2576,,1
coll2018,Skinner's Pond,2018,4066,784,2327,,5
coll2018,Murray Harbour,2018,4068,781,2577,,1
coll2018,Skinner's Pond,2018,4067,784,2326,,5
coll2018,Murray Harbour,2018,4070,781,2578,,1
coll2018,Skinner's Pond,2018,4069,784,2325,,1
coll2018,Skinner's Pond,2018,4071,784,2324,,1
coll2018,Skinner's Pond,2018,4072,784,2323,,1
coll2018,Skinner's Pond,2018,4073,784,2322,,1
coll2018,Murray Harbour,2018,4074,781,2579,,1
coll2018,Skinner's Pond,2018,4075,784,2321,,1
coll2018,Murray Harbour,2018,4076,781,2580,,1
coll2018,Skinner's Pond,2018,4077,784,2320,,1
coll2018,Skinner's Pond,2018,4078,784,2319,,1
coll2018,Murray Harbour,2018,4079,781,2581,,1
coll2018,Murray Harbour,2018,4080,781,2582,,1
coll2018,Murray Harbour,2018,4081,781,2583,,1
coll2018,Murray Harbour,2018,4082,781,2584,,1
coll2018,Murray Harbour,2018,4083,781,2585,,1
coll2018,Murray Harbour,2018,4084,781,2586,,1
coll2018,Murray Harbour,2018,4085,781,2587,,1
coll2018,Murray Harbour,2018,4086,781,2588,,1
coll2018,Murray Harbour,2018,4087,781,2589,,1
coll2018,Murray Harbour,2018,4088,781,2590,,1
coll2018,Skinner's Pond,2018,4089,784,2318,,1
coll2018,Murray Harbour,2018,4090,781,2591,,1
coll2018,Skinner's Pond,2018,4091,784,2317,,1
coll2018,Skinner's Pond,2018,4092,784,2316,,1
coll2018,Skinner's Pond,2018,4093,784,2315,,1
coll2018,Murray Harbour,2018,4094,781,2592,,1
coll2018,Nine Mile Creek,2018,4096,782,2504,,1
coll2018,Nine Mile Creek,2018,4097,782,2505,,1
coll2018,Nine Mile Creek,2018,4098,782,2506,,1
coll2018,Nine Mile Creek,2018,4099,782,2507,,1
coll2018,Nine Mile Creek,2018,4100,782,2508,,1
coll2018,Nine Mile Creek,2018,4101,782,2509,,1
coll2018,Nine Mile Creek,2018,4102,782,2510,,1
coll2018,Nine Mile Creek,2018,4103,782,2511,,1
coll2018,Nine Mile Creek,2018,4104,782,2512,,1
coll2018,Nine Mile Creek,2018,4105,782,2513,,1
coll2018,Skinner's Pond,2018,4095,784,2314,,1
coll2018,Skinner's Pond,2018,4106,784,2313,,1
coll2018,Nine Mile Creek,2018,4107,782,2514,,1
coll2018,Cape Egmont,2018,4108,785,2335,,1
coll2018,Cape Egmont,2018,4109,785,2536,,1
coll2018,Cape Egmont,2018,4110,785,2537,,1
coll2018,Nine Mile Creek,2018,4111,782,2515,,1
coll2018,Nine Mile Creek,2018,4112,782,2516,,1
coll2018,Nine Mile Creek,2018,4113,782,2517,,1
coll2018,Nine Mile Creek,2018,4114,782,2518,,1
coll2018,Nine Mile Creek,2018,4115,782,2519,,1
coll2018,Nine Mile Creek,2018,4116,782,2520,,1
coll2018,Nine Mile Creek,2018,4117,782,2521,,1
coll2018,Nine Mile Creek,2018,4118,782,2522,,1
coll2018,Nine Mile Creek,2018,4119,782,2523,,1
coll2018,Nine Mile Creek,2018,4120,782,2524,,1
coll2018,Nine Mile Creek,2018,4121,782,2525,,1
coll2018,Nine Mile Creek,2018,4122,782,2526,,1
coll2018,Nine Mile Creek,2018,4123,782,2528,,1
coll2018,Nine Mile Creek,2018,4124,782,2529,,1
coll2018,Nine Mile Creek,2018,4125,782,2530,,1
coll2018,Nine Mile Creek,2018,4126,782,2531,,1
coll2018,Nine Mile Creek,2018,4127,782,2532,,1
coll2018,Fortune,2018,4128,779,2312,,1
coll2018,Fortune,2018,4129,779,2311,,1
coll2018,Fortune,2018,4130,779,199,,1
coll2018,Fortune,2018,4131,779,197,,1
coll2018,Fortune,2018,4132,779,195,,1
coll2018,Fortune,2018,4133,779,193,,1
coll2018,Fortune,2018,4134,779,192,,1
coll2018,Fortune,2018,4135,779,190,,1
coll2018,Fortune,2018,4136,779,189,,1
coll2018,Fortune,2018,4137,779,188,,1
coll2018,Fortune,2018,4138,779,187,,1
coll2018,Cape Egmont,2018,4139,785,2539,,1
coll2018,Fortune,2018,4140,779,186,,1
coll2018,Cape Egmont,2018,4141,785,2540,,1
coll2018,Fortune,2018,4142,779,179,,1
coll2018,Fortune,2018,4143,779,178,,1
coll2018,Fortune,2018,4144,779,2310,,1
coll2018,Fortune,2018,4145,779,2309,,1
coll2018,Fortune,2018,4146,779,2308,,1
coll2018,Fortune,2018,4147,779,2307,,1
coll2018,Fortune,2018,4148,779,2306,,1
coll2018,Cape Egmont,2018,4149,785,2541,,1
coll2018,Fortune,2018,4150,779,2304,,1
coll2018,Fortune,2018,4151,779,2301,,1
coll2018,Fortune,2018,4152,779,2305,,1
coll2018,Cape Egmont,2018,4153,785,2542,,1
coll2018,Cape Egmont,2018,4154,785,2543,,1
coll2018,Cape Egmont,2018,4155,785,2545,,1
coll2018,Cape Egmont,2018,4156,785,2546,,1
coll2018,Cape Egmont,2018,4157,785,2547,,1
coll2018,Cape Egmont,2018,4158,785,2559,,1
coll2018,Cape Egmont,2018,4159,785,2548,,1
coll2018,Cape Egmont,2018,4160,785,2562,,1
