Study area,Site,Date deployed,Date retrieved,Collector Number,Collector Size (m2),Condition on retrieval,Species,"Size CL, CW or TL",Sex,Claws,Notes
"Gulf St. Lawrence, PEI",Alberton,7/10/2020,9/25/2020,6731,0.56,OK,Homarus americanus,16.1,,,
"Gulf St. Lawrence, PEI",Alberton,7/10/2020,9/25/2020,6731,0.56,OK,Homarus americanus,17.3,,,
"Gulf St. Lawrence, PEI",Alberton,7/10/2020,9/25/2020,6731,0.56,OK,Homarus americanus,18.2,,,
"Gulf St. Lawrence, PEI",Alberton,7/10/2020,9/25/2020,6731,0.56,OK,Homarus americanus,19.6,,,
"Gulf St. Lawrence, PEI",Alberton,7/10/2020,9/25/2020,6731,0.56,OK,Homarus americanus,20.8,M,,
"Gulf St. Lawrence, PEI",Alberton,7/10/2020,9/25/2020,6731,0.56,OK,Homarus americanus,28.7,F,,
"Gulf St. Lawrence, PEI",Alberton,7/10/2020,9/25/2020,6732,0.56,OK,Homarus americanus,6.7,,,
"Gulf St. Lawrence, PEI",Alberton,7/10/2020,9/25/2020,6732,0.56,OK,Homarus americanus,7.3,,,
"Gulf St. Lawrence, PEI",Alberton,7/10/2020,9/25/2020,6732,0.56,OK,Homarus americanus,8.4,,,
"Gulf St. Lawrence, PEI",Alberton,7/10/2020,9/25/2020,6732,0.56,OK,Homarus americanus,11.7,,,
"Gulf St. Lawrence, PEI",Alberton,7/10/2020,9/25/2020,6732,0.56,OK,Homarus americanus,17,,,
"Gulf St. Lawrence, PEI",Alberton,7/10/2020,9/25/2020,6732,0.56,OK,Homarus americanus,18.9,,,
"Gulf St. Lawrence, PEI",Alberton,7/10/2020,9/25/2020,6732,0.56,OK,Homarus americanus,24,F,,
"Gulf St. Lawrence, PEI",Alberton,7/10/2020,9/25/2020,6733,0.56,OK,Homarus americanus,7.2,,,
"Gulf St. Lawrence, PEI",Alberton,7/10/2020,9/25/2020,6733,0.56,OK,Homarus americanus,7.4,,,
"Gulf St. Lawrence, PEI",Alberton,7/10/2020,9/25/2020,6733,0.56,OK,Homarus americanus,7.5,,,
"Gulf St. Lawrence, PEI",Alberton,7/10/2020,9/25/2020,6733,0.56,OK,Homarus americanus,8.2,,,
"Gulf St. Lawrence, PEI",Alberton,7/10/2020,9/25/2020,6733,0.56,OK,Homarus americanus,10.6,,,
"Gulf St. Lawrence, PEI",Alberton,7/10/2020,9/25/2020,6733,0.56,OK,Homarus americanus,12.6,,,
"Gulf St. Lawrence, PEI",Alberton,7/10/2020,9/25/2020,6733,0.56,OK,Homarus americanus,14.4,,,
"Gulf St. Lawrence, PEI",Alberton,7/10/2020,9/25/2020,6733,0.56,OK,Homarus americanus,17.4,,,
"Gulf St. Lawrence, PEI",Alberton,7/10/2020,9/25/2020,6733,0.56,OK,Homarus americanus,21.5,M,,
"Gulf St. Lawrence, PEI",Alberton,7/10/2020,9/25/2020,6733,0.56,OK,Homarus americanus,26.1,M,,
"Gulf St. Lawrence, PEI",Alberton,7/10/2020,9/25/2020,6734,0.56,OK,Homarus americanus,7.6,,,
"Gulf St. Lawrence, PEI",Alberton,7/10/2020,9/25/2020,6734,0.56,OK,Homarus americanus,7.8,,,
"Gulf St. Lawrence, PEI",Alberton,7/10/2020,9/25/2020,6734,0.56,OK,Homarus americanus,8.7,,,
"Gulf St. Lawrence, PEI",Alberton,7/10/2020,9/25/2020,6734,0.56,OK,Homarus americanus,10.5,,,
"Gulf St. Lawrence, PEI",Alberton,7/10/2020,9/25/2020,6734,0.56,OK,Homarus americanus,13.9,,,
"Gulf St. Lawrence, PEI",Alberton,7/10/2020,9/25/2020,6734,0.56,OK,Homarus americanus,17.8,,,
"Gulf St. Lawrence, PEI",Alberton,7/10/2020,9/25/2020,6734,0.56,OK,Homarus americanus,26.3,M,,
"Gulf St. Lawrence, PEI",Alberton,7/10/2020,9/25/2020,6734,0.56,OK,Homarus americanus,34.8,F,,
"Gulf St. Lawrence, PEI",Alberton,7/10/2020,9/25/2020,6735,0.56,OK,Homarus americanus,6.5,,,
"Gulf St. Lawrence, PEI",Alberton,7/10/2020,9/25/2020,6735,0.56,OK,Homarus americanus,6.9,,,
"Gulf St. Lawrence, PEI",Alberton,7/10/2020,9/25/2020,6735,0.56,OK,Homarus americanus,9.1,,,
"Gulf St. Lawrence, PEI",Alberton,7/10/2020,9/25/2020,6735,0.56,OK,Homarus americanus,9.3,,,
"Gulf St. Lawrence, PEI",Alberton,7/10/2020,9/25/2020,6735,0.56,OK,Homarus americanus,10.7,,,
"Gulf St. Lawrence, PEI",Alberton,7/10/2020,9/25/2020,6735,0.56,OK,Homarus americanus,13.1,,,
"Gulf St. Lawrence, PEI",Alberton,7/10/2020,9/25/2020,6735,0.56,OK,Homarus americanus,14.5,,,
"Gulf St. Lawrence, PEI",Alberton,7/10/2020,9/25/2020,6735,0.56,OK,Homarus americanus,16.9,,,
"Gulf St. Lawrence, PEI",Alberton,7/10/2020,9/25/2020,6735,0.56,OK,Homarus americanus,17.9,,,
"Gulf St. Lawrence, PEI",Alberton,7/10/2020,9/25/2020,6735,0.56,OK,Homarus americanus,24.9,M,,
"Gulf St. Lawrence, PEI",Alberton,7/10/2020,9/25/2020,6736,0.56,OK,Homarus americanus,7.3,,,
"Gulf St. Lawrence, PEI",Alberton,7/10/2020,9/25/2020,6736,0.56,OK,Homarus americanus,8.1,,,
"Gulf St. Lawrence, PEI",Alberton,7/10/2020,9/25/2020,6736,0.56,OK,Homarus americanus,10.8,,,
"Gulf St. Lawrence, PEI",Alberton,7/10/2020,9/25/2020,6736,0.56,OK,Homarus americanus,11.9,,,
"Gulf St. Lawrence, PEI",Alberton,7/10/2020,9/25/2020,6736,0.56,OK,Homarus americanus,14.9,,,
"Gulf St. Lawrence, PEI",Alberton,7/10/2020,9/25/2020,6736,0.56,OK,Homarus americanus,16.1,,,
"Gulf St. Lawrence, PEI",Alberton,7/10/2020,9/25/2020,6736,0.56,OK,Homarus americanus,19.4,,,
"Gulf St. Lawrence, PEI",Alberton,7/10/2020,9/25/2020,6736,0.56,OK,Homarus americanus,21.2,M,,
"Gulf St. Lawrence, PEI",Alberton,7/10/2020,9/25/2020,6736,0.56,OK,Homarus americanus,27.3,M,,
"Gulf St. Lawrence, PEI",Alberton,7/10/2020,9/25/2020,6736,0.56,OK,Homarus americanus,48.4,F,,
"Gulf St. Lawrence, PEI",Alberton,7/10/2020,9/25/2020,6737,0.56,OK,Homarus americanus,6.5,,,
"Gulf St. Lawrence, PEI",Alberton,7/10/2020,9/25/2020,6737,0.56,OK,Homarus americanus,7.5,,,
"Gulf St. Lawrence, PEI",Alberton,7/10/2020,9/25/2020,6737,0.56,OK,Homarus americanus,10.1,,,
"Gulf St. Lawrence, PEI",Alberton,7/10/2020,9/25/2020,6737,0.56,OK,Homarus americanus,10.4,,,
"Gulf St. Lawrence, PEI",Alberton,7/10/2020,9/25/2020,6737,0.56,OK,Homarus americanus,10.9,,,
"Gulf St. Lawrence, PEI",Alberton,7/10/2020,9/25/2020,6737,0.56,OK,Homarus americanus,13.9,,,
"Gulf St. Lawrence, PEI",Alberton,7/10/2020,9/25/2020,6737,0.56,OK,Homarus americanus,18.4,,,
"Gulf St. Lawrence, PEI",Alberton,7/10/2020,9/25/2020,6737,0.56,OK,Homarus americanus,35.8,M,,
"Gulf St. Lawrence, PEI",Alberton,7/10/2020,9/25/2020,6737,0.56,OK,Homarus americanus,46.2,F,,
"Gulf St. Lawrence, PEI",Alberton,7/10/2020,9/25/2020,6738,0.56,OK,Homarus americanus,8.2,,,
"Gulf St. Lawrence, PEI",Alberton,7/10/2020,9/25/2020,6738,0.56,OK,Homarus americanus,9.4,,,
"Gulf St. Lawrence, PEI",Alberton,7/10/2020,9/25/2020,6738,0.56,OK,Homarus americanus,10.3,,,
"Gulf St. Lawrence, PEI",Alberton,7/10/2020,9/25/2020,6738,0.56,OK,Homarus americanus,10.5,,,
"Gulf St. Lawrence, PEI",Alberton,7/10/2020,9/25/2020,6738,0.56,OK,Homarus americanus,10.7,,,
"Gulf St. Lawrence, PEI",Alberton,7/10/2020,9/25/2020,6738,0.56,OK,Homarus americanus,11.1,,,
"Gulf St. Lawrence, PEI",Alberton,7/10/2020,9/25/2020,6738,0.56,OK,Homarus americanus,12.6,,,
"Gulf St. Lawrence, PEI",Alberton,7/10/2020,9/25/2020,6738,0.56,OK,Homarus americanus,14.1,,,
"Gulf St. Lawrence, PEI",Alberton,7/10/2020,9/25/2020,6738,0.56,OK,Homarus americanus,14.2,,,
"Gulf St. Lawrence, PEI",Alberton,7/10/2020,9/25/2020,6738,0.56,OK,Homarus americanus,15.6,,,
"Gulf St. Lawrence, PEI",Alberton,7/10/2020,9/25/2020,6738,0.56,OK,Homarus americanus,17.8,,,
"Gulf St. Lawrence, PEI",Alberton,7/10/2020,9/25/2020,6738,0.56,OK,Homarus americanus,23,M,,
"Gulf St. Lawrence, PEI",Alberton,7/10/2020,9/25/2020,6738,0.56,OK,Homarus americanus,28.7,M,,
"Gulf St. Lawrence, PEI",Alberton,7/10/2020,9/25/2020,6739,0.56,OK,Homarus americanus,6,,,
"Gulf St. Lawrence, PEI",Alberton,7/10/2020,9/25/2020,6739,0.56,OK,Homarus americanus,10.4,,,
"Gulf St. Lawrence, PEI",Alberton,7/10/2020,9/25/2020,6739,0.56,OK,Homarus americanus,14.9,,,
"Gulf St. Lawrence, PEI",Alberton,7/10/2020,9/25/2020,6739,0.56,OK,Homarus americanus,16.3,,,
"Gulf St. Lawrence, PEI",Alberton,7/10/2020,9/25/2020,6739,0.56,OK,Homarus americanus,19.9,,,
"Gulf St. Lawrence, PEI",Alberton,7/10/2020,9/25/2020,6739,0.56,OK,Homarus americanus,20.4,F,,
"Gulf St. Lawrence, PEI",Alberton,7/10/2020,9/25/2020,6739,0.56,OK,Homarus americanus,22.3,M,,
"Gulf St. Lawrence, PEI",Alberton,7/10/2020,9/25/2020,6739,0.56,OK,Homarus americanus,30.4,F,,
"Gulf St. Lawrence, PEI",Alberton,7/10/2020,9/25/2020,6739,0.56,OK,Homarus americanus,38.6,F,,
"Gulf St. Lawrence, PEI",Alberton,7/10/2020,9/25/2020,6740,0.56,OK,Homarus americanus,6,,,
"Gulf St. Lawrence, PEI",Alberton,7/10/2020,9/25/2020,6740,0.56,OK,Homarus americanus,7.3,,,
"Gulf St. Lawrence, PEI",Alberton,7/10/2020,9/25/2020,6740,0.56,OK,Homarus americanus,7.5,,,
"Gulf St. Lawrence, PEI",Alberton,7/10/2020,9/25/2020,6740,0.56,OK,Homarus americanus,9.9,,,
"Gulf St. Lawrence, PEI",Alberton,7/10/2020,9/25/2020,6740,0.56,OK,Homarus americanus,10.4,,,
"Gulf St. Lawrence, PEI",Alberton,7/10/2020,9/25/2020,6740,0.56,OK,Homarus americanus,10.4,,,
"Gulf St. Lawrence, PEI",Alberton,7/10/2020,9/25/2020,6740,0.56,OK,Homarus americanus,11,,,
"Gulf St. Lawrence, PEI",Alberton,7/10/2020,9/25/2020,6740,0.56,OK,Homarus americanus,14.8,,,
"Gulf St. Lawrence, PEI",Alberton,7/10/2020,9/25/2020,6740,0.56,OK,Homarus americanus,17.8,,,
"Gulf St. Lawrence, PEI",Alberton,7/10/2020,9/25/2020,6740,0.56,OK,Homarus americanus,31.6,F,,
"Gulf St. Lawrence, PEI",Alberton,7/10/2020,9/25/2020,6740,0.56,OK,Homarus americanus,44.7,M,,
"Gulf St. Lawrence, PEI",Alberton,7/10/2020,9/25/2020,6741,0.56,OK,Homarus americanus,8.5,,,
"Gulf St. Lawrence, PEI",Alberton,7/10/2020,9/25/2020,6741,0.56,OK,Homarus americanus,8.7,,,
"Gulf St. Lawrence, PEI",Alberton,7/10/2020,9/25/2020,6741,0.56,OK,Homarus americanus,9.3,,,
"Gulf St. Lawrence, PEI",Alberton,7/10/2020,9/25/2020,6741,0.56,OK,Homarus americanus,10.4,,,
"Gulf St. Lawrence, PEI",Alberton,7/10/2020,9/25/2020,6741,0.56,OK,Homarus americanus,14.2,,,
"Gulf St. Lawrence, PEI",Alberton,7/10/2020,9/25/2020,6741,0.56,OK,Homarus americanus,19.3,,,
"Gulf St. Lawrence, PEI",Alberton,7/10/2020,9/25/2020,6741,0.56,OK,Homarus americanus,36.6,m,,
"Gulf St. Lawrence, PEI",Alberton,7/10/2020,9/25/2020,6741,0.56,OK,Homarus americanus,55.5,m,,
"Gulf St. Lawrence, PEI",Alberton,7/10/2020,9/25/2020,6742,0.56,OK,Homarus americanus,12.6,,,
"Gulf St. Lawrence, PEI",Alberton,7/10/2020,9/25/2020,6742,0.56,OK,Homarus americanus,17,,,
"Gulf St. Lawrence, PEI",Alberton,7/10/2020,9/25/2020,6742,0.56,OK,Homarus americanus,17.1,,,
"Gulf St. Lawrence, PEI",Alberton,7/10/2020,9/25/2020,6742,0.56,OK,Homarus americanus,21.1,F,,
"Gulf St. Lawrence, PEI",Alberton,7/10/2020,9/25/2020,6742,0.56,OK,Homarus americanus,21.6,F,,
"Gulf St. Lawrence, PEI",Alberton,7/10/2020,9/25/2020,6743,0.56,OK,Homarus americanus,6.4,,,
"Gulf St. Lawrence, PEI",Alberton,7/10/2020,9/25/2020,6743,0.56,OK,Homarus americanus,7,,,
"Gulf St. Lawrence, PEI",Alberton,7/10/2020,9/25/2020,6743,0.56,OK,Homarus americanus,8.2,,,
"Gulf St. Lawrence, PEI",Alberton,7/10/2020,9/25/2020,6743,0.56,OK,Homarus americanus,8.9,,,
"Gulf St. Lawrence, PEI",Alberton,7/10/2020,9/25/2020,6743,0.56,OK,Homarus americanus,9.4,,,
"Gulf St. Lawrence, PEI",Alberton,7/10/2020,9/25/2020,6743,0.56,OK,Homarus americanus,9.6,,,
"Gulf St. Lawrence, PEI",Alberton,7/10/2020,9/25/2020,6743,0.56,OK,Homarus americanus,10,,,
"Gulf St. Lawrence, PEI",Alberton,7/10/2020,9/25/2020,6743,0.56,OK,Homarus americanus,10.3,,,
"Gulf St. Lawrence, PEI",Alberton,7/10/2020,9/25/2020,6743,0.56,OK,Homarus americanus,10.4,,,
"Gulf St. Lawrence, PEI",Alberton,7/10/2020,9/25/2020,6743,0.56,OK,Homarus americanus,11.5,,,
"Gulf St. Lawrence, PEI",Alberton,7/10/2020,9/25/2020,6743,0.56,OK,Homarus americanus,14,,,
"Gulf St. Lawrence, PEI",Alberton,7/10/2020,9/25/2020,6743,0.56,OK,Homarus americanus,18.8,,,
"Gulf St. Lawrence, PEI",Alberton,7/10/2020,9/25/2020,6743,0.56,OK,Homarus americanus,20.2,F,,
"Gulf St. Lawrence, PEI",Alberton,7/10/2020,9/25/2020,6743,0.56,OK,Homarus americanus,36.2,M,,
"Gulf St. Lawrence, PEI",Alberton,7/10/2020,9/25/2020,6744,0.56,OK,Homarus americanus,7.3,,,
"Gulf St. Lawrence, PEI",Alberton,7/10/2020,9/25/2020,6744,0.56,OK,Homarus americanus,7.8,,,
"Gulf St. Lawrence, PEI",Alberton,7/10/2020,9/25/2020,6744,0.56,OK,Homarus americanus,8.3,,,
"Gulf St. Lawrence, PEI",Alberton,7/10/2020,9/25/2020,6744,0.56,OK,Homarus americanus,9.9,,,
"Gulf St. Lawrence, PEI",Alberton,7/10/2020,9/25/2020,6744,0.56,OK,Homarus americanus,10.4,,,
"Gulf St. Lawrence, PEI",Alberton,7/10/2020,9/25/2020,6744,0.56,OK,Homarus americanus,14.6,,,
"Gulf St. Lawrence, PEI",Alberton,7/10/2020,9/25/2020,6744,0.56,OK,Homarus americanus,15.5,,,
"Gulf St. Lawrence, PEI",Alberton,7/10/2020,9/25/2020,6744,0.56,OK,Homarus americanus,16.9,,,
"Gulf St. Lawrence, PEI",Alberton,7/10/2020,9/25/2020,6744,0.56,OK,Homarus americanus,18.2,,,
"Gulf St. Lawrence, PEI",Alberton,7/10/2020,9/25/2020,6744,0.56,OK,Homarus americanus,20.2,,,
"Gulf St. Lawrence, PEI",Alberton,7/10/2020,9/25/2020,6744,0.56,OK,Homarus americanus,20.6,M,,
"Gulf St. Lawrence, PEI",Alberton,7/10/2020,9/25/2020,6745,0.56,OK,Homarus americanus,7.7,,,
"Gulf St. Lawrence, PEI",Alberton,7/10/2020,9/25/2020,6745,0.56,OK,Homarus americanus,8.3,,,
"Gulf St. Lawrence, PEI",Alberton,7/10/2020,9/25/2020,6745,0.56,OK,Homarus americanus,9.1,,,
"Gulf St. Lawrence, PEI",Alberton,7/10/2020,9/25/2020,6745,0.56,OK,Homarus americanus,9.2,,,
"Gulf St. Lawrence, PEI",Alberton,7/10/2020,9/25/2020,6745,0.56,OK,Homarus americanus,10.4,,,
"Gulf St. Lawrence, PEI",Alberton,7/10/2020,9/25/2020,6745,0.56,OK,Homarus americanus,10.6,,,
"Gulf St. Lawrence, PEI",Alberton,7/10/2020,9/25/2020,6745,0.56,OK,Homarus americanus,11.1,,,
"Gulf St. Lawrence, PEI",Alberton,7/10/2020,9/25/2020,6745,0.56,OK,Homarus americanus,11.5,,,
"Gulf St. Lawrence, PEI",Alberton,7/10/2020,9/25/2020,6745,0.56,OK,Homarus americanus,12.4,,,
"Gulf St. Lawrence, PEI",Alberton,7/10/2020,9/25/2020,6745,0.56,OK,Homarus americanus,13.6,,,
"Gulf St. Lawrence, PEI",Alberton,7/10/2020,9/25/2020,6745,0.56,OK,Homarus americanus,15.6,,,
"Gulf St. Lawrence, PEI",Alberton,7/10/2020,9/25/2020,6745,0.56,OK,Homarus americanus,20.3,F,,
"Gulf St. Lawrence, PEI",Alberton,7/10/2020,9/25/2020,6745,0.56,OK,Homarus americanus,20.6,M,,
"Gulf St. Lawrence, PEI",Alberton,7/10/2020,9/25/2020,6745,0.56,OK,Homarus americanus,22,M,,
"Gulf St. Lawrence, PEI",Alberton,7/10/2020,9/25/2020,6746,0.56,OK,Homarus americanus,6,,,
"Gulf St. Lawrence, PEI",Alberton,7/10/2020,9/25/2020,6746,0.56,OK,Homarus americanus,8.1,,,
"Gulf St. Lawrence, PEI",Alberton,7/10/2020,9/25/2020,6746,0.56,OK,Homarus americanus,8.6,,,
"Gulf St. Lawrence, PEI",Alberton,7/10/2020,9/25/2020,6746,0.56,OK,Homarus americanus,10.7,,,
"Gulf St. Lawrence, PEI",Alberton,7/10/2020,9/25/2020,6746,0.56,OK,Homarus americanus,11,,,
"Gulf St. Lawrence, PEI",Alberton,7/10/2020,9/25/2020,6746,0.56,OK,Homarus americanus,12.7,,,
"Gulf St. Lawrence, PEI",Alberton,7/10/2020,9/25/2020,6746,0.56,OK,Homarus americanus,14,,,
"Gulf St. Lawrence, PEI",Alberton,7/10/2020,9/25/2020,6746,0.56,OK,Homarus americanus,14.1,,,
"Gulf St. Lawrence, PEI",Alberton,7/10/2020,9/25/2020,6746,0.56,OK,Homarus americanus,14.6,,,
"Gulf St. Lawrence, PEI",Alberton,7/10/2020,9/25/2020,6746,0.56,OK,Homarus americanus,14.9,,,
"Gulf St. Lawrence, PEI",Alberton,7/10/2020,9/25/2020,6746,0.56,OK,Homarus americanus,19.5,,,
"Gulf St. Lawrence, PEI",Alberton,7/10/2020,9/25/2020,6746,0.56,OK,Homarus americanus,25.9,F,,
"Gulf St. Lawrence, PEI",Alberton,7/10/2020,9/25/2020,6746,0.56,OK,Homarus americanus,34.8,M,,
"Gulf St. Lawrence, PEI",Alberton,7/10/2020,9/25/2020,6747,0.56,OK,Homarus americanus,8.5,,,
"Gulf St. Lawrence, PEI",Alberton,7/10/2020,9/25/2020,6747,0.56,OK,Homarus americanus,10.2,,,
"Gulf St. Lawrence, PEI",Alberton,7/10/2020,9/25/2020,6747,0.56,OK,Homarus americanus,10.6,,,
"Gulf St. Lawrence, PEI",Alberton,7/10/2020,9/25/2020,6747,0.56,OK,Homarus americanus,11.2,,,
"Gulf St. Lawrence, PEI",Alberton,7/10/2020,9/25/2020,6747,0.56,OK,Homarus americanus,12.2,,,
"Gulf St. Lawrence, PEI",Alberton,7/10/2020,9/25/2020,6747,0.56,OK,Homarus americanus,12.8,,,
"Gulf St. Lawrence, PEI",Alberton,7/10/2020,9/25/2020,6747,0.56,OK,Homarus americanus,14.4,,,
"Gulf St. Lawrence, PEI",Alberton,7/10/2020,9/25/2020,6747,0.56,OK,Homarus americanus,18.5,,,
"Gulf St. Lawrence, PEI",Alberton,7/10/2020,9/25/2020,6747,0.56,OK,Homarus americanus,19.5,,,
"Gulf St. Lawrence, PEI",Alberton,7/10/2020,9/25/2020,6747,0.56,OK,Homarus americanus,30.4,m,,
"Gulf St. Lawrence, PEI",Alberton,7/10/2020,9/25/2020,6748,0.56,OK,Homarus americanus,10.1,,,
"Gulf St. Lawrence, PEI",Alberton,7/10/2020,9/25/2020,6748,0.56,OK,Homarus americanus,11.3,,,
"Gulf St. Lawrence, PEI",Alberton,7/10/2020,9/25/2020,6748,0.56,OK,Homarus americanus,12.4,,,
"Gulf St. Lawrence, PEI",Alberton,7/10/2020,9/25/2020,6748,0.56,OK,Homarus americanus,15.3,,,
"Gulf St. Lawrence, PEI",Alberton,7/10/2020,9/25/2020,6748,0.56,OK,Homarus americanus,24.9,M,,
"Gulf St. Lawrence, PEI",Alberton,7/10/2020,9/25/2020,6748,0.56,OK,Homarus americanus,30.3,F,,
"Gulf St. Lawrence, PEI",Alberton,7/10/2020,9/25/2020,6749,0.56,OK,Homarus americanus,7.3,,,
"Gulf St. Lawrence, PEI",Alberton,7/10/2020,9/25/2020,6749,0.56,OK,Homarus americanus,7.3,,,
"Gulf St. Lawrence, PEI",Alberton,7/10/2020,9/25/2020,6749,0.56,OK,Homarus americanus,7.7,,,
"Gulf St. Lawrence, PEI",Alberton,7/10/2020,9/25/2020,6749,0.56,OK,Homarus americanus,7.9,,,
"Gulf St. Lawrence, PEI",Alberton,7/10/2020,9/25/2020,6749,0.56,OK,Homarus americanus,7.9,,,
"Gulf St. Lawrence, PEI",Alberton,7/10/2020,9/25/2020,6749,0.56,OK,Homarus americanus,9,,,
"Gulf St. Lawrence, PEI",Alberton,7/10/2020,9/25/2020,6749,0.56,OK,Homarus americanus,9.2,,,
"Gulf St. Lawrence, PEI",Alberton,7/10/2020,9/25/2020,6749,0.56,OK,Homarus americanus,9.2,,,
"Gulf St. Lawrence, PEI",Alberton,7/10/2020,9/25/2020,6749,0.56,OK,Homarus americanus,9.7,,,
"Gulf St. Lawrence, PEI",Alberton,7/10/2020,9/25/2020,6749,0.56,OK,Homarus americanus,11.1,,,
"Gulf St. Lawrence, PEI",Alberton,7/10/2020,9/25/2020,6749,0.56,OK,Homarus americanus,12.5,,,
"Gulf St. Lawrence, PEI",Alberton,7/10/2020,9/25/2020,6749,0.56,OK,Homarus americanus,12.6,,,
"Gulf St. Lawrence, PEI",Alberton,7/10/2020,9/25/2020,6749,0.56,OK,Homarus americanus,13.3,,,
"Gulf St. Lawrence, PEI",Alberton,7/10/2020,9/25/2020,6749,0.56,OK,Homarus americanus,15.6,,,
"Gulf St. Lawrence, PEI",Alberton,7/10/2020,9/25/2020,6749,0.56,OK,Homarus americanus,16.1,,,
"Gulf St. Lawrence, PEI",Alberton,7/10/2020,9/25/2020,6749,0.56,OK,Homarus americanus,24.3,F,,
"Gulf St. Lawrence, PEI",Alberton,7/10/2020,9/25/2020,6749,0.56,OK,Homarus americanus,34.9,M,,
"Gulf St. Lawrence, PEI",Alberton,7/10/2020,9/25/2020,6749,0.56,OK,Homarus americanus,48.6,M,,
"Gulf St. Lawrence, PEI",Alberton,7/10/2020,9/25/2020,6750,0.56,OK,Homarus americanus,7.9,,,
"Gulf St. Lawrence, PEI",Alberton,7/10/2020,9/25/2020,6750,0.56,OK,Homarus americanus,8.4,,,
"Gulf St. Lawrence, PEI",Alberton,7/10/2020,9/25/2020,6750,0.56,OK,Homarus americanus,8.6,,,
"Gulf St. Lawrence, PEI",Alberton,7/10/2020,9/25/2020,6750,0.56,OK,Homarus americanus,11.5,,,
"Gulf St. Lawrence, PEI",Alberton,7/10/2020,9/25/2020,6750,0.56,OK,Homarus americanus,14.7,,,
"Gulf St. Lawrence, PEI",Alberton,7/10/2020,9/25/2020,6750,0.56,OK,Homarus americanus,15.1,,,
"Gulf St. Lawrence, PEI",Alberton,7/10/2020,9/25/2020,6750,0.56,OK,Homarus americanus,18.9,,,
"Gulf St. Lawrence, PEI",Alberton,7/10/2020,9/25/2020,6750,0.56,OK,Homarus americanus,23.2,M,,
"Gulf St. Lawrence, PEI",Alberton,7/10/2020,9/25/2020,6750,0.56,OK,Homarus americanus,25.5,M,,
"Gulf St. Lawrence, PEI",Alberton,7/10/2020,9/25/2020,6750,0.56,OK,Homarus americanus,31.2,F,,
"Gulf St. Lawrence, PEI",Alberton,7/10/2020,9/25/2020,6751,0.56,OK,Homarus americanus,7.1,,,
"Gulf St. Lawrence, PEI",Alberton,7/10/2020,9/25/2020,6751,0.56,OK,Homarus americanus,7.3,,,
"Gulf St. Lawrence, PEI",Alberton,7/10/2020,9/25/2020,6751,0.56,OK,Homarus americanus,7.6,,,
"Gulf St. Lawrence, PEI",Alberton,7/10/2020,9/25/2020,6751,0.56,OK,Homarus americanus,7.7,,,
"Gulf St. Lawrence, PEI",Alberton,7/10/2020,9/25/2020,6751,0.56,OK,Homarus americanus,8,,,
"Gulf St. Lawrence, PEI",Alberton,7/10/2020,9/25/2020,6751,0.56,OK,Homarus americanus,8,,,
"Gulf St. Lawrence, PEI",Alberton,7/10/2020,9/25/2020,6751,0.56,OK,Homarus americanus,8.2,,,
"Gulf St. Lawrence, PEI",Alberton,7/10/2020,9/25/2020,6751,0.56,OK,Homarus americanus,8.8,,,
"Gulf St. Lawrence, PEI",Alberton,7/10/2020,9/25/2020,6751,0.56,OK,Homarus americanus,9,,,
"Gulf St. Lawrence, PEI",Alberton,7/10/2020,9/25/2020,6751,0.56,OK,Homarus americanus,10.1,,,
"Gulf St. Lawrence, PEI",Alberton,7/10/2020,9/25/2020,6751,0.56,OK,Homarus americanus,10.9,,,
"Gulf St. Lawrence, PEI",Alberton,7/10/2020,9/25/2020,6751,0.56,OK,Homarus americanus,13.1,,,
"Gulf St. Lawrence, PEI",Alberton,7/10/2020,9/25/2020,6751,0.56,OK,Homarus americanus,15.6,,,
"Gulf St. Lawrence, PEI",Alberton,7/10/2020,9/25/2020,6751,0.56,OK,Homarus americanus,16.1,,,
"Gulf St. Lawrence, PEI",Alberton,7/10/2020,9/25/2020,6751,0.56,OK,Homarus americanus,20.8,M,,
"Gulf St. Lawrence, PEI",Alberton,7/10/2020,9/25/2020,6751,0.56,OK,Homarus americanus,21.6,F,,
"Gulf St. Lawrence, PEI",Alberton,7/10/2020,9/25/2020,6752,0.56,OK,Homarus americanus,7.3,,,
"Gulf St. Lawrence, PEI",Alberton,7/10/2020,9/25/2020,6752,0.56,OK,Homarus americanus,7.3,,,
"Gulf St. Lawrence, PEI",Alberton,7/10/2020,9/25/2020,6752,0.56,OK,Homarus americanus,7.4,,,
"Gulf St. Lawrence, PEI",Alberton,7/10/2020,9/25/2020,6752,0.56,OK,Homarus americanus,7.7,,,
"Gulf St. Lawrence, PEI",Alberton,7/10/2020,9/25/2020,6752,0.56,OK,Homarus americanus,8,,,
"Gulf St. Lawrence, PEI",Alberton,7/10/2020,9/25/2020,6752,0.56,OK,Homarus americanus,9,,,
"Gulf St. Lawrence, PEI",Alberton,7/10/2020,9/25/2020,6752,0.56,OK,Homarus americanus,9.3,,,
"Gulf St. Lawrence, PEI",Alberton,7/10/2020,9/25/2020,6752,0.56,OK,Homarus americanus,9.6,,,
"Gulf St. Lawrence, PEI",Alberton,7/10/2020,9/25/2020,6752,0.56,OK,Homarus americanus,9.7,,,
"Gulf St. Lawrence, PEI",Alberton,7/10/2020,9/25/2020,6752,0.56,OK,Homarus americanus,10.7,,,
"Gulf St. Lawrence, PEI",Alberton,7/10/2020,9/25/2020,6752,0.56,OK,Homarus americanus,14.3,,,
"Gulf St. Lawrence, PEI",Alberton,7/10/2020,9/25/2020,6752,0.56,OK,Homarus americanus,15.4,,,
"Gulf St. Lawrence, PEI",Alberton,7/10/2020,9/25/2020,6752,0.56,OK,Homarus americanus,16.4,,,
"Gulf St. Lawrence, PEI",Alberton,7/10/2020,9/25/2020,6752,0.56,OK,Homarus americanus,18.7,,,
"Gulf St. Lawrence, PEI",Alberton,7/10/2020,9/25/2020,6752,0.56,OK,Homarus americanus,22.1,F,,
"Gulf St. Lawrence, PEI",Alberton,7/10/2020,9/25/2020,6752,0.56,OK,Homarus americanus,24.2,M,,
"Gulf St. Lawrence, PEI",Alberton,7/10/2020,9/25/2020,6752,0.56,OK,Homarus americanus,31.9,M,,
"Gulf St. Lawrence, PEI",Alberton,7/10/2020,9/25/2020,6753,0.56,OK,Homarus americanus,6.7,,,
"Gulf St. Lawrence, PEI",Alberton,7/10/2020,9/25/2020,6753,0.56,OK,Homarus americanus,6.7,,,
"Gulf St. Lawrence, PEI",Alberton,7/10/2020,9/25/2020,6753,0.56,OK,Homarus americanus,7.4,,,
"Gulf St. Lawrence, PEI",Alberton,7/10/2020,9/25/2020,6753,0.56,OK,Homarus americanus,7.8,,,
"Gulf St. Lawrence, PEI",Alberton,7/10/2020,9/25/2020,6753,0.56,OK,Homarus americanus,7.9,,,
"Gulf St. Lawrence, PEI",Alberton,7/10/2020,9/25/2020,6753,0.56,OK,Homarus americanus,8.4,,,
"Gulf St. Lawrence, PEI",Alberton,7/10/2020,9/25/2020,6753,0.56,OK,Homarus americanus,8.7,,,
"Gulf St. Lawrence, PEI",Alberton,7/10/2020,9/25/2020,6753,0.56,OK,Homarus americanus,9.8,,,
"Gulf St. Lawrence, PEI",Alberton,7/10/2020,9/25/2020,6753,0.56,OK,Homarus americanus,13.2,,,
"Gulf St. Lawrence, PEI",Alberton,7/10/2020,9/25/2020,6753,0.56,OK,Homarus americanus,13.9,,,
"Gulf St. Lawrence, PEI",Alberton,7/10/2020,9/25/2020,6753,0.56,OK,Homarus americanus,14.6,,,
"Gulf St. Lawrence, PEI",Alberton,7/10/2020,9/25/2020,6753,0.56,OK,Homarus americanus,15.4,,,
"Gulf St. Lawrence, PEI",Alberton,7/10/2020,9/25/2020,6753,0.56,OK,Homarus americanus,24,M,,
"Gulf St. Lawrence, PEI",Alberton,7/10/2020,9/25/2020,6753,0.56,OK,Homarus americanus,28.8,F,,
"Gulf St. Lawrence, PEI",Alberton,7/10/2020,9/25/2020,6754,0.56,OK,Homarus americanus,7.7,,,
"Gulf St. Lawrence, PEI",Alberton,7/10/2020,9/25/2020,6754,0.56,OK,Homarus americanus,8.7,,,
"Gulf St. Lawrence, PEI",Alberton,7/10/2020,9/25/2020,6754,0.56,OK,Homarus americanus,10.4,,,
"Gulf St. Lawrence, PEI",Alberton,7/10/2020,9/25/2020,6754,0.56,OK,Homarus americanus,11,,,
"Gulf St. Lawrence, PEI",Alberton,7/10/2020,9/25/2020,6754,0.56,OK,Homarus americanus,12.2,,,
"Gulf St. Lawrence, PEI",Alberton,7/10/2020,9/25/2020,6754,0.56,OK,Homarus americanus,25.4,M,,
"Gulf St. Lawrence, PEI",Alberton,7/10/2020,9/25/2020,6754,0.56,OK,Homarus americanus,44.8,F,,
"Gulf St. Lawrence, PEI",Alberton,7/10/2020,9/25/2020,6755,0.56,OK,Homarus americanus,7.5,,,
"Gulf St. Lawrence, PEI",Alberton,7/10/2020,9/25/2020,6755,0.56,OK,Homarus americanus,7.6,,,
"Gulf St. Lawrence, PEI",Alberton,7/10/2020,9/25/2020,6755,0.56,OK,Homarus americanus,8,,,
"Gulf St. Lawrence, PEI",Alberton,7/10/2020,9/25/2020,6755,0.56,OK,Homarus americanus,8.2,,,
"Gulf St. Lawrence, PEI",Alberton,7/10/2020,9/25/2020,6755,0.56,OK,Homarus americanus,8.2,,,
"Gulf St. Lawrence, PEI",Alberton,7/10/2020,9/25/2020,6755,0.56,OK,Homarus americanus,9.1,,,
"Gulf St. Lawrence, PEI",Alberton,7/10/2020,9/25/2020,6755,0.56,OK,Homarus americanus,9.3,,,
"Gulf St. Lawrence, PEI",Alberton,7/10/2020,9/25/2020,6755,0.56,OK,Homarus americanus,10.8,,,
"Gulf St. Lawrence, PEI",Alberton,7/10/2020,9/25/2020,6755,0.56,OK,Homarus americanus,12.2,,,
"Gulf St. Lawrence, PEI",Alberton,7/10/2020,9/25/2020,6755,0.56,OK,Homarus americanus,13,,,
"Gulf St. Lawrence, PEI",Alberton,7/10/2020,9/25/2020,6755,0.56,OK,Homarus americanus,16.7,,,
"Gulf St. Lawrence, PEI",Alberton,7/10/2020,9/25/2020,6756,0.56,OK,Homarus americanus,7.4,,,
"Gulf St. Lawrence, PEI",Alberton,7/10/2020,9/25/2020,6756,0.56,OK,Homarus americanus,8.6,,,
"Gulf St. Lawrence, PEI",Alberton,7/10/2020,9/25/2020,6756,0.56,OK,Homarus americanus,9.3,,,
"Gulf St. Lawrence, PEI",Alberton,7/10/2020,9/25/2020,6756,0.56,OK,Homarus americanus,11.4,,,
"Gulf St. Lawrence, PEI",Alberton,7/10/2020,9/25/2020,6756,0.56,OK,Homarus americanus,11.9,,,
"Gulf St. Lawrence, PEI",Alberton,7/10/2020,9/25/2020,6756,0.56,OK,Homarus americanus,11.9,,,
"Gulf St. Lawrence, PEI",Alberton,7/10/2020,9/25/2020,6756,0.56,OK,Homarus americanus,13.6,,,
"Gulf St. Lawrence, PEI",Alberton,7/10/2020,9/25/2020,6756,0.56,OK,Homarus americanus,15,,,
"Gulf St. Lawrence, PEI",Alberton,7/10/2020,9/25/2020,6756,0.56,OK,Homarus americanus,18.9,,,
"Gulf St. Lawrence, PEI",Alberton,7/10/2020,9/25/2020,6756,0.56,OK,Homarus americanus,19.4,,,
"Gulf St. Lawrence, PEI",Alberton,7/10/2020,9/25/2020,6756,0.56,OK,Homarus americanus,20.4,F,,
"Gulf St. Lawrence, PEI",Alberton,7/10/2020,9/25/2020,6757,0.56,OK,Homarus americanus,7.3,,,
"Gulf St. Lawrence, PEI",Alberton,7/10/2020,9/25/2020,6757,0.56,OK,Homarus americanus,8,,,
"Gulf St. Lawrence, PEI",Alberton,7/10/2020,9/25/2020,6757,0.56,OK,Homarus americanus,8,,,
"Gulf St. Lawrence, PEI",Alberton,7/10/2020,9/25/2020,6757,0.56,OK,Homarus americanus,8.7,,,
"Gulf St. Lawrence, PEI",Alberton,7/10/2020,9/25/2020,6757,0.56,OK,Homarus americanus,9.9,,,
"Gulf St. Lawrence, PEI",Alberton,7/10/2020,9/25/2020,6757,0.56,OK,Homarus americanus,10.3,,,
"Gulf St. Lawrence, PEI",Alberton,7/10/2020,9/25/2020,6757,0.56,OK,Homarus americanus,10.8,,,
"Gulf St. Lawrence, PEI",Alberton,7/10/2020,9/25/2020,6757,0.56,OK,Homarus americanus,10.8,,,
"Gulf St. Lawrence, PEI",Alberton,7/10/2020,9/25/2020,6757,0.56,OK,Homarus americanus,12.4,,,
"Gulf St. Lawrence, PEI",Alberton,7/10/2020,9/25/2020,6757,0.56,OK,Homarus americanus,16,,,
"Gulf St. Lawrence, PEI",Alberton,7/10/2020,9/25/2020,6757,0.56,OK,Homarus americanus,19,,,
"Gulf St. Lawrence, PEI",Alberton,7/10/2020,9/25/2020,6757,0.56,OK,Homarus americanus,23.3,f,,
"Gulf St. Lawrence, PEI",Alberton,7/10/2020,9/25/2020,6758,0.56,OK,Homarus americanus,7.2,,,
"Gulf St. Lawrence, PEI",Alberton,7/10/2020,9/25/2020,6758,0.56,OK,Homarus americanus,10.7,,,
"Gulf St. Lawrence, PEI",Alberton,7/10/2020,9/25/2020,6758,0.56,OK,Homarus americanus,14,,,
"Gulf St. Lawrence, PEI",Alberton,7/10/2020,9/25/2020,6758,0.56,OK,Homarus americanus,14.6,,,
"Gulf St. Lawrence, PEI",Alberton,7/10/2020,9/25/2020,6758,0.56,OK,Homarus americanus,17.5,,,
"Gulf St. Lawrence, PEI",Alberton,7/10/2020,9/25/2020,6759,0.56,OK,Homarus americanus,7.1,,,
"Gulf St. Lawrence, PEI",Alberton,7/10/2020,9/25/2020,6759,0.56,OK,Homarus americanus,7.6,,,
"Gulf St. Lawrence, PEI",Alberton,7/10/2020,9/25/2020,6759,0.56,OK,Homarus americanus,8.6,,,
"Gulf St. Lawrence, PEI",Alberton,7/10/2020,9/25/2020,6759,0.56,OK,Homarus americanus,9,,,
"Gulf St. Lawrence, PEI",Alberton,7/10/2020,9/25/2020,6759,0.56,OK,Homarus americanus,9.1,,,
"Gulf St. Lawrence, PEI",Alberton,7/10/2020,9/25/2020,6759,0.56,OK,Homarus americanus,9.7,,,
"Gulf St. Lawrence, PEI",Alberton,7/10/2020,9/25/2020,6759,0.56,OK,Homarus americanus,11.9,,,
"Gulf St. Lawrence, PEI",Alberton,7/10/2020,9/25/2020,6759,0.56,OK,Homarus americanus,13.5,,,
"Gulf St. Lawrence, PEI",Alberton,7/10/2020,9/25/2020,6759,0.56,OK,Homarus americanus,18.1,,,
"Gulf St. Lawrence, PEI",Alberton,7/10/2020,9/25/2020,6759,0.56,OK,Homarus americanus,21.9,F,,
"Gulf St. Lawrence, PEI",Alberton,7/10/2020,9/25/2020,6759,0.56,OK,Homarus americanus,26.8,M,,
"Gulf St. Lawrence, PEI",Alberton,7/10/2020,9/25/2020,6759,0.56,OK,Homarus americanus,39.1,F,,
"Gulf St. Lawrence, PEI",Alberton,7/10/2020,9/25/2020,6760,0.56,OK,Homarus americanus,8,,,
"Gulf St. Lawrence, PEI",Alberton,7/10/2020,9/25/2020,6760,0.56,OK,Homarus americanus,11,,,
"Gulf St. Lawrence, PEI",Alberton,7/10/2020,9/25/2020,6760,0.56,OK,Homarus americanus,11.9,,,
"Gulf St. Lawrence, PEI",Alberton,7/10/2020,9/25/2020,6760,0.56,OK,Homarus americanus,19,,,
"Gulf St. Lawrence, PEI",Alberton,7/10/2020,9/25/2020,6760,0.56,OK,Homarus americanus,31.1,F,,
"Gulf St. Lawrence, PEI",Alberton,7/10/2020,9/25/2020,6760,0.56,OK,Homarus americanus,46.8,M,,
Central Northumberland,Cape Egemont,6/24/2020,10/19/2020,6601,0.56,OK,Homarus americanus,29.3,M,,
Central Northumberland,Cape Egemont,6/24/2020,10/19/2020,6601,0.56,OK,Homarus americanus,38.4,F,,
Central Northumberland,Cape Egemont,6/24/2020,10/19/2020,6602,0.56,OK,Homarus americanus,18.2,,,
Central Northumberland,Cape Egemont,6/24/2020,10/19/2020,6602,0.56,OK,Homarus americanus,42.6,F,,
Central Northumberland,Cape Egemont,6/24/2020,10/19/2020,6603,0.56,OK,Homarus americanus,19.9,,,
Central Northumberland,Cape Egemont,6/24/2020,10/19/2020,6603,0.56,OK,Homarus americanus,31.2,M,,
Central Northumberland,Cape Egemont,6/24/2020,10/19/2020,6603,0.56,OK,Homarus americanus,41.7,F,,
Central Northumberland,Cape Egemont,6/24/2020,10/19/2020,6604,0.56,OK,Homarus americanus,11.8,,,
Central Northumberland,Cape Egemont,6/24/2020,10/19/2020,6604,0.56,OK,Homarus americanus,23.5,M,,
Central Northumberland,Cape Egemont,6/24/2020,10/19/2020,6604,0.56,OK,Homarus americanus,35.2,M,,
Central Northumberland,Cape Egemont,6/24/2020,10/19/2020,6604,0.56,OK,Homarus americanus,43.5,M,,
Central Northumberland,Cape Egemont,6/24/2020,10/19/2020,6605,0.56,OK,Homarus americanus,20.8,M,,
Central Northumberland,Cape Egemont,6/24/2020,10/19/2020,6605,0.56,OK,Homarus americanus,37.9,F,,
Central Northumberland,Cape Egemont,6/24/2020,10/19/2020,6605,0.56,OK,Homarus americanus,40.1,F,,
Central Northumberland,Cape Egemont,6/24/2020,10/19/2020,6606,0.56,OK,Homarus americanus,11.4,,,
Central Northumberland,Cape Egemont,6/24/2020,10/19/2020,6606,0.56,OK,Homarus americanus,31.6,M,,
Central Northumberland,Cape Egemont,6/24/2020,10/19/2020,6606,0.56,OK,Homarus americanus,37.7,M,,
Central Northumberland,Cape Egemont,6/24/2020,10/19/2020,6606,0.56,OK,Homarus americanus,40.3,M,,
Central Northumberland,Cape Egemont,6/24/2020,10/19/2020,6606,0.56,OK,Homarus americanus,43.2,F,,
Central Northumberland,Cape Egemont,6/24/2020,10/19/2020,6607,0.56,OK,Homarus americanus,27.3,M,,
Central Northumberland,Cape Egemont,6/24/2020,10/19/2020,6607,0.56,OK,Homarus americanus,37,M,,
Central Northumberland,Cape Egemont,6/24/2020,10/19/2020,6607,0.56,OK,Homarus americanus,41.1,M,,
Central Northumberland,Cape Egemont,6/24/2020,10/19/2020,6608,0.56,OK,Homarus americanus,24.2,F,,
Central Northumberland,Cape Egemont,6/24/2020,10/19/2020,6608,0.56,OK,Homarus americanus,31.2,F,,
Central Northumberland,Cape Egemont,6/24/2020,10/19/2020,6608,0.56,OK,Homarus americanus,36.2,F,,
Central Northumberland,Cape Egemont,6/24/2020,10/19/2020,6608,0.56,OK,Homarus americanus,37.7,M,,
Central Northumberland,Cape Egemont,6/24/2020,10/19/2020,6609,0.56,OK,Homarus americanus,18.9,,,
Central Northumberland,Cape Egemont,6/24/2020,10/19/2020,6609,0.56,OK,Homarus americanus,32.2,M,,
Central Northumberland,Cape Egemont,6/24/2020,10/19/2020,6609,0.56,OK,Homarus americanus,38.4,M,,
Central Northumberland,Cape Egemont,6/24/2020,10/19/2020,6609,0.56,OK,Homarus americanus,46.8,M,,
Central Northumberland,Cape Egemont,6/24/2020,10/19/2020,6610,0.56,OK,Homarus americanus,11.9,,,
Central Northumberland,Cape Egemont,6/24/2020,10/19/2020,6610,0.56,OK,Homarus americanus,18.2,,,
Central Northumberland,Cape Egemont,6/24/2020,10/19/2020,6610,0.56,OK,Homarus americanus,25.6,M,,
Central Northumberland,Cape Egemont,6/24/2020,10/19/2020,6610,0.56,OK,Homarus americanus,31.3,F,,
Central Northumberland,Cape Egemont,6/24/2020,10/19/2020,6610,0.56,OK,Homarus americanus,33.7,M,,
Central Northumberland,Cape Egemont,6/24/2020,10/19/2020,6610,0.56,OK,Homarus americanus,49.4,M,,
Central Northumberland,Cape Egemont,6/24/2020,10/19/2020,6611,0.56,OK,Homarus americanus,18.5,M,,
Central Northumberland,Cape Egemont,6/24/2020,10/19/2020,6611,0.56,OK,Homarus americanus,35.3,F,,
Central Northumberland,Cape Egemont,6/24/2020,10/19/2020,6612,0.56,OK,Homarus americanus,20,M,,
Central Northumberland,Cape Egemont,6/24/2020,10/19/2020,6612,0.56,OK,Homarus americanus,20.8,F,,
Central Northumberland,Cape Egemont,6/24/2020,10/19/2020,6612,0.56,OK,Homarus americanus,28.7,M,,
Central Northumberland,Cape Egemont,6/24/2020,10/19/2020,6612,0.56,OK,Homarus americanus,44.9,M,,
Central Northumberland,Cape Egemont,6/24/2020,10/19/2020,6613,0.56,OK,Homarus americanus,24.1,F,,
Central Northumberland,Cape Egemont,6/24/2020,10/19/2020,6613,0.56,OK,Homarus americanus,34,F,,
Central Northumberland,Cape Egemont,6/24/2020,10/19/2020,6613,0.56,OK,Homarus americanus,34.1,M,,
Central Northumberland,Cape Egemont,6/24/2020,10/19/2020,6613,0.56,OK,Homarus americanus,34.7,M,,
Central Northumberland,Cape Egemont,6/24/2020,10/19/2020,6613,0.56,OK,Homarus americanus,44.2,M,,
Central Northumberland,Cape Egemont,6/24/2020,10/19/2020,6614,0.56,OK,Homarus americanus,22.1,F,,
Central Northumberland,Cape Egemont,6/24/2020,10/19/2020,6614,0.56,OK,Homarus americanus,34.3,F,,
Central Northumberland,Cape Egemont,6/24/2020,10/19/2020,6614,0.56,OK,Homarus americanus,39.2,F,,
Central Northumberland,Cape Egemont,6/24/2020,10/19/2020,6614,0.56,OK,Homarus americanus,41.9,M,,
Central Northumberland,Cape Egemont,6/24/2020,10/19/2020,6615,0.56,OK,Homarus americanus,21.7,F,,
Central Northumberland,Cape Egemont,6/24/2020,10/19/2020,6615,0.56,OK,Homarus americanus,22.8,M,,
Central Northumberland,Cape Egemont,6/24/2020,10/19/2020,6615,0.56,OK,Homarus americanus,36.5,M,,
Central Northumberland,Cape Egemont,6/24/2020,10/19/2020,6615,0.56,OK,Homarus americanus,43.9,F,,
Central Northumberland,Cape Egemont,6/24/2020,10/19/2020,6615,0.56,OK,Homarus americanus,44.8,M,,
Central Northumberland,Cape Egemont,6/24/2020,10/19/2020,6616,0.56,OK,Homarus americanus,22.3,F,,
Central Northumberland,Cape Egemont,6/24/2020,10/19/2020,6616,0.56,OK,Homarus americanus,33,M,,
Central Northumberland,Cape Egemont,6/24/2020,10/19/2020,6616,0.56,OK,Homarus americanus,38.6,M,,
Central Northumberland,Cape Egemont,6/24/2020,10/19/2020,6616,0.56,OK,Homarus americanus,47.7,F,,
Central Northumberland,Cape Egemont,6/24/2020,10/19/2020,6617,0.56,OK,Homarus americanus,21.1,M,,
Central Northumberland,Cape Egemont,6/24/2020,10/19/2020,6617,0.56,OK,Homarus americanus,28.7,M,,
Central Northumberland,Cape Egemont,6/24/2020,10/19/2020,6617,0.56,OK,Homarus americanus,31.5,F,,
Central Northumberland,Cape Egemont,6/24/2020,10/19/2020,6617,0.56,OK,Homarus americanus,44.4,F,,
Central Northumberland,Cape Egemont,6/24/2020,10/19/2020,6618,0.56,OK,,,,,
Central Northumberland,Cape Egemont,6/24/2020,10/19/2020,6619,0.56,OK,Homarus americanus,22.4,F,,
Central Northumberland,Cape Egemont,6/24/2020,10/19/2020,6619,0.56,OK,Homarus americanus,32.3,F,,
Central Northumberland,Cape Egemont,6/24/2020,10/19/2020,6619,0.56,OK,Homarus americanus,47.6,F,,
Central Northumberland,Cape Egemont,6/24/2020,10/19/2020,6620,0.56,OK,Homarus americanus,10.1,,,
Central Northumberland,Cape Egemont,6/24/2020,10/19/2020,6620,0.56,OK,Homarus americanus,20.2,M,,
Central Northumberland,Cape Egemont,6/24/2020,10/19/2020,6620,0.56,OK,Homarus americanus,32.6,F,,
Central Northumberland,Cape Egemont,6/24/2020,10/19/2020,6620,0.56,OK,Homarus americanus,39.9,M,,
Central Northumberland,Cape Egemont,6/24/2020,10/19/2020,6621,0.56,OK,Homarus americanus,21.4,F,,
Central Northumberland,Cape Egemont,6/24/2020,10/19/2020,6621,0.56,OK,Homarus americanus,30.2,F,,
Central Northumberland,Cape Egemont,6/24/2020,10/19/2020,6621,0.56,OK,Homarus americanus,37.6,M,,
Central Northumberland,Cape Egemont,6/24/2020,10/19/2020,6621,0.56,OK,Homarus americanus,46.9,F,,
Central Northumberland,Cape Egemont,6/24/2020,10/19/2020,6622,0.56,OK,Homarus americanus,12.4,,,
Central Northumberland,Cape Egemont,6/24/2020,10/19/2020,6622,0.56,OK,Homarus americanus,19.5,,,
Central Northumberland,Cape Egemont,6/24/2020,10/19/2020,6622,0.56,OK,Homarus americanus,22.5,M,,
Central Northumberland,Cape Egemont,6/24/2020,10/19/2020,6623,0.56,OK,Homarus americanus,26.5,F,,
Central Northumberland,Cape Egemont,6/24/2020,10/19/2020,6623,0.56,OK,Homarus americanus,48.3,M,,
Central Northumberland,Cape Egemont,6/24/2020,10/19/2020,6624,0.56,OK,Homarus americanus,13.9,,,
Central Northumberland,Cape Egemont,6/24/2020,10/19/2020,6624,0.56,OK,Homarus americanus,19.2,,,
Central Northumberland,Cape Egemont,6/24/2020,10/19/2020,6624,0.56,OK,Homarus americanus,33.4,F,,
Central Northumberland,Cape Egemont,6/24/2020,10/19/2020,6624,0.56,OK,Homarus americanus,36.9,F,,
Central Northumberland,Cape Egemont,6/24/2020,10/19/2020,6624,0.56,OK,Homarus americanus,43.9,F,,
Central Northumberland,Cape Egemont,6/24/2020,10/19/2020,6625,0.56,OK,Homarus americanus,21.9,M,,
Central Northumberland,Cape Egemont,6/24/2020,10/19/2020,6625,0.56,OK,Homarus americanus,22.6,M,,
Central Northumberland,Cape Egemont,6/24/2020,10/19/2020,6625,0.56,OK,Homarus americanus,33.9,F,,
Central Northumberland,Cape Egemont,6/24/2020,10/19/2020,6625,0.56,OK,Homarus americanus,34.8,F,,
Central Northumberland,Cape Egemont,6/24/2020,10/19/2020,6625,0.56,OK,Homarus americanus,43.9,M,,
Central Northumberland,Cape Egemont,6/24/2020,10/19/2020,6627,0.56,OK,Homarus americanus,8.9,,,
Central Northumberland,Cape Egemont,6/24/2020,10/19/2020,6627,0.56,OK,Homarus americanus,22.2,M,,
Central Northumberland,Cape Egemont,6/24/2020,10/19/2020,6627,0.56,OK,Homarus americanus,32,M,,
Central Northumberland,Cape Egemont,6/24/2020,10/19/2020,6627,0.56,OK,Homarus americanus,43.9,M,,
Central Northumberland,Cape Egemont,6/24/2020,10/19/2020,6628,0.56,OK,Homarus americanus,17.9,,,
Central Northumberland,Cape Egemont,6/24/2020,10/19/2020,6628,0.56,OK,Homarus americanus,35.1,M,,
Central Northumberland,Cape Egemont,6/24/2020,10/19/2020,6628,0.56,OK,Homarus americanus,40,M,,
Central Northumberland,Cape Egemont,6/24/2020,10/19/2020,6629,0.56,OK,Homarus americanus,20.1,F,,
Central Northumberland,Cape Egemont,6/24/2020,10/19/2020,6629,0.56,OK,Homarus americanus,20.3,M,,
Central Northumberland,Cape Egemont,6/24/2020,10/19/2020,6629,0.56,OK,Homarus americanus,31.7,M,,
Central Northumberland,Cape Egemont,6/24/2020,10/19/2020,6629,0.56,OK,Homarus americanus,33.7,M,,
Central Northumberland,Cape Egemont,6/24/2020,10/19/2020,6629,0.56,OK,Homarus americanus,45,M,,
Central Northumberland,Cape Egemont,6/24/2020,10/19/2020,6630,0.56,OK,Homarus americanus,39.5,F,,
"Gulf St. Lawrence, PEI",Covehead,7/13/2020,10/2/2020,6761,0.56,OK,,,,,
"Gulf St. Lawrence, PEI",Covehead,7/13/2020,10/2/2020,6762,0.56,OK,,,,,
"Gulf St. Lawrence, PEI",Covehead,7/13/2020,10/2/2020,6763,0.56,OK,,,,,
"Gulf St. Lawrence, PEI",Covehead,7/13/2020,10/2/2020,6764,0.56,OK,,,,,
"Gulf St. Lawrence, PEI",Covehead,7/13/2020,10/2/2020,6765,0.56,OK,,,,,
"Gulf St. Lawrence, PEI",Covehead,7/13/2020,10/2/2020,6766,0.56,OK,,,,,
"Gulf St. Lawrence, PEI",Covehead,7/13/2020,10/2/2020,6767,0.56,OK,,,,,
"Gulf St. Lawrence, PEI",Covehead,7/13/2020,10/2/2020,6768,0.56,OK,,,,,
"Gulf St. Lawrence, PEI",Covehead,7/13/2020,10/2/2020,6769,0.56,OK,,,,,
"Gulf St. Lawrence, PEI",Covehead,7/13/2020,10/2/2020,6770,0.56,OK,,,,,
"Gulf St. Lawrence, PEI",Covehead,7/13/2020,10/2/2020,6771,0.56,OK,,,,,
"Gulf St. Lawrence, PEI",Covehead,7/13/2020,10/2/2020,6772,0.56,OK,,,,,
"Gulf St. Lawrence, PEI",Covehead,7/13/2020,10/2/2020,6773,0.56,OK,,,,,
"Gulf St. Lawrence, PEI",Covehead,7/13/2020,10/2/2020,6774,0.56,OK,,,,,
"Gulf St. Lawrence, PEI",Covehead,7/13/2020,10/2/2020,6775,0.56,OK,,,,,
"Gulf St. Lawrence, PEI",Covehead,7/13/2020,10/2/2020,6776,0.56,OK,,,,,
"Gulf St. Lawrence, PEI",Covehead,7/13/2020,10/2/2020,6777,0.56,OK,,,,,
"Gulf St. Lawrence, PEI",Covehead,7/13/2020,10/2/2020,6778,0.56,OK,,,,,
"Gulf St. Lawrence, PEI",Covehead,7/13/2020,10/2/2020,6779,0.56,OK,,,,,
"Gulf St. Lawrence, PEI",Covehead,7/13/2020,10/2/2020,6780,0.56,OK,,,,,
"Gulf St. Lawrence, PEI",Covehead,7/13/2020,10/2/2020,6781,0.56,OK,,,,,
"Gulf St. Lawrence, PEI",Covehead,7/13/2020,10/2/2020,6782,0.56,Lost,,,,,not recovered
"Gulf St. Lawrence, PEI",Covehead,7/13/2020,10/2/2020,6783,0.56,OK,,,,,
"Gulf St. Lawrence, PEI",Covehead,7/13/2020,10/2/2020,6784,0.56,OK,,,,,
"Gulf St. Lawrence, PEI",Covehead,7/13/2020,10/2/2020,6785,0.56,OK,,,,,
"Gulf St. Lawrence, PEI",Covehead,7/13/2020,10/2/2020,6786,0.56,OK,,,,,
"Gulf St. Lawrence, PEI",Covehead,7/13/2020,10/2/2020,6787,0.56,OK,,,,,
"Gulf St. Lawrence, PEI",Covehead,7/13/2020,10/2/2020,6788,0.56,OK,,,,,
"Gulf St. Lawrence, PEI",Covehead,7/13/2020,10/2/2020,6789,0.56,OK,,,,,
"Gulf St. Lawrence, PEI",Covehead,7/13/2020,10/2/2020,6790,0.56,OK,,,,,
"Northeast PEI",Fortune2,7/6/2020,9/21/2020,6661,0.56,Lost,,,,,not recovered
"Northeast PEI",Fortune2,7/6/2020,9/21/2020,6662,0.56,OK,Homarus americanus,25.2,F,,
"Northeast PEI",Fortune2,7/6/2020,9/21/2020,6663,0.56,OK,Homarus americanus,11.8,,,
"Northeast PEI",Fortune2,7/6/2020,9/21/2020,6663,0.56,OK,Homarus americanus,24.5,F,,
"Northeast PEI",Fortune2,7/6/2020,9/21/2020,6663,0.56,OK,Homarus americanus,33.2,F,,
"Northeast PEI",Fortune2,7/6/2020,9/21/2020,6664,0.56,OK,Homarus americanus,8.5,,,
"Northeast PEI",Fortune2,7/6/2020,9/21/2020,6665,0.56,OK,Homarus americanus,9.1,,,
"Northeast PEI",Fortune2,7/6/2020,9/21/2020,6665,0.56,OK,Homarus americanus,24,M,,
"Northeast PEI",Fortune,7/6/2020,9/21/2020,6666,0.56,OK,Homarus americanus,14.3,,,
"Northeast PEI",Fortune,7/6/2020,9/21/2020,6666,0.56,OK,Homarus americanus,17.3,,,
"Northeast PEI",Fortune,7/6/2020,9/21/2020,6666,0.56,OK,Homarus americanus,21.3,M,,
"Northeast PEI",Fortune,7/6/2020,9/21/2020,6667,0.56,OK,Homarus americanus,35.1,F,,
"Northeast PEI",Fortune,7/6/2020,9/21/2020,6668,0.56,OK,Homarus americanus,10.8,,,
"Northeast PEI",Fortune,7/6/2020,9/21/2020,6668,0.56,OK,Homarus americanus,35.7,M,,
"Northeast PEI",Fortune,7/6/2020,9/21/2020,6669,0.56,OK,Homarus americanus,24.2,M,,
"Northeast PEI",Fortune,7/6/2020,9/21/2020,6669,0.56,OK,Homarus americanus,33.6,F,,
"Northeast PEI",Fortune,7/6/2020,9/21/2020,6670,0.56,OK,Homarus americanus,7.9,,,
"Northeast PEI",Fortune,7/6/2020,9/21/2020,6670,0.56,OK,Homarus americanus,14.9,,,
"Northeast PEI",Fortune,7/6/2020,9/21/2020,6670,0.56,OK,Homarus americanus,21.6,M,,
"Northeast PEI",Fortune,7/6/2020,9/21/2020,6670,0.56,OK,Homarus americanus,27.6,M,,
"Northeast PEI",Fortune,7/6/2020,9/21/2020,6670,0.56,OK,Homarus americanus,35.4,M,,
"Northeast PEI",Fortune,7/6/2020,9/21/2020,6671,0.56,OK,,,,,
"Northeast PEI",Fortune,7/6/2020,9/21/2020,6672,0.56,OK,Homarus americanus,10.7,,,
"Northeast PEI",Fortune,7/6/2020,9/21/2020,6672,0.56,OK,Homarus americanus,28.2,F,,
"Northeast PEI",Fortune,7/6/2020,9/21/2020,6673,0.56,OK,Homarus americanus,19.4,M,,
"Northeast PEI",Fortune,7/6/2020,9/21/2020,6674,0.56,OK,Homarus americanus,12.1,,,
"Northeast PEI",Fortune,7/6/2020,9/21/2020,6674,0.56,OK,Homarus americanus,20.6,M,,
"Northeast PEI",Fortune,7/6/2020,9/21/2020,6674,0.56,OK,Homarus americanus,35.3,M,,
"Northeast PEI",Fortune,7/6/2020,9/21/2020,6674,0.56,OK,Homarus americanus,44.4,M,,
"Northeast PEI",Fortune,7/6/2020,9/21/2020,6675,0.56,OK,Homarus americanus,9,,,
"Northeast PEI",Fortune,7/6/2020,9/21/2020,6676,0.56,OK,Homarus americanus,19.9,,,
"Northeast PEI",Fortune,7/6/2020,9/21/2020,6676,0.56,OK,Homarus americanus,41.8,M,,
"Northeast PEI",Fortune,7/6/2020,9/21/2020,6677,0.56,OK,Homarus americanus,11.5,,,
"Northeast PEI",Fortune,7/6/2020,9/21/2020,6678,0.56,OK,Homarus americanus,18.8,,,
"Northeast PEI",Fortune,7/6/2020,9/21/2020,6678,0.56,OK,Homarus americanus,28.6,F,,
"Northeast PEI",Fortune,7/6/2020,9/21/2020,6678,0.56,OK,Homarus americanus,39.2,F,,
"Northeast PEI",Fortune,7/6/2020,9/21/2020,6679,0.56,OK,Homarus americanus,8.4,,,
"Northeast PEI",Fortune,7/6/2020,9/21/2020,6679,0.56,OK,Homarus americanus,11.3,,,
"Northeast PEI",Fortune,7/6/2020,9/21/2020,6679,0.56,OK,Homarus americanus,25.5,M,,
"Northeast PEI",Fortune,7/6/2020,9/21/2020,6680,0.56,OK,Homarus americanus,11.3,,,
"Northeast PEI",Fortune,7/6/2020,9/21/2020,6680,0.56,OK,Homarus americanus,17.9,,,
"Northeast PEI",Fortune,7/6/2020,9/21/2020,6680,0.56,OK,Homarus americanus,25.9,F,,
"Northeast PEI",Fortune,7/6/2020,9/21/2020,6681,0.56,OK,Homarus americanus,8.3,,,
"Northeast PEI",Fortune,7/6/2020,9/21/2020,6681,0.56,OK,Homarus americanus,21.7,M,,
"Northeast PEI",Fortune,7/6/2020,9/21/2020,6682,0.56,OK,Homarus americanus,21.8,M,,
"Northeast PEI",Fortune,7/6/2020,9/21/2020,6682,0.56,OK,Homarus americanus,32.6,M,,
"Northeast PEI",Fortune,7/6/2020,9/21/2020,6683,0.56,OK,,,,,
"Northeast PEI",Fortune,7/6/2020,9/21/2020,6684,0.56,Lost,,,,,not recovered
"Northeast PEI",Fortune,7/6/2020,9/21/2020,6685,0.56,OK,Homarus americanus,10.3,,,
"Northeast PEI",Fortune,7/6/2020,9/21/2020,6685,0.56,OK,Homarus americanus,25.5,M,,
"Northeast PEI",Fortune,7/6/2020,9/21/2020,6686,0.56,OK,Homarus americanus,10.4,,,
"Northeast PEI",Fortune,7/6/2020,9/21/2020,6687,0.56,OK,Homarus americanus,15,,,
"Northeast PEI",Fortune,7/6/2020,9/21/2020,6687,0.56,OK,Homarus americanus,27.2,F,,
"Northeast PEI",Fortune,7/6/2020,9/21/2020,6688,0.56,OK,Homarus americanus,46.6,F,,
"Northeast PEI",Fortune,7/6/2020,9/21/2020,6689,0.56,OK,Homarus americanus,8.4,,,
"Northeast PEI",Fortune,7/6/2020,9/21/2020,6689,0.56,OK,Homarus americanus,15,,,
"Northeast PEI",Fortune,7/6/2020,9/21/2020,6689,0.56,OK,Homarus americanus,20.4,M,,
"Northeast PEI",Fortune,7/6/2020,9/21/2020,6689,0.56,OK,Homarus americanus,27.3,M,,
"Northeast PEI",Fortune,7/6/2020,9/21/2020,6690,0.56,OK,Homarus americanus,31,M,,
"Northeast PEI",Fortune,7/6/2020,9/21/2020,6691,0.56,OK,Homarus americanus,11.2,,,
"Northeast PEI",Fortune,7/6/2020,9/21/2020,6691,0.56,OK,Homarus americanus,28.7,F,,
"Northeast PEI",Fortune,7/6/2020,9/21/2020,6692,0.56,OK,Homarus americanus,17.5,,,
"Northeast PEI",Fortune,7/6/2020,9/21/2020,6692,0.56,OK,Homarus americanus,21.6,M,,
"Northeast PEI",Fortune,7/6/2020,9/21/2020,6692,0.56,OK,Homarus americanus,44.9,F,,
"Northeast PEI",Fortune,7/6/2020,9/21/2020,6693,0.56,OK,Homarus americanus,20.4,M,,
"Northeast PEI",Fortune,7/6/2020,9/21/2020,6694,0.56,OK,Homarus americanus,9.7,,,
"Northeast PEI",Fortune,7/6/2020,9/21/2020,6694,0.56,OK,Homarus americanus,22.9,F,,
"Northeast PEI",Fortune,7/6/2020,9/21/2020,6695,0.56,OK,Homarus americanus,10.3,,,
"Northeast PEI",Fortune,7/6/2020,9/21/2020,6695,0.56,OK,Homarus americanus,20.9,F,,
"Northeast PEI",Fortune,7/6/2020,9/21/2020,6695,0.56,OK,Homarus americanus,22.5,M,,
Southeast PEI,Murray River,7/9/2020,9/22/2020,6701,0.56,OK,Homarus americanus,10.7,,,
Southeast PEI,Murray River,7/9/2020,9/22/2020,6701,0.56,OK,Homarus americanus,27.9,F,,
Southeast PEI,Murray River,7/9/2020,9/22/2020,6702,0.56,OK,Homarus americanus,9.3,,,
Southeast PEI,Murray River,7/9/2020,9/22/2020,6702,0.56,OK,Homarus americanus,15.9,,,
Southeast PEI,Murray River,7/9/2020,9/22/2020,6702,0.56,OK,Homarus americanus,25,F,,
Southeast PEI,Murray River,7/9/2020,9/22/2020,6703,0.56,OK,Homarus americanus,22.9,M,,
Southeast PEI,Murray River,7/9/2020,9/22/2020,6704,0.56,OK,Homarus americanus,10.7,,,
Southeast PEI,Murray River,7/9/2020,9/22/2020,6704,0.56,OK,Homarus americanus,23.9,F,,
Southeast PEI,Murray River,7/9/2020,9/22/2020,6704,0.56,OK,Homarus americanus,31,F,,
Southeast PEI,Murray River,7/9/2020,9/22/2020,6705,0.56,OK,Homarus americanus,8.8,,,
Southeast PEI,Murray River,7/9/2020,9/22/2020,6705,0.56,OK,Homarus americanus,20.1,F,,
Southeast PEI,Murray River,7/9/2020,9/22/2020,6705,0.56,OK,Homarus americanus,26.3,F,,
Southeast PEI,Murray River,7/9/2020,9/22/2020,6706,0.56,OK,Homarus americanus,19.8,,,
Southeast PEI,Murray River,7/9/2020,9/22/2020,6706,0.56,OK,Homarus americanus,33.7,F,,
Southeast PEI,Murray River,7/9/2020,9/22/2020,6707,0.56,OK,Homarus americanus,9.8,,,
Southeast PEI,Murray River,7/9/2020,9/22/2020,6708,0.56,OK,Homarus americanus,9.9,,,
Southeast PEI,Murray River,7/9/2020,9/22/2020,6709,0.56,OK,Homarus americanus,28.5,F,,
Southeast PEI,Murray River,7/9/2020,9/22/2020,6710,0.56,OK,Homarus americanus,11.9,,,
Southeast PEI,Murray River,7/9/2020,9/22/2020,6711,0.56,OK,Homarus americanus,27.3,F,,
Southeast PEI,Murray River,7/9/2020,9/22/2020,6712,0.56,OK,Homarus americanus,42.3,F,,
Southeast PEI,Murray River,7/9/2020,9/22/2020,6713,0.56,OK,Homarus americanus,17.8,,,
Southeast PEI,Murray River,7/9/2020,9/22/2020,6713,0.56,OK,Homarus americanus,28.8,M,,
Southeast PEI,Murray River,7/9/2020,9/22/2020,6713,0.56,OK,Homarus americanus,29.5,M,,
Southeast PEI,Murray River,7/9/2020,9/22/2020,6714,0.56,OK,Homarus americanus,8.7,,,
Southeast PEI,Murray River,7/9/2020,9/22/2020,6714,0.56,OK,Homarus americanus,30.4,M,,
Southeast PEI,Murray River,7/9/2020,9/22/2020,6715,0.56,OK,Homarus americanus,9,,,
Southeast PEI,Murray River,7/9/2020,9/22/2020,6715,0.56,OK,Homarus americanus,27.9,M,,
Southeast PEI,Murray River,7/9/2020,9/22/2020,6716,0.56,OK,Homarus americanus,8.7,,,
Southeast PEI,Murray River,7/9/2020,9/22/2020,6716,0.56,OK,Homarus americanus,16.1,,,
Southeast PEI,Murray River,7/9/2020,9/22/2020,6717,0.56,OK,Homarus americanus,12.3,,,
Southeast PEI,Murray River,7/9/2020,9/22/2020,6717,0.56,OK,Homarus americanus,28.6,F,,
Southeast PEI,Murray River,7/9/2020,9/22/2020,6717,0.56,OK,Homarus americanus,41.1,M,,
Southeast PEI,Murray River,7/9/2020,9/22/2020,6718,0.56,OK,Homarus americanus,10.6,,,
Southeast PEI,Murray River,7/9/2020,9/22/2020,6718,0.56,OK,Homarus americanus,26.7,F,,
Southeast PEI,Murray River,7/9/2020,9/22/2020,6719,0.56,Lost,,,,,not recovered
Southeast PEI,Murray River,7/9/2020,9/22/2020,6720,0.56,OK,Homarus americanus,10.8,,,
Southeast PEI,Murray River,7/9/2020,9/22/2020,6721,0.56,OK,Homarus americanus,25.3,F,,
Southeast PEI,Murray River,7/9/2020,9/22/2020,6721,0.56,OK,Homarus americanus,39.1,M,,
Southeast PEI,Murray River,7/9/2020,9/22/2020,6722,0.56,OK,Homarus americanus,11.3,,,
Southeast PEI,Murray River,7/9/2020,9/22/2020,6722,0.56,OK,Homarus americanus,31,M,,
Southeast PEI,Murray River,7/9/2020,9/22/2020,6722,0.56,OK,Homarus americanus,43.4,F,,
Southeast PEI,Murray River,7/9/2020,9/22/2020,6723,0.56,OK,Homarus americanus,28.9,M,,
Southeast PEI,Murray River,7/9/2020,9/22/2020,6723,0.56,OK,Homarus americanus,39.3,M,,
Southeast PEI,Murray River,7/9/2020,9/22/2020,6724,0.56,OK,Homarus americanus,10.6,,,
Southeast PEI,Murray River,7/9/2020,9/22/2020,6724,0.56,OK,Homarus americanus,26.6,F,,
Southeast PEI,Murray River,7/9/2020,9/22/2020,6724,0.56,OK,Homarus americanus,31.3,M,,
Southeast PEI,Murray River,7/9/2020,9/22/2020,6725,0.56,OK,Homarus americanus,27.2,M,,
Southeast PEI,Murray River,7/9/2020,9/22/2020,6726,0.56,OK,Homarus americanus,11.7,,,
Southeast PEI,Murray River,7/9/2020,9/22/2020,6727,0.56,OK,Homarus americanus,6.2,,,
Southeast PEI,Murray River,7/9/2020,9/22/2020,6727,0.56,OK,Homarus americanus,11.2,,,
Southeast PEI,Murray River,7/9/2020,9/22/2020,6727,0.56,OK,Homarus americanus,36.6,F,,
Southeast PEI,Murray River,7/9/2020,9/22/2020,6728,0.56,OK,,,,,
Southeast PEI,Murray River,7/9/2020,9/22/2020,6729,0.56,OK,Homarus americanus,8.9,,,
Southeast PEI,Murray River,7/9/2020,9/22/2020,6729,0.56,OK,Homarus americanus,20.3,M,,
Southeast PEI,Murray River,7/9/2020,9/22/2020,6730,0.56,OK,Homarus americanus,10.2,,,
Central Northumberland,Nine Mile Creek,7/7/2020,10/5/2020,6801,0.56,OK,,,,,
Central Northumberland,Nine Mile Creek,7/7/2020,10/5/2020,6802,0.56,OK,,,,,
Central Northumberland,Nine Mile Creek,7/7/2020,10/5/2020,6803,0.56,OK,,,,,
Central Northumberland,Nine Mile Creek,7/7/2020,10/5/2020,6804,0.56,OK,,,,,
Central Northumberland,Nine Mile Creek,7/7/2020,10/5/2020,6805,0.56,OK,,,,,
Central Northumberland,Nine Mile Creek,7/7/2020,10/5/2020,6806,0.56,OK,,,,,
Central Northumberland,Nine Mile Creek,7/7/2020,10/5/2020,6807,0.56,OK,,,,,
Central Northumberland,Nine Mile Creek,7/7/2020,10/5/2020,6808,0.56,OK,,,,,
Central Northumberland,Nine Mile Creek,7/7/2020,10/5/2020,6809,0.56,OK,,,,,
Central Northumberland,Nine Mile Creek,7/7/2020,10/5/2020,6810,0.56,OK,,,,,
Central Northumberland,Nine Mile Creek,7/7/2020,10/5/2020,6811,0.56,OK,,,,,
Central Northumberland,Nine Mile Creek,7/7/2020,10/5/2020,6812,0.56,OK,,,,,
Central Northumberland,Nine Mile Creek,7/7/2020,10/5/2020,6813,0.56,OK,,,,,
Central Northumberland,Nine Mile Creek,7/7/2020,10/5/2020,6814,0.56,OK,,,,,
Central Northumberland,Nine Mile Creek,7/7/2020,10/5/2020,6815,0.56,OK,,,,,
Central Northumberland,Nine Mile Creek,7/7/2020,10/5/2020,6816,0.56,OK,,,,,
Central Northumberland,Nine Mile Creek,7/7/2020,10/5/2020,6817,0.56,OK,,,,,
Central Northumberland,Nine Mile Creek,7/7/2020,10/5/2020,6818,0.56,OK,,,,,
Central Northumberland,Nine Mile Creek,7/7/2020,10/5/2020,6819,0.56,OK,,,,,
Central Northumberland,Nine Mile Creek,7/7/2020,10/5/2020,6820,0.56,OK,,,,,
Central Northumberland,Nine Mile Creek,7/7/2020,10/5/2020,6821,0.56,OK,,,,,
Central Northumberland,Nine Mile Creek,7/7/2020,10/5/2020,6822,0.56,OK,,,,,
Central Northumberland,Nine Mile Creek,7/7/2020,10/5/2020,6823,0.56,OK,,,,,
Central Northumberland,Nine Mile Creek,7/7/2020,10/5/2020,6824,0.56,OK,,,,,
Central Northumberland,Nine Mile Creek,7/7/2020,10/5/2020,6825,0.56,OK,,,,,
Central Northumberland,Nine Mile Creek,7/7/2020,10/5/2020,6826,0.56,OK,,,,,
Central Northumberland,Nine Mile Creek,7/7/2020,10/5/2020,6827,0.56,OK,,,,,
Central Northumberland,Nine Mile Creek,7/7/2020,10/5/2020,6828,0.56,OK,,,,,
Central Northumberland,Nine Mile Creek,7/7/2020,10/5/2020,6829,0.56,OK,,,,,
Central Northumberland,Nine Mile Creek,7/7/2020,10/5/2020,6830,0.56,OK,,,,,
Northwest PEI,Skinner's Pond,6/25/2020,10/16/2020,6631,0.56,OK,Homarus americanus,7.7,,,
Northwest PEI,Skinner's Pond,6/25/2020,10/16/2020,6631,0.56,OK,Homarus americanus,10.5,,,
Northwest PEI,Skinner's Pond,6/25/2020,10/16/2020,6631,0.56,OK,Homarus americanus,13,,,
Northwest PEI,Skinner's Pond,6/25/2020,10/16/2020,6631,0.56,OK,Homarus americanus,14.9,,,
Northwest PEI,Skinner's Pond,6/25/2020,10/16/2020,6631,0.56,OK,Homarus americanus,15.6,,,
Northwest PEI,Skinner's Pond,6/25/2020,10/16/2020,6631,0.56,OK,Homarus americanus,26.3,F,,
Northwest PEI,Skinner's Pond,6/25/2020,10/16/2020,6632,0.56,OK,Homarus americanus,8.8,,,
Northwest PEI,Skinner's Pond,6/25/2020,10/16/2020,6632,0.56,OK,Homarus americanus,9.6,,,
Northwest PEI,Skinner's Pond,6/25/2020,10/16/2020,6632,0.56,OK,Homarus americanus,12.3,,,
Northwest PEI,Skinner's Pond,6/25/2020,10/16/2020,6632,0.56,OK,Homarus americanus,12.9,,,
Northwest PEI,Skinner's Pond,6/25/2020,10/16/2020,6632,0.56,OK,Homarus americanus,17.3,,,
Northwest PEI,Skinner's Pond,6/25/2020,10/16/2020,6632,0.56,OK,Homarus americanus,22.5,F,,
Northwest PEI,Skinner's Pond,6/25/2020,10/16/2020,6632,0.56,OK,Homarus americanus,24.6,F,,
Northwest PEI,Skinner's Pond,6/25/2020,10/16/2020,6633,0.56,OK,Homarus americanus,12.4,,,
Northwest PEI,Skinner's Pond,6/25/2020,10/16/2020,6633,0.56,OK,Homarus americanus,17.5,,,
Northwest PEI,Skinner's Pond,6/25/2020,10/16/2020,6633,0.56,OK,Homarus americanus,25.6,F,,
Northwest PEI,Skinner's Pond,6/25/2020,10/16/2020,6633,0.56,OK,Homarus americanus,27.8,F,,
Northwest PEI,Skinner's Pond,6/25/2020,10/16/2020,6633,0.56,OK,Homarus americanus,42.4,F,,
Northwest PEI,Skinner's Pond,6/25/2020,10/16/2020,6634,0.56,OK,Homarus americanus,7.8,,,
Northwest PEI,Skinner's Pond,6/25/2020,10/16/2020,6634,0.56,OK,Homarus americanus,10.6,,,
Northwest PEI,Skinner's Pond,6/25/2020,10/16/2020,6634,0.56,OK,Homarus americanus,12.3,,,
Northwest PEI,Skinner's Pond,6/25/2020,10/16/2020,6634,0.56,OK,Homarus americanus,15.5,,,
Northwest PEI,Skinner's Pond,6/25/2020,10/16/2020,6634,0.56,OK,Homarus americanus,15.8,,,
Northwest PEI,Skinner's Pond,6/25/2020,10/16/2020,6634,0.56,OK,Homarus americanus,32.1,M,,
Northwest PEI,Skinner's Pond,6/25/2020,10/16/2020,6635,0.56,OK,Homarus americanus,12.6,,,
Northwest PEI,Skinner's Pond,6/25/2020,10/16/2020,6635,0.56,OK,Homarus americanus,23.8,M,,
Northwest PEI,Skinner's Pond,6/25/2020,10/16/2020,6635,0.56,OK,Homarus americanus,30.8,M,,
Northwest PEI,Skinner's Pond,6/25/2020,10/16/2020,6635,0.56,OK,Homarus americanus,36.5,F,,
Northwest PEI,Skinner's Pond,6/25/2020,10/16/2020,6636,0.56,OK,,,,,
Northwest PEI,Skinner's Pond,6/25/2020,10/16/2020,6637,0.56,OK,,,,,
Northwest PEI,Skinner's Pond,6/25/2020,10/16/2020,6638,0.56,OK,,,,,
Northwest PEI,Skinner's Pond,6/25/2020,10/16/2020,6639,0.56,OK,,,,,
Northwest PEI,Skinner's Pond,6/25/2020,10/16/2020,6640,0.56,OK,,,,,
Northwest PEI,Skinner's Pond,6/25/2020,10/16/2020,6641,0.56,OK,Homarus americanus,8.8,,,
Northwest PEI,Skinner's Pond,6/25/2020,10/16/2020,6641,0.56,OK,Homarus americanus,10,,,
Northwest PEI,Skinner's Pond,6/25/2020,10/16/2020,6641,0.56,OK,Homarus americanus,19.7,,,
Northwest PEI,Skinner's Pond,6/25/2020,10/16/2020,6641,0.56,OK,Homarus americanus,24.7,M,,
Northwest PEI,Skinner's Pond,6/25/2020,10/16/2020,6641,0.56,OK,Homarus americanus,27.7,M,,
Northwest PEI,Skinner's Pond,6/25/2020,10/16/2020,6642,0.56,OK,Homarus americanus,11.3,,,
Northwest PEI,Skinner's Pond,6/25/2020,10/16/2020,6642,0.56,OK,Homarus americanus,15.4,,,
Northwest PEI,Skinner's Pond,6/25/2020,10/16/2020,6642,0.56,OK,Homarus americanus,16.5,,,
Northwest PEI,Skinner's Pond,6/25/2020,10/16/2020,6642,0.56,OK,Homarus americanus,20.8,M,,
Northwest PEI,Skinner's Pond,6/25/2020,10/16/2020,6642,0.56,OK,Homarus americanus,25.5,F,,
Northwest PEI,Skinner's Pond,6/25/2020,10/16/2020,6642,0.56,OK,Homarus americanus,27.3,M,,
Northwest PEI,Skinner's Pond,6/25/2020,10/16/2020,6643,0.56,OK,Homarus americanus,8.6,,,
Northwest PEI,Skinner's Pond,6/25/2020,10/16/2020,6643,0.56,OK,Homarus americanus,10.3,,,
Northwest PEI,Skinner's Pond,6/25/2020,10/16/2020,6643,0.56,OK,Homarus americanus,12.2,,,
Northwest PEI,Skinner's Pond,6/25/2020,10/16/2020,6643,0.56,OK,Homarus americanus,12.7,,,
Northwest PEI,Skinner's Pond,6/25/2020,10/16/2020,6643,0.56,OK,Homarus americanus,13.3,,,
Northwest PEI,Skinner's Pond,6/25/2020,10/16/2020,6643,0.56,OK,Homarus americanus,14.6,,,
Northwest PEI,Skinner's Pond,6/25/2020,10/16/2020,6643,0.56,OK,Homarus americanus,17.5,,,
Northwest PEI,Skinner's Pond,6/25/2020,10/16/2020,6643,0.56,OK,Homarus americanus,23.8,F,,
Northwest PEI,Skinner's Pond,6/25/2020,10/16/2020,6643,0.56,OK,Homarus americanus,32.6,M,,
Northwest PEI,Skinner's Pond,6/25/2020,10/16/2020,6644,0.56,OK,Homarus americanus,19.4,,,
Northwest PEI,Skinner's Pond,6/25/2020,10/16/2020,6644,0.56,OK,Homarus americanus,23.8,M,,
Northwest PEI,Skinner's Pond,6/25/2020,10/16/2020,6645,0.56,OK,Homarus americanus,9.2,,,
Northwest PEI,Skinner's Pond,6/25/2020,10/16/2020,6645,0.56,OK,Homarus americanus,9.8,,,
Northwest PEI,Skinner's Pond,6/25/2020,10/16/2020,6645,0.56,OK,Homarus americanus,10.8,,,
Northwest PEI,Skinner's Pond,6/25/2020,10/16/2020,6645,0.56,OK,Homarus americanus,11.5,,,
Northwest PEI,Skinner's Pond,6/25/2020,10/16/2020,6645,0.56,OK,Homarus americanus,15.9,,,
Northwest PEI,Skinner's Pond,6/25/2020,10/16/2020,6645,0.56,OK,Homarus americanus,19.1,,,
Northwest PEI,Skinner's Pond,6/25/2020,10/16/2020,6645,0.56,OK,Homarus americanus,29.2,M,,
Northwest PEI,Skinner's Pond,6/25/2020,10/16/2020,6646,0.56,OK,Homarus americanus,9.3,,,
Northwest PEI,Skinner's Pond,6/25/2020,10/16/2020,6646,0.56,OK,Homarus americanus,10,,,
Northwest PEI,Skinner's Pond,6/25/2020,10/16/2020,6646,0.56,OK,Homarus americanus,12,,,
Northwest PEI,Skinner's Pond,6/25/2020,10/16/2020,6646,0.56,OK,Homarus americanus,12.1,,,
Northwest PEI,Skinner's Pond,6/25/2020,10/16/2020,6646,0.56,OK,Homarus americanus,12.3,,,
Northwest PEI,Skinner's Pond,6/25/2020,10/16/2020,6646,0.56,OK,Homarus americanus,17,,,
Northwest PEI,Skinner's Pond,6/25/2020,10/16/2020,6646,0.56,OK,Homarus americanus,17.8,,,
Northwest PEI,Skinner's Pond,6/25/2020,10/16/2020,6646,0.56,OK,Homarus americanus,18.9,,,
Northwest PEI,Skinner's Pond,6/25/2020,10/16/2020,6646,0.56,OK,Homarus americanus,27.6,f,,
Northwest PEI,Skinner's Pond,6/25/2020,10/16/2020,6647,0.56,OK,Homarus americanus,6.8,,,
Northwest PEI,Skinner's Pond,6/25/2020,10/16/2020,6647,0.56,OK,Homarus americanus,9.9,,,
Northwest PEI,Skinner's Pond,6/25/2020,10/16/2020,6647,0.56,OK,Homarus americanus,10,,,
Northwest PEI,Skinner's Pond,6/25/2020,10/16/2020,6647,0.56,OK,Homarus americanus,10.5,,,
Northwest PEI,Skinner's Pond,6/25/2020,10/16/2020,6647,0.56,OK,Homarus americanus,11.2,,,
Northwest PEI,Skinner's Pond,6/25/2020,10/16/2020,6647,0.56,OK,Homarus americanus,15.3,,,
Northwest PEI,Skinner's Pond,6/25/2020,10/16/2020,6647,0.56,OK,Homarus americanus,17.9,,,
Northwest PEI,Skinner's Pond,6/25/2020,10/16/2020,6647,0.56,OK,Homarus americanus,20.8,m,,
Northwest PEI,Skinner's Pond,6/25/2020,10/16/2020,6647,0.56,OK,Homarus americanus,24.1,m,,
Northwest PEI,Skinner's Pond,6/25/2020,10/16/2020,6648,0.56,OK,Homarus americanus,10.3,,,
Northwest PEI,Skinner's Pond,6/25/2020,10/16/2020,6648,0.56,OK,Homarus americanus,11.5,,,
Northwest PEI,Skinner's Pond,6/25/2020,10/16/2020,6648,0.56,OK,Homarus americanus,15.9,,,
Northwest PEI,Skinner's Pond,6/25/2020,10/16/2020,6648,0.56,OK,Homarus americanus,15.9,,,
Northwest PEI,Skinner's Pond,6/25/2020,10/16/2020,6648,0.56,OK,Homarus americanus,22.1,M,,
Northwest PEI,Skinner's Pond,6/25/2020,10/16/2020,6648,0.56,OK,Homarus americanus,29.5,M,,
Northwest PEI,Skinner's Pond,6/25/2020,10/16/2020,6649,0.56,OK,Homarus americanus,8.9,,,
Northwest PEI,Skinner's Pond,6/25/2020,10/16/2020,6649,0.56,OK,Homarus americanus,8.9,,,
Northwest PEI,Skinner's Pond,6/25/2020,10/16/2020,6649,0.56,OK,Homarus americanus,8.9,,,
Northwest PEI,Skinner's Pond,6/25/2020,10/16/2020,6649,0.56,OK,Homarus americanus,9.3,,,
Northwest PEI,Skinner's Pond,6/25/2020,10/16/2020,6649,0.56,OK,Homarus americanus,10.2,,,
Northwest PEI,Skinner's Pond,6/25/2020,10/16/2020,6649,0.56,OK,Homarus americanus,11,,,
Northwest PEI,Skinner's Pond,6/25/2020,10/16/2020,6649,0.56,OK,Homarus americanus,15.8,,,
Northwest PEI,Skinner's Pond,6/25/2020,10/16/2020,6649,0.56,OK,Homarus americanus,16.3,,,
Northwest PEI,Skinner's Pond,6/25/2020,10/16/2020,6649,0.56,OK,Homarus americanus,17.6,,,
Northwest PEI,Skinner's Pond,6/25/2020,10/16/2020,6649,0.56,OK,Homarus americanus,21.6,M,,
Northwest PEI,Skinner's Pond,6/25/2020,10/16/2020,6649,0.56,OK,Homarus americanus,25.4,M,,
Northwest PEI,Skinner's Pond,6/25/2020,10/16/2020,6649,0.56,OK,Homarus americanus,34.2,M,,
Northwest PEI,Skinner's Pond,6/25/2020,10/16/2020,6650,0.56,OK,Homarus americanus,7.5,,,
Northwest PEI,Skinner's Pond,6/25/2020,10/16/2020,6650,0.56,OK,Homarus americanus,7.9,,,
Northwest PEI,Skinner's Pond,6/25/2020,10/16/2020,6650,0.56,OK,Homarus americanus,8.4,,,
Northwest PEI,Skinner's Pond,6/25/2020,10/16/2020,6650,0.56,OK,Homarus americanus,9.1,,,
Northwest PEI,Skinner's Pond,6/25/2020,10/16/2020,6650,0.56,OK,Homarus americanus,11.2,,,
Northwest PEI,Skinner's Pond,6/25/2020,10/16/2020,6650,0.56,OK,Homarus americanus,13.5,,,
Northwest PEI,Skinner's Pond,6/25/2020,10/16/2020,6650,0.56,OK,Homarus americanus,14.2,,,
Northwest PEI,Skinner's Pond,6/25/2020,10/16/2020,6650,0.56,OK,Homarus americanus,21.8,F,,
Northwest PEI,Skinner's Pond,6/25/2020,10/16/2020,6651,0.56,OK,Homarus americanus,9.8,,,
Northwest PEI,Skinner's Pond,6/25/2020,10/16/2020,6651,0.56,OK,Homarus americanus,10.4,,,
Northwest PEI,Skinner's Pond,6/25/2020,10/16/2020,6651,0.56,OK,Homarus americanus,17.1,,,
Northwest PEI,Skinner's Pond,6/25/2020,10/16/2020,6651,0.56,OK,Homarus americanus,18.9,,,
Northwest PEI,Skinner's Pond,6/25/2020,10/16/2020,6651,0.56,OK,Homarus americanus,22.9,f,,
Northwest PEI,Skinner's Pond,6/25/2020,10/16/2020,6651,0.56,OK,Homarus americanus,28,m,,
Northwest PEI,Skinner's Pond,6/25/2020,10/16/2020,6652,0.56,OK,Homarus americanus,7.8,,,
Northwest PEI,Skinner's Pond,6/25/2020,10/16/2020,6652,0.56,OK,Homarus americanus,9.5,,,
Northwest PEI,Skinner's Pond,6/25/2020,10/16/2020,6652,0.56,OK,Homarus americanus,9.8,,,
Northwest PEI,Skinner's Pond,6/25/2020,10/16/2020,6652,0.56,OK,Homarus americanus,11.7,,,
Northwest PEI,Skinner's Pond,6/25/2020,10/16/2020,6652,0.56,OK,Homarus americanus,12.6,,,
Northwest PEI,Skinner's Pond,6/25/2020,10/16/2020,6652,0.56,OK,Homarus americanus,15.1,,,
Northwest PEI,Skinner's Pond,6/25/2020,10/16/2020,6652,0.56,OK,Homarus americanus,17.9,,,
Northwest PEI,Skinner's Pond,6/25/2020,10/16/2020,6652,0.56,OK,Homarus americanus,19.2,,,
Northwest PEI,Skinner's Pond,6/25/2020,10/16/2020,6652,0.56,OK,Homarus americanus,22.6,M,,
Northwest PEI,Skinner's Pond,6/25/2020,10/16/2020,6652,0.56,OK,Homarus americanus,30.7,F,,
Northwest PEI,Skinner's Pond,6/25/2020,10/16/2020,6653,0.56,OK,Homarus americanus,8.2,,,
Northwest PEI,Skinner's Pond,6/25/2020,10/16/2020,6653,0.56,OK,Homarus americanus,9,,,
Northwest PEI,Skinner's Pond,6/25/2020,10/16/2020,6653,0.56,OK,Homarus americanus,9.6,,,
Northwest PEI,Skinner's Pond,6/25/2020,10/16/2020,6653,0.56,OK,Homarus americanus,9.7,,,
Northwest PEI,Skinner's Pond,6/25/2020,10/16/2020,6653,0.56,OK,Homarus americanus,10.8,,,
Northwest PEI,Skinner's Pond,6/25/2020,10/16/2020,6653,0.56,OK,Homarus americanus,11.7,,,
Northwest PEI,Skinner's Pond,6/25/2020,10/16/2020,6653,0.56,OK,Homarus americanus,12.2,,,
Northwest PEI,Skinner's Pond,6/25/2020,10/16/2020,6653,0.56,OK,Homarus americanus,16.9,,,
Northwest PEI,Skinner's Pond,6/25/2020,10/16/2020,6653,0.56,OK,Homarus americanus,18.9,,,
Northwest PEI,Skinner's Pond,6/25/2020,10/16/2020,6653,0.56,OK,Homarus americanus,19.5,,,
Northwest PEI,Skinner's Pond,6/25/2020,10/16/2020,6653,0.56,OK,Homarus americanus,19.9,,,
Northwest PEI,Skinner's Pond,6/25/2020,10/16/2020,6653,0.56,OK,Homarus americanus,23,M,,
Northwest PEI,Skinner's Pond,6/25/2020,10/16/2020,6653,0.56,OK,Homarus americanus,24.8,M,,
Northwest PEI,Skinner's Pond,6/25/2020,10/16/2020,6653,0.56,OK,Homarus americanus,28.8,F,,
Northwest PEI,Skinner's Pond,6/25/2020,10/16/2020,6654,0.56,OK,Homarus americanus,9.5,,,
Northwest PEI,Skinner's Pond,6/25/2020,10/16/2020,6654,0.56,OK,Homarus americanus,9.6,,,
Northwest PEI,Skinner's Pond,6/25/2020,10/16/2020,6654,0.56,OK,Homarus americanus,10.8,,,
Northwest PEI,Skinner's Pond,6/25/2020,10/16/2020,6654,0.56,OK,Homarus americanus,13.5,,,
Northwest PEI,Skinner's Pond,6/25/2020,10/16/2020,6654,0.56,OK,Homarus americanus,17.9,,,
Northwest PEI,Skinner's Pond,6/25/2020,10/16/2020,6654,0.56,OK,Homarus americanus,18.5,,,
Northwest PEI,Skinner's Pond,6/25/2020,10/16/2020,6654,0.56,OK,Homarus americanus,26.5,M,,
Northwest PEI,Skinner's Pond,6/25/2020,10/16/2020,6654,0.56,OK,Homarus americanus,31.3,M,,
Northwest PEI,Skinner's Pond,6/25/2020,10/16/2020,6655,0.56,OK,Homarus americanus,11.9,,,
Northwest PEI,Skinner's Pond,6/25/2020,10/16/2020,6655,0.56,OK,Homarus americanus,14.8,,,
Northwest PEI,Skinner's Pond,6/25/2020,10/16/2020,6655,0.56,OK,Homarus americanus,18,,,
Northwest PEI,Skinner's Pond,6/25/2020,10/16/2020,6655,0.56,OK,Homarus americanus,20.8,F,,
Northwest PEI,Skinner's Pond,6/25/2020,10/16/2020,6655,0.56,OK,Homarus americanus,22,F,,
Northwest PEI,Skinner's Pond,6/25/2020,10/16/2020,6655,0.56,OK,Homarus americanus,34.6,F,,
Northwest PEI,Skinner's Pond,6/25/2020,10/16/2020,6656,0.56,OK,Homarus americanus,7.6,,,
Northwest PEI,Skinner's Pond,6/25/2020,10/16/2020,6656,0.56,OK,Homarus americanus,9.4,,,
Northwest PEI,Skinner's Pond,6/25/2020,10/16/2020,6656,0.56,OK,Homarus americanus,12.1,,,
Northwest PEI,Skinner's Pond,6/25/2020,10/16/2020,6656,0.56,OK,Homarus americanus,12.7,,,
Northwest PEI,Skinner's Pond,6/25/2020,10/16/2020,6656,0.56,OK,Homarus americanus,14.8,,,
Northwest PEI,Skinner's Pond,6/25/2020,10/16/2020,6656,0.56,OK,Homarus americanus,17.3,,,
Northwest PEI,Skinner's Pond,6/25/2020,10/16/2020,6656,0.56,OK,Homarus americanus,23.4,M,,
Northwest PEI,Skinner's Pond,6/25/2020,10/16/2020,6656,0.56,OK,Homarus americanus,28.7,M,,
Northwest PEI,Skinner's Pond,6/25/2020,10/16/2020,6656,0.56,OK,Homarus americanus,37.7,F,,
Northwest PEI,Skinner's Pond,6/25/2020,10/16/2020,6657,0.56,OK,,,,,
Northwest PEI,Skinner's Pond,6/25/2020,10/16/2020,6658,0.56,OK,Homarus americanus,7.7,,,
Northwest PEI,Skinner's Pond,6/25/2020,10/16/2020,6658,0.56,OK,Homarus americanus,9.8,,,
Northwest PEI,Skinner's Pond,6/25/2020,10/16/2020,6658,0.56,OK,Homarus americanus,17.8,,,
Northwest PEI,Skinner's Pond,6/25/2020,10/16/2020,6658,0.56,OK,Homarus americanus,18.9,,,
Northwest PEI,Skinner's Pond,6/25/2020,10/16/2020,6658,0.56,OK,Homarus americanus,39.5,F,,
Northwest PEI,Skinner's Pond,6/25/2020,10/16/2020,6659,0.56,OK,Homarus americanus,8.5,,,
Northwest PEI,Skinner's Pond,6/25/2020,10/16/2020,6659,0.56,OK,Homarus americanus,9.6,,,
Northwest PEI,Skinner's Pond,6/25/2020,10/16/2020,6659,0.56,OK,Homarus americanus,11.4,,,
Northwest PEI,Skinner's Pond,6/25/2020,10/16/2020,6659,0.56,OK,Homarus americanus,13.4,,,
Northwest PEI,Skinner's Pond,6/25/2020,10/16/2020,6659,0.56,OK,Homarus americanus,13.6,,,
Northwest PEI,Skinner's Pond,6/25/2020,10/16/2020,6659,0.56,OK,Homarus americanus,13.6,,,
Northwest PEI,Skinner's Pond,6/25/2020,10/16/2020,6659,0.56,OK,Homarus americanus,18.1,,,
Northwest PEI,Skinner's Pond,6/25/2020,10/16/2020,6659,0.56,OK,Homarus americanus,27.9,M,,
Northwest PEI,Skinner's Pond,6/25/2020,10/16/2020,6659,0.56,OK,Homarus americanus,42.9,F,,
Northwest PEI,Skinner's Pond,6/25/2020,10/16/2020,6660,0.56,OK,Homarus americanus,8.1,,,
Northwest PEI,Skinner's Pond,6/25/2020,10/16/2020,6660,0.56,OK,Homarus americanus,12.5,,,
Northwest PEI,Skinner's Pond,6/25/2020,10/16/2020,6660,0.56,OK,Homarus americanus,15.8,,,
Northwest PEI,Skinner's Pond,6/25/2020,10/16/2020,6660,0.56,OK,Homarus americanus,16.8,,,
Northwest PEI,Skinner's Pond,6/25/2020,10/16/2020,6660,0.56,OK,Homarus americanus,21.8,F,,
Northwest PEI,Skinner's Pond,6/25/2020,10/16/2020,6660,0.56,OK,Homarus americanus,25.9,M,,
